ISO-10303-21;
HEADER;
/* Generated by software containing ST-Developer
 * from STEP Tools, Inc. (www.steptools.com) 
 */
/* OPTION: using custom renumber hook */

FILE_DESCRIPTION(
/* description */ ('STEP AP242 Edition 2',
'CAx-IF Rec.Pracs.---Representation and Presentation of Product Manufa
cturing Information (PMI)---4.0---2014-10-13',
'CAx-IF Rec.Pracs.---3D Tessellated Geometry---0.4---2014-09-14','2;1',
'CAx-IF Rec.Pracs.---User Defined Attributes---1.5---2016-08-15'),
/* implementation_level */ '2;1');

FILE_NAME(
/* name */ 'Part Studio 1 - Top Plate',
/* time_stamp */ '2026-06-27T17:59:26Z',
/* author */ (''),
/* organization */ (''),
/* preprocessor_version */ 'ST-DEVELOPER v20',
/* originating_system */ 'ONSHAPE BY PTC INC, 1.217',
/* authorisation */ '  ');

FILE_SCHEMA (('AP242_MANAGED_MODEL_BASED_3D_ENGINEERING_MIM_LF { 1 0 10303 442 3 1 4 }'));
ENDSEC;

DATA;
#10=SHAPE_REPRESENTATION_RELATIONSHIP('','',#6002,#11);
#11=ADVANCED_BREP_SHAPE_REPRESENTATION('',(#6000),#10268);
#12=CYLINDRICAL_SURFACE('',#6034,0.002425);
#13=CYLINDRICAL_SURFACE('',#6037,0.002425);
#14=CYLINDRICAL_SURFACE('',#6040,0.002425);
#15=CYLINDRICAL_SURFACE('',#6043,0.002425);
#16=CYLINDRICAL_SURFACE('',#6046,0.002425);
#17=CYLINDRICAL_SURFACE('',#6049,0.002425);
#18=CYLINDRICAL_SURFACE('',#6056,0.002425);
#19=CYLINDRICAL_SURFACE('',#6059,0.002425);
#20=CYLINDRICAL_SURFACE('',#6062,0.002425);
#21=CYLINDRICAL_SURFACE('',#6065,0.002425);
#22=CYLINDRICAL_SURFACE('',#6068,0.002425);
#23=CYLINDRICAL_SURFACE('',#6074,0.002425);
#24=CYLINDRICAL_SURFACE('',#6077,0.002425);
#25=CYLINDRICAL_SURFACE('',#6080,0.002425);
#26=CYLINDRICAL_SURFACE('',#6083,0.002425);
#27=CYLINDRICAL_SURFACE('',#6087,0.002425);
#28=CYLINDRICAL_SURFACE('',#6099,0.00201024667572952);
#29=CYLINDRICAL_SURFACE('',#6114,0.000676274687953094);
#30=CYLINDRICAL_SURFACE('',#6135,0.00555139311387208);
#31=CYLINDRICAL_SURFACE('',#6138,0.00458069545923749);
#32=CYLINDRICAL_SURFACE('',#6148,0.000428038651028114);
#33=CYLINDRICAL_SURFACE('',#6156,0.00676058873331638);
#34=CYLINDRICAL_SURFACE('',#6174,0.000831529576390575);
#35=CYLINDRICAL_SURFACE('',#6178,0.00174476188447152);
#36=CYLINDRICAL_SURFACE('',#6184,0.0139941142195348);
#37=CYLINDRICAL_SURFACE('',#6187,0.00912049911982143);
#38=CYLINDRICAL_SURFACE('',#6202,0.00601591809869311);
#39=CYLINDRICAL_SURFACE('',#6205,0.00530787968935355);
#40=CYLINDRICAL_SURFACE('',#6208,0.00398020440410662);
#41=CYLINDRICAL_SURFACE('',#6211,0.00517762837460603);
#42=CYLINDRICAL_SURFACE('',#6216,0.00167689395786402);
#43=CYLINDRICAL_SURFACE('',#6236,0.00135);
#44=CYLINDRICAL_SURFACE('',#6238,0.00135);
#45=CYLINDRICAL_SURFACE('',#6240,0.00135);
#46=CYLINDRICAL_SURFACE('',#6242,0.00135);
#47=CYLINDRICAL_SURFACE('',#6252,0.235245318825802);
#48=CYLINDRICAL_SURFACE('',#6259,0.0682546148777724);
#49=CYLINDRICAL_SURFACE('',#6262,0.101545160491185);
#50=CYLINDRICAL_SURFACE('',#6268,0.977246405690529);
#51=CYLINDRICAL_SURFACE('',#6273,0.014055441481081);
#52=CYLINDRICAL_SURFACE('',#6276,0.0297217534077575);
#53=CYLINDRICAL_SURFACE('',#6279,0.0171426696882415);
#54=CYLINDRICAL_SURFACE('',#6304,0.0034798);
#55=CYLINDRICAL_SURFACE('',#6305,0.0034798);
#56=CYLINDRICAL_SURFACE('',#6306,0.0034798);
#57=CYLINDRICAL_SURFACE('',#6307,0.0034798);
#58=B_SPLINE_CURVE_WITH_KNOTS('',2,(#7636,#7637,#7638),.UNSPECIFIED.,.F.,
 .F.,(3,3),(0.,1.),.PIECEWISE_BEZIER_KNOTS.);
#59=B_SPLINE_CURVE_WITH_KNOTS('',2,(#7642,#7643,#7644),.UNSPECIFIED.,.F.,
 .F.,(3,3),(0.,1.),.PIECEWISE_BEZIER_KNOTS.);
#60=B_SPLINE_CURVE_WITH_KNOTS('',2,(#7659,#7660,#7661),.UNSPECIFIED.,.F.,
 .F.,(3,3),(0.,1.),.PIECEWISE_BEZIER_KNOTS.);
#61=B_SPLINE_CURVE_WITH_KNOTS('',2,(#7665,#7666,#7667),.UNSPECIFIED.,.F.,
 .F.,(3,3),(0.,1.),.PIECEWISE_BEZIER_KNOTS.);
#62=B_SPLINE_CURVE_WITH_KNOTS('',2,(#7682,#7683,#7684),.UNSPECIFIED.,.F.,
 .F.,(3,3),(0.,1.),.PIECEWISE_BEZIER_KNOTS.);
#63=B_SPLINE_CURVE_WITH_KNOTS('',2,(#7688,#7689,#7690),.UNSPECIFIED.,.F.,
 .F.,(3,3),(0.,1.),.PIECEWISE_BEZIER_KNOTS.);
#64=B_SPLINE_CURVE_WITH_KNOTS('',2,(#7705,#7706,#7707),.UNSPECIFIED.,.F.,
 .F.,(3,3),(0.,1.),.PIECEWISE_BEZIER_KNOTS.);
#65=B_SPLINE_CURVE_WITH_KNOTS('',2,(#7711,#7712,#7713),.UNSPECIFIED.,.F.,
 .F.,(3,3),(0.,1.),.PIECEWISE_BEZIER_KNOTS.);
#66=B_SPLINE_CURVE_WITH_KNOTS('',2,(#7924,#7925,#7926),.UNSPECIFIED.,.F.,
 .F.,(3,3),(0.,1.),.PIECEWISE_BEZIER_KNOTS.);
#67=B_SPLINE_CURVE_WITH_KNOTS('',2,(#7930,#7931,#7932),.UNSPECIFIED.,.F.,
 .F.,(3,3),(0.,1.),.PIECEWISE_BEZIER_KNOTS.);
#68=B_SPLINE_CURVE_WITH_KNOTS('',2,(#8007,#8008,#8009),.UNSPECIFIED.,.F.,
 .F.,(3,3),(0.,1.),.PIECEWISE_BEZIER_KNOTS.);
#69=B_SPLINE_CURVE_WITH_KNOTS('',2,(#8013,#8014,#8015),.UNSPECIFIED.,.F.,
 .F.,(3,3),(0.,1.),.PIECEWISE_BEZIER_KNOTS.);
#70=B_SPLINE_CURVE_WITH_KNOTS('',2,(#8024,#8025,#8026),.UNSPECIFIED.,.F.,
 .F.,(3,3),(0.,1.),.PIECEWISE_BEZIER_KNOTS.);
#71=B_SPLINE_CURVE_WITH_KNOTS('',2,(#8030,#8031,#8032),.UNSPECIFIED.,.F.,
 .F.,(3,3),(0.,1.),.PIECEWISE_BEZIER_KNOTS.);
#72=B_SPLINE_CURVE_WITH_KNOTS('',2,(#8050,#8051,#8052),.UNSPECIFIED.,.F.,
 .F.,(3,3),(0.,1.),.PIECEWISE_BEZIER_KNOTS.);
#73=B_SPLINE_CURVE_WITH_KNOTS('',2,(#8056,#8057,#8058),.UNSPECIFIED.,.F.,
 .F.,(3,3),(0.,1.),.PIECEWISE_BEZIER_KNOTS.);
#74=B_SPLINE_CURVE_WITH_KNOTS('',2,(#8067,#8068,#8069),.UNSPECIFIED.,.F.,
 .F.,(3,3),(0.,1.),.PIECEWISE_BEZIER_KNOTS.);
#75=B_SPLINE_CURVE_WITH_KNOTS('',2,(#8073,#8074,#8075),.UNSPECIFIED.,.F.,
 .F.,(3,3),(0.,1.),.PIECEWISE_BEZIER_KNOTS.);
#76=B_SPLINE_CURVE_WITH_KNOTS('',2,(#8084,#8085,#8086),.UNSPECIFIED.,.F.,
 .F.,(3,3),(0.,1.),.PIECEWISE_BEZIER_KNOTS.);
#77=B_SPLINE_CURVE_WITH_KNOTS('',2,(#8090,#8091,#8092),.UNSPECIFIED.,.F.,
 .F.,(3,3),(0.,1.),.PIECEWISE_BEZIER_KNOTS.);
#78=B_SPLINE_CURVE_WITH_KNOTS('',2,(#8113,#8114,#8115),.UNSPECIFIED.,.F.,
 .F.,(3,3),(0.,1.),.PIECEWISE_BEZIER_KNOTS.);
#79=B_SPLINE_CURVE_WITH_KNOTS('',2,(#8119,#8120,#8121),.UNSPECIFIED.,.F.,
 .F.,(3,3),(0.,1.),.PIECEWISE_BEZIER_KNOTS.);
#80=B_SPLINE_CURVE_WITH_KNOTS('',2,(#8130,#8131,#8132),.UNSPECIFIED.,.F.,
 .F.,(3,3),(0.,1.),.PIECEWISE_BEZIER_KNOTS.);
#81=B_SPLINE_CURVE_WITH_KNOTS('',2,(#8136,#8137,#8138),.UNSPECIFIED.,.F.,
 .F.,(3,3),(0.,1.),.PIECEWISE_BEZIER_KNOTS.);
#82=B_SPLINE_CURVE_WITH_KNOTS('',2,(#8147,#8148,#8149),.UNSPECIFIED.,.F.,
 .F.,(3,3),(0.,1.),.PIECEWISE_BEZIER_KNOTS.);
#83=B_SPLINE_CURVE_WITH_KNOTS('',2,(#8153,#8154,#8155),.UNSPECIFIED.,.F.,
 .F.,(3,3),(0.,1.),.PIECEWISE_BEZIER_KNOTS.);
#84=B_SPLINE_CURVE_WITH_KNOTS('',2,(#8164,#8165,#8166),.UNSPECIFIED.,.F.,
 .F.,(3,3),(0.,1.),.PIECEWISE_BEZIER_KNOTS.);
#85=B_SPLINE_CURVE_WITH_KNOTS('',2,(#8170,#8171,#8172),.UNSPECIFIED.,.F.,
 .F.,(3,3),(0.,1.),.PIECEWISE_BEZIER_KNOTS.);
#86=B_SPLINE_CURVE_WITH_KNOTS('',2,(#8181,#8182,#8183),.UNSPECIFIED.,.F.,
 .F.,(3,3),(0.,1.),.PIECEWISE_BEZIER_KNOTS.);
#87=B_SPLINE_CURVE_WITH_KNOTS('',2,(#8187,#8188,#8189),.UNSPECIFIED.,.F.,
 .F.,(3,3),(0.,1.),.PIECEWISE_BEZIER_KNOTS.);
#88=B_SPLINE_CURVE_WITH_KNOTS('',2,(#8198,#8199,#8200),.UNSPECIFIED.,.F.,
 .F.,(3,3),(0.,1.),.PIECEWISE_BEZIER_KNOTS.);
#89=B_SPLINE_CURVE_WITH_KNOTS('',2,(#8204,#8205,#8206),.UNSPECIFIED.,.F.,
 .F.,(3,3),(0.,1.),.PIECEWISE_BEZIER_KNOTS.);
#90=B_SPLINE_CURVE_WITH_KNOTS('',2,(#8215,#8216,#8217),.UNSPECIFIED.,.F.,
 .F.,(3,3),(0.,1.),.PIECEWISE_BEZIER_KNOTS.);
#91=B_SPLINE_CURVE_WITH_KNOTS('',2,(#8222,#8223,#8224),.UNSPECIFIED.,.F.,
 .F.,(3,3),(0.,1.),.PIECEWISE_BEZIER_KNOTS.);
#92=B_SPLINE_CURVE_WITH_KNOTS('',2,(#8235,#8236,#8237),.UNSPECIFIED.,.F.,
 .F.,(3,3),(0.,1.),.PIECEWISE_BEZIER_KNOTS.);
#93=B_SPLINE_CURVE_WITH_KNOTS('',2,(#8241,#8242,#8243),.UNSPECIFIED.,.F.,
 .F.,(3,3),(0.,1.),.PIECEWISE_BEZIER_KNOTS.);
#94=B_SPLINE_CURVE_WITH_KNOTS('',2,(#8252,#8253,#8254),.UNSPECIFIED.,.F.,
 .F.,(3,3),(0.,1.),.PIECEWISE_BEZIER_KNOTS.);
#95=B_SPLINE_CURVE_WITH_KNOTS('',2,(#8258,#8259,#8260),.UNSPECIFIED.,.F.,
 .F.,(3,3),(0.,1.),.PIECEWISE_BEZIER_KNOTS.);
#96=B_SPLINE_CURVE_WITH_KNOTS('',2,(#8269,#8270,#8271),.UNSPECIFIED.,.F.,
 .F.,(3,3),(0.,1.),.PIECEWISE_BEZIER_KNOTS.);
#97=B_SPLINE_CURVE_WITH_KNOTS('',2,(#8275,#8276,#8277),.UNSPECIFIED.,.F.,
 .F.,(3,3),(0.,1.),.PIECEWISE_BEZIER_KNOTS.);
#98=B_SPLINE_CURVE_WITH_KNOTS('',2,(#8286,#8287,#8288),.UNSPECIFIED.,.F.,
 .F.,(3,3),(0.,1.),.PIECEWISE_BEZIER_KNOTS.);
#99=B_SPLINE_CURVE_WITH_KNOTS('',2,(#8292,#8293,#8294),.UNSPECIFIED.,.F.,
 .F.,(3,3),(0.,1.),.PIECEWISE_BEZIER_KNOTS.);
#100=B_SPLINE_CURVE_WITH_KNOTS('',2,(#8309,#8310,#8311),.UNSPECIFIED.,.F.,
 .F.,(3,3),(0.,1.),.PIECEWISE_BEZIER_KNOTS.);
#101=B_SPLINE_CURVE_WITH_KNOTS('',2,(#8315,#8316,#8317),.UNSPECIFIED.,.F.,
 .F.,(3,3),(0.,1.),.PIECEWISE_BEZIER_KNOTS.);
#102=B_SPLINE_CURVE_WITH_KNOTS('',2,(#8326,#8327,#8328),.UNSPECIFIED.,.F.,
 .F.,(3,3),(0.,1.),.PIECEWISE_BEZIER_KNOTS.);
#103=B_SPLINE_CURVE_WITH_KNOTS('',2,(#8332,#8333,#8334),.UNSPECIFIED.,.F.,
 .F.,(3,3),(0.,1.),.PIECEWISE_BEZIER_KNOTS.);
#104=B_SPLINE_CURVE_WITH_KNOTS('',2,(#8343,#8344,#8345),.UNSPECIFIED.,.F.,
 .F.,(3,3),(0.,1.),.PIECEWISE_BEZIER_KNOTS.);
#105=B_SPLINE_CURVE_WITH_KNOTS('',2,(#8349,#8350,#8351),.UNSPECIFIED.,.F.,
 .F.,(3,3),(0.,1.),.PIECEWISE_BEZIER_KNOTS.);
#106=B_SPLINE_CURVE_WITH_KNOTS('',2,(#8360,#8361,#8362),.UNSPECIFIED.,.F.,
 .F.,(3,3),(0.,1.),.PIECEWISE_BEZIER_KNOTS.);
#107=B_SPLINE_CURVE_WITH_KNOTS('',2,(#8366,#8367,#8368),.UNSPECIFIED.,.F.,
 .F.,(3,3),(0.,1.),.PIECEWISE_BEZIER_KNOTS.);
#108=B_SPLINE_CURVE_WITH_KNOTS('',2,(#8377,#8378,#8379),.UNSPECIFIED.,.F.,
 .F.,(3,3),(0.,1.),.PIECEWISE_BEZIER_KNOTS.);
#109=B_SPLINE_CURVE_WITH_KNOTS('',2,(#8383,#8384,#8385),.UNSPECIFIED.,.F.,
 .F.,(3,3),(0.,1.),.PIECEWISE_BEZIER_KNOTS.);
#110=B_SPLINE_CURVE_WITH_KNOTS('',2,(#8412,#8413,#8414),.UNSPECIFIED.,.F.,
 .F.,(3,3),(0.,1.),.PIECEWISE_BEZIER_KNOTS.);
#111=B_SPLINE_CURVE_WITH_KNOTS('',2,(#8418,#8419,#8420),.UNSPECIFIED.,.F.,
 .F.,(3,3),(0.,1.),.PIECEWISE_BEZIER_KNOTS.);
#112=B_SPLINE_CURVE_WITH_KNOTS('',2,(#8429,#8430,#8431),.UNSPECIFIED.,.F.,
 .F.,(3,3),(0.,1.),.PIECEWISE_BEZIER_KNOTS.);
#113=B_SPLINE_CURVE_WITH_KNOTS('',2,(#8435,#8436,#8437),.UNSPECIFIED.,.F.,
 .F.,(3,3),(0.,1.),.PIECEWISE_BEZIER_KNOTS.);
#114=B_SPLINE_CURVE_WITH_KNOTS('',2,(#8446,#8447,#8448),.UNSPECIFIED.,.F.,
 .F.,(3,3),(0.,1.),.PIECEWISE_BEZIER_KNOTS.);
#115=B_SPLINE_CURVE_WITH_KNOTS('',2,(#8452,#8453,#8454),.UNSPECIFIED.,.F.,
 .F.,(3,3),(0.,1.),.PIECEWISE_BEZIER_KNOTS.);
#116=B_SPLINE_CURVE_WITH_KNOTS('',2,(#8463,#8464,#8465),.UNSPECIFIED.,.F.,
 .F.,(3,3),(0.,1.),.PIECEWISE_BEZIER_KNOTS.);
#117=B_SPLINE_CURVE_WITH_KNOTS('',2,(#8469,#8470,#8471),.UNSPECIFIED.,.F.,
 .F.,(3,3),(0.,1.),.PIECEWISE_BEZIER_KNOTS.);
#118=B_SPLINE_CURVE_WITH_KNOTS('',2,(#8480,#8481,#8482),.UNSPECIFIED.,.F.,
 .F.,(3,3),(0.,1.),.PIECEWISE_BEZIER_KNOTS.);
#119=B_SPLINE_CURVE_WITH_KNOTS('',2,(#8486,#8487,#8488),.UNSPECIFIED.,.F.,
 .F.,(3,3),(0.,1.),.PIECEWISE_BEZIER_KNOTS.);
#120=B_SPLINE_CURVE_WITH_KNOTS('',2,(#8497,#8498,#8499),.UNSPECIFIED.,.F.,
 .F.,(3,3),(0.,1.),.PIECEWISE_BEZIER_KNOTS.);
#121=B_SPLINE_CURVE_WITH_KNOTS('',2,(#8503,#8504,#8505),.UNSPECIFIED.,.F.,
 .F.,(3,3),(0.,1.),.PIECEWISE_BEZIER_KNOTS.);
#122=B_SPLINE_CURVE_WITH_KNOTS('',2,(#8520,#8521,#8522),.UNSPECIFIED.,.F.,
 .F.,(3,3),(0.,1.),.PIECEWISE_BEZIER_KNOTS.);
#123=B_SPLINE_CURVE_WITH_KNOTS('',2,(#8526,#8527,#8528),.UNSPECIFIED.,.F.,
 .F.,(3,3),(0.,1.),.PIECEWISE_BEZIER_KNOTS.);
#124=B_SPLINE_CURVE_WITH_KNOTS('',2,(#8537,#8538,#8539),.UNSPECIFIED.,.F.,
 .F.,(3,3),(0.,1.),.PIECEWISE_BEZIER_KNOTS.);
#125=B_SPLINE_CURVE_WITH_KNOTS('',2,(#8543,#8544,#8545),.UNSPECIFIED.,.F.,
 .F.,(3,3),(0.,1.),.PIECEWISE_BEZIER_KNOTS.);
#126=B_SPLINE_CURVE_WITH_KNOTS('',2,(#8554,#8555,#8556),.UNSPECIFIED.,.F.,
 .F.,(3,3),(0.,1.),.PIECEWISE_BEZIER_KNOTS.);
#127=B_SPLINE_CURVE_WITH_KNOTS('',2,(#8560,#8561,#8562),.UNSPECIFIED.,.F.,
 .F.,(3,3),(0.,1.),.PIECEWISE_BEZIER_KNOTS.);
#128=B_SPLINE_CURVE_WITH_KNOTS('',2,(#8571,#8572,#8573),.UNSPECIFIED.,.F.,
 .F.,(3,3),(0.,1.),.PIECEWISE_BEZIER_KNOTS.);
#129=B_SPLINE_CURVE_WITH_KNOTS('',2,(#8577,#8578,#8579),.UNSPECIFIED.,.F.,
 .F.,(3,3),(0.,1.),.PIECEWISE_BEZIER_KNOTS.);
#130=B_SPLINE_CURVE_WITH_KNOTS('',2,(#8588,#8589,#8590),.UNSPECIFIED.,.F.,
 .F.,(3,3),(0.,1.),.PIECEWISE_BEZIER_KNOTS.);
#131=B_SPLINE_CURVE_WITH_KNOTS('',2,(#8594,#8595,#8596),.UNSPECIFIED.,.F.,
 .F.,(3,3),(0.,1.),.PIECEWISE_BEZIER_KNOTS.);
#132=B_SPLINE_CURVE_WITH_KNOTS('',2,(#8605,#8606,#8607),.UNSPECIFIED.,.F.,
 .F.,(3,3),(0.,1.),.PIECEWISE_BEZIER_KNOTS.);
#133=B_SPLINE_CURVE_WITH_KNOTS('',2,(#8611,#8612,#8613),.UNSPECIFIED.,.F.,
 .F.,(3,3),(0.,1.),.PIECEWISE_BEZIER_KNOTS.);
#134=B_SPLINE_CURVE_WITH_KNOTS('',2,(#8700,#8701,#8702),.UNSPECIFIED.,.F.,
 .F.,(3,3),(0.,1.),.PIECEWISE_BEZIER_KNOTS.);
#135=B_SPLINE_CURVE_WITH_KNOTS('',2,(#8706,#8707,#8708),.UNSPECIFIED.,.F.,
 .F.,(3,3),(0.,1.),.PIECEWISE_BEZIER_KNOTS.);
#136=B_SPLINE_CURVE_WITH_KNOTS('',2,(#8735,#8736,#8737),.UNSPECIFIED.,.F.,
 .F.,(3,3),(0.,1.),.PIECEWISE_BEZIER_KNOTS.);
#137=B_SPLINE_CURVE_WITH_KNOTS('',2,(#8741,#8742,#8743),.UNSPECIFIED.,.F.,
 .F.,(3,3),(0.,1.),.PIECEWISE_BEZIER_KNOTS.);
#138=B_SPLINE_CURVE_WITH_KNOTS('',2,(#8752,#8753,#8754),.UNSPECIFIED.,.F.,
 .F.,(3,3),(0.,1.),.PIECEWISE_BEZIER_KNOTS.);
#139=B_SPLINE_CURVE_WITH_KNOTS('',2,(#8758,#8759,#8760),.UNSPECIFIED.,.F.,
 .F.,(3,3),(0.,1.),.PIECEWISE_BEZIER_KNOTS.);
#140=B_SPLINE_CURVE_WITH_KNOTS('',2,(#8790,#8791,#8792),.UNSPECIFIED.,.F.,
 .F.,(3,3),(0.,1.),.PIECEWISE_BEZIER_KNOTS.);
#141=B_SPLINE_CURVE_WITH_KNOTS('',2,(#8796,#8797,#8798),.UNSPECIFIED.,.F.,
 .F.,(3,3),(0.,1.),.PIECEWISE_BEZIER_KNOTS.);
#142=B_SPLINE_CURVE_WITH_KNOTS('',2,(#8807,#8808,#8809),.UNSPECIFIED.,.F.,
 .F.,(3,3),(0.,1.),.PIECEWISE_BEZIER_KNOTS.);
#143=B_SPLINE_CURVE_WITH_KNOTS('',2,(#8813,#8814,#8815),.UNSPECIFIED.,.F.,
 .F.,(3,3),(0.,1.),.PIECEWISE_BEZIER_KNOTS.);
#144=B_SPLINE_CURVE_WITH_KNOTS('',2,(#8824,#8825,#8826),.UNSPECIFIED.,.F.,
 .F.,(3,3),(0.,1.),.PIECEWISE_BEZIER_KNOTS.);
#145=B_SPLINE_CURVE_WITH_KNOTS('',2,(#8830,#8831,#8832),.UNSPECIFIED.,.F.,
 .F.,(3,3),(0.,1.),.PIECEWISE_BEZIER_KNOTS.);
#146=B_SPLINE_CURVE_WITH_KNOTS('',2,(#8841,#8842,#8843),.UNSPECIFIED.,.F.,
 .F.,(3,3),(0.,1.),.PIECEWISE_BEZIER_KNOTS.);
#147=B_SPLINE_CURVE_WITH_KNOTS('',2,(#8847,#8848,#8849),.UNSPECIFIED.,.F.,
 .F.,(3,3),(0.,1.),.PIECEWISE_BEZIER_KNOTS.);
#148=B_SPLINE_CURVE_WITH_KNOTS('',2,(#8876,#8877,#8878),.UNSPECIFIED.,.F.,
 .F.,(3,3),(0.,1.),.PIECEWISE_BEZIER_KNOTS.);
#149=B_SPLINE_CURVE_WITH_KNOTS('',2,(#8882,#8883,#8884),.UNSPECIFIED.,.F.,
 .F.,(3,3),(0.,1.),.PIECEWISE_BEZIER_KNOTS.);
#150=B_SPLINE_CURVE_WITH_KNOTS('',2,(#8899,#8900,#8901),.UNSPECIFIED.,.F.,
 .F.,(3,3),(0.,1.),.PIECEWISE_BEZIER_KNOTS.);
#151=B_SPLINE_CURVE_WITH_KNOTS('',2,(#8905,#8906,#8907),.UNSPECIFIED.,.F.,
 .F.,(3,3),(0.,1.),.PIECEWISE_BEZIER_KNOTS.);
#152=B_SPLINE_CURVE_WITH_KNOTS('',2,(#8916,#8917,#8918),.UNSPECIFIED.,.F.,
 .F.,(3,3),(0.,1.),.PIECEWISE_BEZIER_KNOTS.);
#153=B_SPLINE_CURVE_WITH_KNOTS('',2,(#8922,#8923,#8924),.UNSPECIFIED.,.F.,
 .F.,(3,3),(0.,1.),.PIECEWISE_BEZIER_KNOTS.);
#154=B_SPLINE_CURVE_WITH_KNOTS('',2,(#8933,#8934,#8935),.UNSPECIFIED.,.F.,
 .F.,(3,3),(0.,1.),.PIECEWISE_BEZIER_KNOTS.);
#155=B_SPLINE_CURVE_WITH_KNOTS('',2,(#8939,#8940,#8941),.UNSPECIFIED.,.F.,
 .F.,(3,3),(0.,1.),.PIECEWISE_BEZIER_KNOTS.);
#156=B_SPLINE_CURVE_WITH_KNOTS('',2,(#9055,#9056,#9057),.UNSPECIFIED.,.F.,
 .F.,(3,3),(0.,1.),.PIECEWISE_BEZIER_KNOTS.);
#157=B_SPLINE_CURVE_WITH_KNOTS('',2,(#9062,#9063,#9064),.UNSPECIFIED.,.F.,
 .F.,(3,3),(0.,1.),.PIECEWISE_BEZIER_KNOTS.);
#158=B_SPLINE_CURVE_WITH_KNOTS('',2,(#9075,#9076,#9077),.UNSPECIFIED.,.F.,
 .F.,(3,3),(0.,1.),.PIECEWISE_BEZIER_KNOTS.);
#159=B_SPLINE_CURVE_WITH_KNOTS('',2,(#9081,#9082,#9083),.UNSPECIFIED.,.F.,
 .F.,(3,3),(0.,1.),.PIECEWISE_BEZIER_KNOTS.);
#160=B_SPLINE_CURVE_WITH_KNOTS('',2,(#9092,#9093,#9094),.UNSPECIFIED.,.F.,
 .F.,(3,3),(0.,1.),.PIECEWISE_BEZIER_KNOTS.);
#161=B_SPLINE_CURVE_WITH_KNOTS('',2,(#9098,#9099,#9100),.UNSPECIFIED.,.F.,
 .F.,(3,3),(0.,1.),.PIECEWISE_BEZIER_KNOTS.);
#162=B_SPLINE_CURVE_WITH_KNOTS('',2,(#9109,#9110,#9111),.UNSPECIFIED.,.F.,
 .F.,(3,3),(0.,1.),.PIECEWISE_BEZIER_KNOTS.);
#163=B_SPLINE_CURVE_WITH_KNOTS('',2,(#9115,#9116,#9117),.UNSPECIFIED.,.F.,
 .F.,(3,3),(0.,1.),.PIECEWISE_BEZIER_KNOTS.);
#164=B_SPLINE_CURVE_WITH_KNOTS('',2,(#9126,#9127,#9128),.UNSPECIFIED.,.F.,
 .F.,(3,3),(0.,1.),.PIECEWISE_BEZIER_KNOTS.);
#165=B_SPLINE_CURVE_WITH_KNOTS('',2,(#9132,#9133,#9134),.UNSPECIFIED.,.F.,
 .F.,(3,3),(0.,1.),.PIECEWISE_BEZIER_KNOTS.);
#166=B_SPLINE_CURVE_WITH_KNOTS('',2,(#9155,#9156,#9157),.UNSPECIFIED.,.F.,
 .F.,(3,3),(0.,1.),.PIECEWISE_BEZIER_KNOTS.);
#167=B_SPLINE_CURVE_WITH_KNOTS('',2,(#9161,#9162,#9163),.UNSPECIFIED.,.F.,
 .F.,(3,3),(0.,1.),.PIECEWISE_BEZIER_KNOTS.);
#168=B_SPLINE_CURVE_WITH_KNOTS('',2,(#9172,#9173,#9174),.UNSPECIFIED.,.F.,
 .F.,(3,3),(0.,1.),.PIECEWISE_BEZIER_KNOTS.);
#169=B_SPLINE_CURVE_WITH_KNOTS('',2,(#9178,#9179,#9180),.UNSPECIFIED.,.F.,
 .F.,(3,3),(0.,1.),.PIECEWISE_BEZIER_KNOTS.);
#170=B_SPLINE_CURVE_WITH_KNOTS('',2,(#9189,#9190,#9191),.UNSPECIFIED.,.F.,
 .F.,(3,3),(0.,1.),.PIECEWISE_BEZIER_KNOTS.);
#171=B_SPLINE_CURVE_WITH_KNOTS('',2,(#9195,#9196,#9197),.UNSPECIFIED.,.F.,
 .F.,(3,3),(0.,1.),.PIECEWISE_BEZIER_KNOTS.);
#172=B_SPLINE_CURVE_WITH_KNOTS('',2,(#9206,#9207,#9208),.UNSPECIFIED.,.F.,
 .F.,(3,3),(0.,1.),.PIECEWISE_BEZIER_KNOTS.);
#173=B_SPLINE_CURVE_WITH_KNOTS('',2,(#9212,#9213,#9214),.UNSPECIFIED.,.F.,
 .F.,(3,3),(0.,1.),.PIECEWISE_BEZIER_KNOTS.);
#174=B_SPLINE_CURVE_WITH_KNOTS('',2,(#9229,#9230,#9231),.UNSPECIFIED.,.F.,
 .F.,(3,3),(0.,1.),.PIECEWISE_BEZIER_KNOTS.);
#175=B_SPLINE_CURVE_WITH_KNOTS('',2,(#9235,#9236,#9237),.UNSPECIFIED.,.F.,
 .F.,(3,3),(0.,1.),.PIECEWISE_BEZIER_KNOTS.);
#176=B_SPLINE_CURVE_WITH_KNOTS('',2,(#9246,#9247,#9248),.UNSPECIFIED.,.F.,
 .F.,(3,3),(0.,1.),.PIECEWISE_BEZIER_KNOTS.);
#177=B_SPLINE_CURVE_WITH_KNOTS('',2,(#9252,#9253,#9254),.UNSPECIFIED.,.F.,
 .F.,(3,3),(0.,1.),.PIECEWISE_BEZIER_KNOTS.);
#178=B_SPLINE_CURVE_WITH_KNOTS('',2,(#9263,#9264,#9265),.UNSPECIFIED.,.F.,
 .F.,(3,3),(0.,1.),.PIECEWISE_BEZIER_KNOTS.);
#179=B_SPLINE_CURVE_WITH_KNOTS('',2,(#9269,#9270,#9271),.UNSPECIFIED.,.F.,
 .F.,(3,3),(0.,1.),.PIECEWISE_BEZIER_KNOTS.);
#180=B_SPLINE_CURVE_WITH_KNOTS('',2,(#9286,#9287,#9288),.UNSPECIFIED.,.F.,
 .F.,(3,3),(0.,1.),.PIECEWISE_BEZIER_KNOTS.);
#181=B_SPLINE_CURVE_WITH_KNOTS('',2,(#9292,#9293,#9294),.UNSPECIFIED.,.F.,
 .F.,(3,3),(0.,1.),.PIECEWISE_BEZIER_KNOTS.);
#182=B_SPLINE_CURVE_WITH_KNOTS('',2,(#9303,#9304,#9305),.UNSPECIFIED.,.F.,
 .F.,(3,3),(0.,1.),.PIECEWISE_BEZIER_KNOTS.);
#183=B_SPLINE_CURVE_WITH_KNOTS('',2,(#9309,#9310,#9311),.UNSPECIFIED.,.F.,
 .F.,(3,3),(0.,1.),.PIECEWISE_BEZIER_KNOTS.);
#184=B_SPLINE_CURVE_WITH_KNOTS('',2,(#9338,#9339,#9340),.UNSPECIFIED.,.F.,
 .F.,(3,3),(0.,1.),.PIECEWISE_BEZIER_KNOTS.);
#185=B_SPLINE_CURVE_WITH_KNOTS('',2,(#9344,#9345,#9346),.UNSPECIFIED.,.F.,
 .F.,(3,3),(0.,1.),.PIECEWISE_BEZIER_KNOTS.);
#186=B_SPLINE_CURVE_WITH_KNOTS('',2,(#9355,#9356,#9357),.UNSPECIFIED.,.F.,
 .F.,(3,3),(0.,1.),.PIECEWISE_BEZIER_KNOTS.);
#187=B_SPLINE_CURVE_WITH_KNOTS('',2,(#9361,#9362,#9363),.UNSPECIFIED.,.F.,
 .F.,(3,3),(0.,1.),.PIECEWISE_BEZIER_KNOTS.);
#188=B_SPLINE_CURVE_WITH_KNOTS('',2,(#9519,#9520,#9521),.UNSPECIFIED.,.F.,
 .F.,(3,3),(0.,1.),.PIECEWISE_BEZIER_KNOTS.);
#189=B_SPLINE_CURVE_WITH_KNOTS('',2,(#9522,#9523,#9524),.UNSPECIFIED.,.F.,
 .F.,(3,3),(0.,1.),.PIECEWISE_BEZIER_KNOTS.);
#190=B_SPLINE_CURVE_WITH_KNOTS('',2,(#9545,#9546,#9547),.UNSPECIFIED.,.F.,
 .F.,(3,3),(0.,1.),.PIECEWISE_BEZIER_KNOTS.);
#191=B_SPLINE_CURVE_WITH_KNOTS('',2,(#9548,#9549,#9550),.UNSPECIFIED.,.F.,
 .F.,(3,3),(0.,1.),.PIECEWISE_BEZIER_KNOTS.);
#192=B_SPLINE_CURVE_WITH_KNOTS('',2,(#9587,#9588,#9589),.UNSPECIFIED.,.F.,
 .F.,(3,3),(0.,1.),.PIECEWISE_BEZIER_KNOTS.);
#193=B_SPLINE_CURVE_WITH_KNOTS('',2,(#9594,#9595,#9596),.UNSPECIFIED.,.F.,
 .F.,(3,3),(0.,1.),.PIECEWISE_BEZIER_KNOTS.);
#194=B_SPLINE_CURVE_WITH_KNOTS('',2,(#9607,#9608,#9609),.UNSPECIFIED.,.F.,
 .F.,(3,3),(0.,1.),.PIECEWISE_BEZIER_KNOTS.);
#195=B_SPLINE_CURVE_WITH_KNOTS('',2,(#9613,#9614,#9615),.UNSPECIFIED.,.F.,
 .F.,(3,3),(0.,1.),.PIECEWISE_BEZIER_KNOTS.);
#196=B_SPLINE_CURVE_WITH_KNOTS('',2,(#9624,#9625,#9626),.UNSPECIFIED.,.F.,
 .F.,(3,3),(0.,1.),.PIECEWISE_BEZIER_KNOTS.);
#197=B_SPLINE_CURVE_WITH_KNOTS('',2,(#9630,#9631,#9632),.UNSPECIFIED.,.F.,
 .F.,(3,3),(0.,1.),.PIECEWISE_BEZIER_KNOTS.);
#198=B_SPLINE_CURVE_WITH_KNOTS('',2,(#9692,#9693,#9694),.UNSPECIFIED.,.F.,
 .F.,(3,3),(0.,1.),.PIECEWISE_BEZIER_KNOTS.);
#199=B_SPLINE_CURVE_WITH_KNOTS('',2,(#9698,#9699,#9700),.UNSPECIFIED.,.F.,
 .F.,(3,3),(0.,1.),.PIECEWISE_BEZIER_KNOTS.);
#200=B_SPLINE_CURVE_WITH_KNOTS('',2,(#9715,#9716,#9717),.UNSPECIFIED.,.F.,
 .F.,(3,3),(0.,1.),.PIECEWISE_BEZIER_KNOTS.);
#201=B_SPLINE_CURVE_WITH_KNOTS('',2,(#9721,#9722,#9723),.UNSPECIFIED.,.F.,
 .F.,(3,3),(0.,1.),.PIECEWISE_BEZIER_KNOTS.);
#202=B_SPLINE_CURVE_WITH_KNOTS('',2,(#9768,#9769,#9770),.UNSPECIFIED.,.F.,
 .F.,(3,3),(0.,1.),.PIECEWISE_BEZIER_KNOTS.);
#203=B_SPLINE_CURVE_WITH_KNOTS('',2,(#9774,#9775,#9776),.UNSPECIFIED.,.F.,
 .F.,(3,3),(0.,1.),.PIECEWISE_BEZIER_KNOTS.);
#204=B_SPLINE_CURVE_WITH_KNOTS('',2,(#9797,#9798,#9799),.UNSPECIFIED.,.F.,
 .F.,(3,3),(0.,1.),.PIECEWISE_BEZIER_KNOTS.);
#205=B_SPLINE_CURVE_WITH_KNOTS('',2,(#9803,#9804,#9805),.UNSPECIFIED.,.F.,
 .F.,(3,3),(0.,1.),.PIECEWISE_BEZIER_KNOTS.);
#206=B_SPLINE_CURVE_WITH_KNOTS('',2,(#9826,#9827,#9828),.UNSPECIFIED.,.F.,
 .F.,(3,3),(0.,1.),.PIECEWISE_BEZIER_KNOTS.);
#207=B_SPLINE_CURVE_WITH_KNOTS('',2,(#9832,#9833,#9834),.UNSPECIFIED.,.F.,
 .F.,(3,3),(0.,1.),.PIECEWISE_BEZIER_KNOTS.);
#208=B_SPLINE_CURVE_WITH_KNOTS('',2,(#9858,#9859,#9860),.UNSPECIFIED.,.F.,
 .F.,(3,3),(0.,1.),.PIECEWISE_BEZIER_KNOTS.);
#209=B_SPLINE_CURVE_WITH_KNOTS('',2,(#9864,#9865,#9866),.UNSPECIFIED.,.F.,
 .F.,(3,3),(0.,1.),.PIECEWISE_BEZIER_KNOTS.);
#210=B_SPLINE_CURVE_WITH_KNOTS('',2,(#9893,#9894,#9895),.UNSPECIFIED.,.F.,
 .F.,(3,3),(0.,1.),.PIECEWISE_BEZIER_KNOTS.);
#211=B_SPLINE_CURVE_WITH_KNOTS('',2,(#9899,#9900,#9901),.UNSPECIFIED.,.F.,
 .F.,(3,3),(0.,1.),.PIECEWISE_BEZIER_KNOTS.);
#212=B_SPLINE_CURVE_WITH_KNOTS('',2,(#9910,#9911,#9912),.UNSPECIFIED.,.F.,
 .F.,(3,3),(0.,1.),.PIECEWISE_BEZIER_KNOTS.);
#213=B_SPLINE_CURVE_WITH_KNOTS('',2,(#9916,#9917,#9918),.UNSPECIFIED.,.F.,
 .F.,(3,3),(0.,1.),.PIECEWISE_BEZIER_KNOTS.);
#214=B_SPLINE_CURVE_WITH_KNOTS('',2,(#9927,#9928,#9929),.UNSPECIFIED.,.F.,
 .F.,(3,3),(0.,1.),.PIECEWISE_BEZIER_KNOTS.);
#215=B_SPLINE_CURVE_WITH_KNOTS('',2,(#9933,#9934,#9935),.UNSPECIFIED.,.F.,
 .F.,(3,3),(0.,1.),.PIECEWISE_BEZIER_KNOTS.);
#216=B_SPLINE_CURVE_WITH_KNOTS('',2,(#9944,#9945,#9946),.UNSPECIFIED.,.F.,
 .F.,(3,3),(0.,1.),.PIECEWISE_BEZIER_KNOTS.);
#217=B_SPLINE_CURVE_WITH_KNOTS('',2,(#9950,#9951,#9952),.UNSPECIFIED.,.F.,
 .F.,(3,3),(0.,1.),.PIECEWISE_BEZIER_KNOTS.);
#218=B_SPLINE_CURVE_WITH_KNOTS('',2,(#9961,#9962,#9963),.UNSPECIFIED.,.F.,
 .F.,(3,3),(0.,1.),.PIECEWISE_BEZIER_KNOTS.);
#219=B_SPLINE_CURVE_WITH_KNOTS('',2,(#9967,#9968,#9969),.UNSPECIFIED.,.F.,
 .F.,(3,3),(0.,1.),.PIECEWISE_BEZIER_KNOTS.);
#220=B_SPLINE_CURVE_WITH_KNOTS('',2,(#9978,#9979,#9980),.UNSPECIFIED.,.F.,
 .F.,(3,3),(0.,1.),.PIECEWISE_BEZIER_KNOTS.);
#221=B_SPLINE_CURVE_WITH_KNOTS('',2,(#9984,#9985,#9986),.UNSPECIFIED.,.F.,
 .F.,(3,3),(0.,1.),.PIECEWISE_BEZIER_KNOTS.);
#222=B_SPLINE_CURVE_WITH_KNOTS('',2,(#10001,#10002,#10003),
 .UNSPECIFIED.,.F.,.F.,(3,3),(0.,1.),.PIECEWISE_BEZIER_KNOTS.);
#223=B_SPLINE_CURVE_WITH_KNOTS('',2,(#10007,#10008,#10009),
 .UNSPECIFIED.,.F.,.F.,(3,3),(0.,1.),.PIECEWISE_BEZIER_KNOTS.);
#224=B_SPLINE_CURVE_WITH_KNOTS('',2,(#10018,#10019,#10020),
 .UNSPECIFIED.,.F.,.F.,(3,3),(0.,1.),.PIECEWISE_BEZIER_KNOTS.);
#225=B_SPLINE_CURVE_WITH_KNOTS('',2,(#10024,#10025,#10026),
 .UNSPECIFIED.,.F.,.F.,(3,3),(0.,1.),.PIECEWISE_BEZIER_KNOTS.);
#226=B_SPLINE_CURVE_WITH_KNOTS('',2,(#10035,#10036,#10037),
 .UNSPECIFIED.,.F.,.F.,(3,3),(0.,1.),.PIECEWISE_BEZIER_KNOTS.);
#227=B_SPLINE_CURVE_WITH_KNOTS('',2,(#10041,#10042,#10043),
 .UNSPECIFIED.,.F.,.F.,(3,3),(0.,1.),.PIECEWISE_BEZIER_KNOTS.);
#228=B_SPLINE_CURVE_WITH_KNOTS('',2,(#10052,#10053,#10054),
 .UNSPECIFIED.,.F.,.F.,(3,3),(0.,1.),.PIECEWISE_BEZIER_KNOTS.);
#229=B_SPLINE_CURVE_WITH_KNOTS('',2,(#10058,#10059,#10060),
 .UNSPECIFIED.,.F.,.F.,(3,3),(0.,1.),.PIECEWISE_BEZIER_KNOTS.);
#230=B_SPLINE_CURVE_WITH_KNOTS('',2,(#10069,#10070,#10071),
 .UNSPECIFIED.,.F.,.F.,(3,3),(0.,1.),.PIECEWISE_BEZIER_KNOTS.);
#231=B_SPLINE_CURVE_WITH_KNOTS('',2,(#10075,#10076,#10077),
 .UNSPECIFIED.,.F.,.F.,(3,3),(0.,1.),.PIECEWISE_BEZIER_KNOTS.);
#232=B_SPLINE_CURVE_WITH_KNOTS('',2,(#10086,#10087,#10088),
 .UNSPECIFIED.,.F.,.F.,(3,3),(0.,1.),.PIECEWISE_BEZIER_KNOTS.);
#233=B_SPLINE_CURVE_WITH_KNOTS('',2,(#10092,#10093,#10094),
 .UNSPECIFIED.,.F.,.F.,(3,3),(0.,1.),.PIECEWISE_BEZIER_KNOTS.);
#234=B_SPLINE_CURVE_WITH_KNOTS('',2,(#10103,#10104,#10105),
 .UNSPECIFIED.,.F.,.F.,(3,3),(0.,1.),.PIECEWISE_BEZIER_KNOTS.);
#235=B_SPLINE_CURVE_WITH_KNOTS('',2,(#10109,#10110,#10111),
 .UNSPECIFIED.,.F.,.F.,(3,3),(0.,1.),.PIECEWISE_BEZIER_KNOTS.);
#236=B_SPLINE_CURVE_WITH_KNOTS('',2,(#10120,#10121,#10122),
 .UNSPECIFIED.,.F.,.F.,(3,3),(0.,1.),.PIECEWISE_BEZIER_KNOTS.);
#237=B_SPLINE_CURVE_WITH_KNOTS('',2,(#10126,#10127,#10128),
 .UNSPECIFIED.,.F.,.F.,(3,3),(0.,1.),.PIECEWISE_BEZIER_KNOTS.);
#238=B_SPLINE_CURVE_WITH_KNOTS('',2,(#10137,#10138,#10139),
 .UNSPECIFIED.,.F.,.F.,(3,3),(0.,1.),.PIECEWISE_BEZIER_KNOTS.);
#239=B_SPLINE_CURVE_WITH_KNOTS('',2,(#10143,#10144,#10145),
 .UNSPECIFIED.,.F.,.F.,(3,3),(0.,1.),.PIECEWISE_BEZIER_KNOTS.);
#240=B_SPLINE_CURVE_WITH_KNOTS('',2,(#10238,#10239,#10240),
 .UNSPECIFIED.,.F.,.F.,(3,3),(0.,1.),.PIECEWISE_BEZIER_KNOTS.);
#241=B_SPLINE_CURVE_WITH_KNOTS('',2,(#10241,#10242,#10243),
 .UNSPECIFIED.,.F.,.F.,(3,3),(0.,1.),.PIECEWISE_BEZIER_KNOTS.);
#242=B_SPLINE_SURFACE_WITH_KNOTS('',3,1,((#7628,#7629),(#7630,#7631),(#7632,
#7633),(#7634,#7635)),.SURF_OF_LINEAR_EXTRUSION.,.F.,.F.,.F.,(4,4),(2,2),
(0.,1.),(0.,1.),.PIECEWISE_BEZIER_KNOTS.);
#243=B_SPLINE_SURFACE_WITH_KNOTS('',3,1,((#7651,#7652),(#7653,#7654),(#7655,
#7656),(#7657,#7658)),.SURF_OF_LINEAR_EXTRUSION.,.F.,.F.,.F.,(4,4),(2,2),
(0.,1.),(0.,1.),.PIECEWISE_BEZIER_KNOTS.);
#244=B_SPLINE_SURFACE_WITH_KNOTS('',3,1,((#7674,#7675),(#7676,#7677),(#7678,
#7679),(#7680,#7681)),.SURF_OF_LINEAR_EXTRUSION.,.F.,.F.,.F.,(4,4),(2,2),
(0.,1.),(0.,1.),.PIECEWISE_BEZIER_KNOTS.);
#245=B_SPLINE_SURFACE_WITH_KNOTS('',3,1,((#7697,#7698),(#7699,#7700),(#7701,
#7702),(#7703,#7704)),.SURF_OF_LINEAR_EXTRUSION.,.F.,.F.,.F.,(4,4),(2,2),
(0.,1.),(0.,1.),.PIECEWISE_BEZIER_KNOTS.);
#246=B_SPLINE_SURFACE_WITH_KNOTS('',3,1,((#7916,#7917),(#7918,#7919),(#7920,
#7921),(#7922,#7923)),.SURF_OF_LINEAR_EXTRUSION.,.F.,.F.,.F.,(4,4),(2,2),
(0.,1.),(0.,1.),.PIECEWISE_BEZIER_KNOTS.);
#247=B_SPLINE_SURFACE_WITH_KNOTS('',3,1,((#7999,#8000),(#8001,#8002),(#8003,
#8004),(#8005,#8006)),.SURF_OF_LINEAR_EXTRUSION.,.F.,.F.,.F.,(4,4),(2,2),
(0.,1.),(0.,1.),.PIECEWISE_BEZIER_KNOTS.);
#248=B_SPLINE_SURFACE_WITH_KNOTS('',3,1,((#8016,#8017),(#8018,#8019),(#8020,
#8021),(#8022,#8023)),.SURF_OF_LINEAR_EXTRUSION.,.F.,.F.,.F.,(4,4),(2,2),
(0.,1.),(0.,1.),.PIECEWISE_BEZIER_KNOTS.);
#249=B_SPLINE_SURFACE_WITH_KNOTS('',3,1,((#8042,#8043),(#8044,#8045),(#8046,
#8047),(#8048,#8049)),.SURF_OF_LINEAR_EXTRUSION.,.F.,.F.,.F.,(4,4),(2,2),
(0.,1.),(0.,1.),.PIECEWISE_BEZIER_KNOTS.);
#250=B_SPLINE_SURFACE_WITH_KNOTS('',3,1,((#8059,#8060),(#8061,#8062),(#8063,
#8064),(#8065,#8066)),.SURF_OF_LINEAR_EXTRUSION.,.F.,.F.,.F.,(4,4),(2,2),
(0.,1.),(0.,1.),.PIECEWISE_BEZIER_KNOTS.);
#251=B_SPLINE_SURFACE_WITH_KNOTS('',3,1,((#8076,#8077),(#8078,#8079),(#8080,
#8081),(#8082,#8083)),.SURF_OF_LINEAR_EXTRUSION.,.F.,.F.,.F.,(4,4),(2,2),
(0.,1.),(0.,1.),.PIECEWISE_BEZIER_KNOTS.);
#252=B_SPLINE_SURFACE_WITH_KNOTS('',3,1,((#8105,#8106),(#8107,#8108),(#8109,
#8110),(#8111,#8112)),.SURF_OF_LINEAR_EXTRUSION.,.F.,.F.,.F.,(4,4),(2,2),
(0.,1.),(0.,1.),.PIECEWISE_BEZIER_KNOTS.);
#253=B_SPLINE_SURFACE_WITH_KNOTS('',3,1,((#8122,#8123),(#8124,#8125),(#8126,
#8127),(#8128,#8129)),.SURF_OF_LINEAR_EXTRUSION.,.F.,.F.,.F.,(4,4),(2,2),
(0.,1.),(0.,1.),.PIECEWISE_BEZIER_KNOTS.);
#254=B_SPLINE_SURFACE_WITH_KNOTS('',3,1,((#8139,#8140),(#8141,#8142),(#8143,
#8144),(#8145,#8146)),.SURF_OF_LINEAR_EXTRUSION.,.F.,.F.,.F.,(4,4),(2,2),
(0.,1.),(0.,1.),.PIECEWISE_BEZIER_KNOTS.);
#255=B_SPLINE_SURFACE_WITH_KNOTS('',3,1,((#8156,#8157),(#8158,#8159),(#8160,
#8161),(#8162,#8163)),.SURF_OF_LINEAR_EXTRUSION.,.F.,.F.,.F.,(4,4),(2,2),
(0.,1.),(0.,1.),.PIECEWISE_BEZIER_KNOTS.);
#256=B_SPLINE_SURFACE_WITH_KNOTS('',3,1,((#8173,#8174),(#8175,#8176),(#8177,
#8178),(#8179,#8180)),.SURF_OF_LINEAR_EXTRUSION.,.F.,.F.,.F.,(4,4),(2,2),
(0.,1.),(0.,1.),.PIECEWISE_BEZIER_KNOTS.);
#257=B_SPLINE_SURFACE_WITH_KNOTS('',3,1,((#8190,#8191),(#8192,#8193),(#8194,
#8195),(#8196,#8197)),.SURF_OF_LINEAR_EXTRUSION.,.F.,.F.,.F.,(4,4),(2,2),
(0.,1.),(0.,1.),.PIECEWISE_BEZIER_KNOTS.);
#258=B_SPLINE_SURFACE_WITH_KNOTS('',3,1,((#8207,#8208),(#8209,#8210),(#8211,
#8212),(#8213,#8214)),.SURF_OF_LINEAR_EXTRUSION.,.F.,.F.,.F.,(4,4),(2,2),
(0.,1.),(0.,1.),.PIECEWISE_BEZIER_KNOTS.);
#259=B_SPLINE_SURFACE_WITH_KNOTS('',3,1,((#8227,#8228),(#8229,#8230),(#8231,
#8232),(#8233,#8234)),.SURF_OF_LINEAR_EXTRUSION.,.F.,.F.,.F.,(4,4),(2,2),
(0.,1.),(0.,1.),.PIECEWISE_BEZIER_KNOTS.);
#260=B_SPLINE_SURFACE_WITH_KNOTS('',3,1,((#8244,#8245),(#8246,#8247),(#8248,
#8249),(#8250,#8251)),.SURF_OF_LINEAR_EXTRUSION.,.F.,.F.,.F.,(4,4),(2,2),
(0.,1.),(0.,1.),.PIECEWISE_BEZIER_KNOTS.);
#261=B_SPLINE_SURFACE_WITH_KNOTS('',3,1,((#8261,#8262),(#8263,#8264),(#8265,
#8266),(#8267,#8268)),.SURF_OF_LINEAR_EXTRUSION.,.F.,.F.,.F.,(4,4),(2,2),
(0.,1.),(0.,1.),.PIECEWISE_BEZIER_KNOTS.);
#262=B_SPLINE_SURFACE_WITH_KNOTS('',3,1,((#8278,#8279),(#8280,#8281),(#8282,
#8283),(#8284,#8285)),.SURF_OF_LINEAR_EXTRUSION.,.F.,.F.,.F.,(4,4),(2,2),
(0.,1.),(0.,1.),.PIECEWISE_BEZIER_KNOTS.);
#263=B_SPLINE_SURFACE_WITH_KNOTS('',3,1,((#8301,#8302),(#8303,#8304),(#8305,
#8306),(#8307,#8308)),.SURF_OF_LINEAR_EXTRUSION.,.F.,.F.,.F.,(4,4),(2,2),
(0.,1.),(0.,1.),.PIECEWISE_BEZIER_KNOTS.);
#264=B_SPLINE_SURFACE_WITH_KNOTS('',3,1,((#8318,#8319),(#8320,#8321),(#8322,
#8323),(#8324,#8325)),.SURF_OF_LINEAR_EXTRUSION.,.F.,.F.,.F.,(4,4),(2,2),
(0.,1.),(0.,1.),.PIECEWISE_BEZIER_KNOTS.);
#265=B_SPLINE_SURFACE_WITH_KNOTS('',3,1,((#8335,#8336),(#8337,#8338),(#8339,
#8340),(#8341,#8342)),.SURF_OF_LINEAR_EXTRUSION.,.F.,.F.,.F.,(4,4),(2,2),
(0.,1.),(0.,1.),.PIECEWISE_BEZIER_KNOTS.);
#266=B_SPLINE_SURFACE_WITH_KNOTS('',3,1,((#8352,#8353),(#8354,#8355),(#8356,
#8357),(#8358,#8359)),.SURF_OF_LINEAR_EXTRUSION.,.F.,.F.,.F.,(4,4),(2,2),
(0.,1.),(0.,1.),.PIECEWISE_BEZIER_KNOTS.);
#267=B_SPLINE_SURFACE_WITH_KNOTS('',3,1,((#8369,#8370),(#8371,#8372),(#8373,
#8374),(#8375,#8376)),.SURF_OF_LINEAR_EXTRUSION.,.F.,.F.,.F.,(4,4),(2,2),
(0.,1.),(0.,1.),.PIECEWISE_BEZIER_KNOTS.);
#268=B_SPLINE_SURFACE_WITH_KNOTS('',3,1,((#8404,#8405),(#8406,#8407),(#8408,
#8409),(#8410,#8411)),.SURF_OF_LINEAR_EXTRUSION.,.F.,.F.,.F.,(4,4),(2,2),
(0.,1.),(0.,1.),.PIECEWISE_BEZIER_KNOTS.);
#269=B_SPLINE_SURFACE_WITH_KNOTS('',3,1,((#8421,#8422),(#8423,#8424),(#8425,
#8426),(#8427,#8428)),.SURF_OF_LINEAR_EXTRUSION.,.F.,.F.,.F.,(4,4),(2,2),
(0.,1.),(0.,1.),.PIECEWISE_BEZIER_KNOTS.);
#270=B_SPLINE_SURFACE_WITH_KNOTS('',3,1,((#8438,#8439),(#8440,#8441),(#8442,
#8443),(#8444,#8445)),.SURF_OF_LINEAR_EXTRUSION.,.F.,.F.,.F.,(4,4),(2,2),
(0.,1.),(0.,1.),.PIECEWISE_BEZIER_KNOTS.);
#271=B_SPLINE_SURFACE_WITH_KNOTS('',3,1,((#8455,#8456),(#8457,#8458),(#8459,
#8460),(#8461,#8462)),.SURF_OF_LINEAR_EXTRUSION.,.F.,.F.,.F.,(4,4),(2,2),
(0.,1.),(0.,1.),.PIECEWISE_BEZIER_KNOTS.);
#272=B_SPLINE_SURFACE_WITH_KNOTS('',3,1,((#8472,#8473),(#8474,#8475),(#8476,
#8477),(#8478,#8479)),.SURF_OF_LINEAR_EXTRUSION.,.F.,.F.,.F.,(4,4),(2,2),
(0.,1.),(0.,1.),.PIECEWISE_BEZIER_KNOTS.);
#273=B_SPLINE_SURFACE_WITH_KNOTS('',3,1,((#8489,#8490),(#8491,#8492),(#8493,
#8494),(#8495,#8496)),.SURF_OF_LINEAR_EXTRUSION.,.F.,.F.,.F.,(4,4),(2,2),
(0.,1.),(0.,1.),.PIECEWISE_BEZIER_KNOTS.);
#274=B_SPLINE_SURFACE_WITH_KNOTS('',3,1,((#8512,#8513),(#8514,#8515),(#8516,
#8517),(#8518,#8519)),.SURF_OF_LINEAR_EXTRUSION.,.F.,.F.,.F.,(4,4),(2,2),
(0.,1.),(0.,1.),.PIECEWISE_BEZIER_KNOTS.);
#275=B_SPLINE_SURFACE_WITH_KNOTS('',3,1,((#8529,#8530),(#8531,#8532),(#8533,
#8534),(#8535,#8536)),.SURF_OF_LINEAR_EXTRUSION.,.F.,.F.,.F.,(4,4),(2,2),
(0.,1.),(0.,1.),.PIECEWISE_BEZIER_KNOTS.);
#276=B_SPLINE_SURFACE_WITH_KNOTS('',3,1,((#8546,#8547),(#8548,#8549),(#8550,
#8551),(#8552,#8553)),.SURF_OF_LINEAR_EXTRUSION.,.F.,.F.,.F.,(4,4),(2,2),
(0.,1.),(0.,1.),.PIECEWISE_BEZIER_KNOTS.);
#277=B_SPLINE_SURFACE_WITH_KNOTS('',3,1,((#8563,#8564),(#8565,#8566),(#8567,
#8568),(#8569,#8570)),.SURF_OF_LINEAR_EXTRUSION.,.F.,.F.,.F.,(4,4),(2,2),
(0.,1.),(0.,1.),.PIECEWISE_BEZIER_KNOTS.);
#278=B_SPLINE_SURFACE_WITH_KNOTS('',3,1,((#8580,#8581),(#8582,#8583),(#8584,
#8585),(#8586,#8587)),.SURF_OF_LINEAR_EXTRUSION.,.F.,.F.,.F.,(4,4),(2,2),
(0.,1.),(0.,1.),.PIECEWISE_BEZIER_KNOTS.);
#279=B_SPLINE_SURFACE_WITH_KNOTS('',3,1,((#8597,#8598),(#8599,#8600),(#8601,
#8602),(#8603,#8604)),.SURF_OF_LINEAR_EXTRUSION.,.F.,.F.,.F.,(4,4),(2,2),
(0.,1.),(0.,1.),.PIECEWISE_BEZIER_KNOTS.);
#280=B_SPLINE_SURFACE_WITH_KNOTS('',3,1,((#8692,#8693),(#8694,#8695),(#8696,
#8697),(#8698,#8699)),.SURF_OF_LINEAR_EXTRUSION.,.F.,.F.,.F.,(4,4),(2,2),
(0.,1.),(0.,1.),.PIECEWISE_BEZIER_KNOTS.);
#281=B_SPLINE_SURFACE_WITH_KNOTS('',3,1,((#8727,#8728),(#8729,#8730),(#8731,
#8732),(#8733,#8734)),.SURF_OF_LINEAR_EXTRUSION.,.F.,.F.,.F.,(4,4),(2,2),
(0.,1.),(0.,1.),.PIECEWISE_BEZIER_KNOTS.);
#282=B_SPLINE_SURFACE_WITH_KNOTS('',3,1,((#8744,#8745),(#8746,#8747),(#8748,
#8749),(#8750,#8751)),.SURF_OF_LINEAR_EXTRUSION.,.F.,.F.,.F.,(4,4),(2,2),
(0.,1.),(0.,1.),.PIECEWISE_BEZIER_KNOTS.);
#283=B_SPLINE_SURFACE_WITH_KNOTS('',3,1,((#8782,#8783),(#8784,#8785),(#8786,
#8787),(#8788,#8789)),.SURF_OF_LINEAR_EXTRUSION.,.F.,.F.,.F.,(4,4),(2,2),
(0.,1.),(0.,1.),.PIECEWISE_BEZIER_KNOTS.);
#284=B_SPLINE_SURFACE_WITH_KNOTS('',3,1,((#8799,#8800),(#8801,#8802),(#8803,
#8804),(#8805,#8806)),.SURF_OF_LINEAR_EXTRUSION.,.F.,.F.,.F.,(4,4),(2,2),
(0.,1.),(0.,1.),.PIECEWISE_BEZIER_KNOTS.);
#285=B_SPLINE_SURFACE_WITH_KNOTS('',3,1,((#8816,#8817),(#8818,#8819),(#8820,
#8821),(#8822,#8823)),.SURF_OF_LINEAR_EXTRUSION.,.F.,.F.,.F.,(4,4),(2,2),
(0.,1.),(0.,1.),.PIECEWISE_BEZIER_KNOTS.);
#286=B_SPLINE_SURFACE_WITH_KNOTS('',3,1,((#8833,#8834),(#8835,#8836),(#8837,
#8838),(#8839,#8840)),.SURF_OF_LINEAR_EXTRUSION.,.F.,.F.,.F.,(4,4),(2,2),
(0.,1.),(0.,1.),.PIECEWISE_BEZIER_KNOTS.);
#287=B_SPLINE_SURFACE_WITH_KNOTS('',3,1,((#8868,#8869),(#8870,#8871),(#8872,
#8873),(#8874,#8875)),.SURF_OF_LINEAR_EXTRUSION.,.F.,.F.,.F.,(4,4),(2,2),
(0.,1.),(0.,1.),.PIECEWISE_BEZIER_KNOTS.);
#288=B_SPLINE_SURFACE_WITH_KNOTS('',3,1,((#8891,#8892),(#8893,#8894),(#8895,
#8896),(#8897,#8898)),.SURF_OF_LINEAR_EXTRUSION.,.F.,.F.,.F.,(4,4),(2,2),
(0.,1.),(0.,1.),.PIECEWISE_BEZIER_KNOTS.);
#289=B_SPLINE_SURFACE_WITH_KNOTS('',3,1,((#8908,#8909),(#8910,#8911),(#8912,
#8913),(#8914,#8915)),.SURF_OF_LINEAR_EXTRUSION.,.F.,.F.,.F.,(4,4),(2,2),
(0.,1.),(0.,1.),.PIECEWISE_BEZIER_KNOTS.);
#290=B_SPLINE_SURFACE_WITH_KNOTS('',3,1,((#8925,#8926),(#8927,#8928),(#8929,
#8930),(#8931,#8932)),.SURF_OF_LINEAR_EXTRUSION.,.F.,.F.,.F.,(4,4),(2,2),
(0.,1.),(0.,1.),.PIECEWISE_BEZIER_KNOTS.);
#291=B_SPLINE_SURFACE_WITH_KNOTS('',3,1,((#9047,#9048),(#9049,#9050),(#9051,
#9052),(#9053,#9054)),.SURF_OF_LINEAR_EXTRUSION.,.F.,.F.,.F.,(4,4),(2,2),
(0.,1.),(0.,1.),.PIECEWISE_BEZIER_KNOTS.);
#292=B_SPLINE_SURFACE_WITH_KNOTS('',3,1,((#9067,#9068),(#9069,#9070),(#9071,
#9072),(#9073,#9074)),.SURF_OF_LINEAR_EXTRUSION.,.F.,.F.,.F.,(4,4),(2,2),
(0.,1.),(0.,1.),.PIECEWISE_BEZIER_KNOTS.);
#293=B_SPLINE_SURFACE_WITH_KNOTS('',3,1,((#9084,#9085),(#9086,#9087),(#9088,
#9089),(#9090,#9091)),.SURF_OF_LINEAR_EXTRUSION.,.F.,.F.,.F.,(4,4),(2,2),
(0.,1.),(0.,1.),.PIECEWISE_BEZIER_KNOTS.);
#294=B_SPLINE_SURFACE_WITH_KNOTS('',3,1,((#9101,#9102),(#9103,#9104),(#9105,
#9106),(#9107,#9108)),.SURF_OF_LINEAR_EXTRUSION.,.F.,.F.,.F.,(4,4),(2,2),
(0.,1.),(0.,1.),.PIECEWISE_BEZIER_KNOTS.);
#295=B_SPLINE_SURFACE_WITH_KNOTS('',3,1,((#9118,#9119),(#9120,#9121),(#9122,
#9123),(#9124,#9125)),.SURF_OF_LINEAR_EXTRUSION.,.F.,.F.,.F.,(4,4),(2,2),
(0.,1.),(0.,1.),.PIECEWISE_BEZIER_KNOTS.);
#296=B_SPLINE_SURFACE_WITH_KNOTS('',3,1,((#9147,#9148),(#9149,#9150),(#9151,
#9152),(#9153,#9154)),.SURF_OF_LINEAR_EXTRUSION.,.F.,.F.,.F.,(4,4),(2,2),
(0.,1.),(0.,1.),.PIECEWISE_BEZIER_KNOTS.);
#297=B_SPLINE_SURFACE_WITH_KNOTS('',3,1,((#9164,#9165),(#9166,#9167),(#9168,
#9169),(#9170,#9171)),.SURF_OF_LINEAR_EXTRUSION.,.F.,.F.,.F.,(4,4),(2,2),
(0.,1.),(0.,1.),.PIECEWISE_BEZIER_KNOTS.);
#298=B_SPLINE_SURFACE_WITH_KNOTS('',3,1,((#9181,#9182),(#9183,#9184),(#9185,
#9186),(#9187,#9188)),.SURF_OF_LINEAR_EXTRUSION.,.F.,.F.,.F.,(4,4),(2,2),
(0.,1.),(0.,1.),.PIECEWISE_BEZIER_KNOTS.);
#299=B_SPLINE_SURFACE_WITH_KNOTS('',3,1,((#9198,#9199),(#9200,#9201),(#9202,
#9203),(#9204,#9205)),.SURF_OF_LINEAR_EXTRUSION.,.F.,.F.,.F.,(4,4),(2,2),
(0.,1.),(0.,1.),.PIECEWISE_BEZIER_KNOTS.);
#300=B_SPLINE_SURFACE_WITH_KNOTS('',3,1,((#9221,#9222),(#9223,#9224),(#9225,
#9226),(#9227,#9228)),.SURF_OF_LINEAR_EXTRUSION.,.F.,.F.,.F.,(4,4),(2,2),
(0.,1.),(0.,1.),.PIECEWISE_BEZIER_KNOTS.);
#301=B_SPLINE_SURFACE_WITH_KNOTS('',3,1,((#9238,#9239),(#9240,#9241),(#9242,
#9243),(#9244,#9245)),.SURF_OF_LINEAR_EXTRUSION.,.F.,.F.,.F.,(4,4),(2,2),
(0.,1.),(0.,1.),.PIECEWISE_BEZIER_KNOTS.);
#302=B_SPLINE_SURFACE_WITH_KNOTS('',3,1,((#9255,#9256),(#9257,#9258),(#9259,
#9260),(#9261,#9262)),.SURF_OF_LINEAR_EXTRUSION.,.F.,.F.,.F.,(4,4),(2,2),
(0.,1.),(0.,1.),.PIECEWISE_BEZIER_KNOTS.);
#303=B_SPLINE_SURFACE_WITH_KNOTS('',3,1,((#9278,#9279),(#9280,#9281),(#9282,
#9283),(#9284,#9285)),.SURF_OF_LINEAR_EXTRUSION.,.F.,.F.,.F.,(4,4),(2,2),
(0.,1.),(0.,1.),.PIECEWISE_BEZIER_KNOTS.);
#304=B_SPLINE_SURFACE_WITH_KNOTS('',3,1,((#9295,#9296),(#9297,#9298),(#9299,
#9300),(#9301,#9302)),.SURF_OF_LINEAR_EXTRUSION.,.F.,.F.,.F.,(4,4),(2,2),
(0.,1.),(0.,1.),.PIECEWISE_BEZIER_KNOTS.);
#305=B_SPLINE_SURFACE_WITH_KNOTS('',3,1,((#9330,#9331),(#9332,#9333),(#9334,
#9335),(#9336,#9337)),.SURF_OF_LINEAR_EXTRUSION.,.F.,.F.,.F.,(4,4),(2,2),
(0.,1.),(0.,1.),.PIECEWISE_BEZIER_KNOTS.);
#306=B_SPLINE_SURFACE_WITH_KNOTS('',3,1,((#9347,#9348),(#9349,#9350),(#9351,
#9352),(#9353,#9354)),.SURF_OF_LINEAR_EXTRUSION.,.F.,.F.,.F.,(4,4),(2,2),
(0.,1.),(0.,1.),.PIECEWISE_BEZIER_KNOTS.);
#307=B_SPLINE_SURFACE_WITH_KNOTS('',3,1,((#9511,#9512),(#9513,#9514),(#9515,
#9516),(#9517,#9518)),.SURF_OF_LINEAR_EXTRUSION.,.F.,.F.,.F.,(4,4),(2,2),
(0.,1.),(0.,1.),.PIECEWISE_BEZIER_KNOTS.);
#308=B_SPLINE_SURFACE_WITH_KNOTS('',3,1,((#9537,#9538),(#9539,#9540),(#9541,
#9542),(#9543,#9544)),.SURF_OF_LINEAR_EXTRUSION.,.F.,.F.,.F.,(4,4),(2,2),
(0.,1.),(0.,1.),.PIECEWISE_BEZIER_KNOTS.);
#309=B_SPLINE_SURFACE_WITH_KNOTS('',3,1,((#9579,#9580),(#9581,#9582),(#9583,
#9584),(#9585,#9586)),.SURF_OF_LINEAR_EXTRUSION.,.F.,.F.,.F.,(4,4),(2,2),
(0.,1.),(0.,1.),.PIECEWISE_BEZIER_KNOTS.);
#310=B_SPLINE_SURFACE_WITH_KNOTS('',3,1,((#9599,#9600),(#9601,#9602),(#9603,
#9604),(#9605,#9606)),.SURF_OF_LINEAR_EXTRUSION.,.F.,.F.,.F.,(4,4),(2,2),
(0.,1.),(0.,1.),.PIECEWISE_BEZIER_KNOTS.);
#311=B_SPLINE_SURFACE_WITH_KNOTS('',3,1,((#9616,#9617),(#9618,#9619),(#9620,
#9621),(#9622,#9623)),.SURF_OF_LINEAR_EXTRUSION.,.F.,.F.,.F.,(4,4),(2,2),
(0.,1.),(0.,1.),.PIECEWISE_BEZIER_KNOTS.);
#312=B_SPLINE_SURFACE_WITH_KNOTS('',3,1,((#9684,#9685),(#9686,#9687),(#9688,
#9689),(#9690,#9691)),.SURF_OF_LINEAR_EXTRUSION.,.F.,.F.,.F.,(4,4),(2,2),
(0.,1.),(0.,1.),.PIECEWISE_BEZIER_KNOTS.);
#313=B_SPLINE_SURFACE_WITH_KNOTS('',3,1,((#9707,#9708),(#9709,#9710),(#9711,
#9712),(#9713,#9714)),.SURF_OF_LINEAR_EXTRUSION.,.F.,.F.,.F.,(4,4),(2,2),
(0.,1.),(0.,1.),.PIECEWISE_BEZIER_KNOTS.);
#314=B_SPLINE_SURFACE_WITH_KNOTS('',3,1,((#9760,#9761),(#9762,#9763),(#9764,
#9765),(#9766,#9767)),.SURF_OF_LINEAR_EXTRUSION.,.F.,.F.,.F.,(4,4),(2,2),
(0.,1.),(0.,1.),.PIECEWISE_BEZIER_KNOTS.);
#315=B_SPLINE_SURFACE_WITH_KNOTS('',3,1,((#9789,#9790),(#9791,#9792),(#9793,
#9794),(#9795,#9796)),.SURF_OF_LINEAR_EXTRUSION.,.F.,.F.,.F.,(4,4),(2,2),
(0.,1.),(0.,1.),.PIECEWISE_BEZIER_KNOTS.);
#316=B_SPLINE_SURFACE_WITH_KNOTS('',3,1,((#9818,#9819),(#9820,#9821),(#9822,
#9823),(#9824,#9825)),.SURF_OF_LINEAR_EXTRUSION.,.F.,.F.,.F.,(4,4),(2,2),
(0.,1.),(0.,1.),.PIECEWISE_BEZIER_KNOTS.);
#317=B_SPLINE_SURFACE_WITH_KNOTS('',3,1,((#9850,#9851),(#9852,#9853),(#9854,
#9855),(#9856,#9857)),.SURF_OF_LINEAR_EXTRUSION.,.F.,.F.,.F.,(4,4),(2,2),
(0.,1.),(0.,1.),.PIECEWISE_BEZIER_KNOTS.);
#318=B_SPLINE_SURFACE_WITH_KNOTS('',3,1,((#9885,#9886),(#9887,#9888),(#9889,
#9890),(#9891,#9892)),.SURF_OF_LINEAR_EXTRUSION.,.F.,.F.,.F.,(4,4),(2,2),
(0.,1.),(0.,1.),.PIECEWISE_BEZIER_KNOTS.);
#319=B_SPLINE_SURFACE_WITH_KNOTS('',3,1,((#9902,#9903),(#9904,#9905),(#9906,
#9907),(#9908,#9909)),.SURF_OF_LINEAR_EXTRUSION.,.F.,.F.,.F.,(4,4),(2,2),
(0.,1.),(0.,1.),.PIECEWISE_BEZIER_KNOTS.);
#320=B_SPLINE_SURFACE_WITH_KNOTS('',3,1,((#9919,#9920),(#9921,#9922),(#9923,
#9924),(#9925,#9926)),.SURF_OF_LINEAR_EXTRUSION.,.F.,.F.,.F.,(4,4),(2,2),
(0.,1.),(0.,1.),.PIECEWISE_BEZIER_KNOTS.);
#321=B_SPLINE_SURFACE_WITH_KNOTS('',3,1,((#9936,#9937),(#9938,#9939),(#9940,
#9941),(#9942,#9943)),.SURF_OF_LINEAR_EXTRUSION.,.F.,.F.,.F.,(4,4),(2,2),
(0.,1.),(0.,1.),.PIECEWISE_BEZIER_KNOTS.);
#322=B_SPLINE_SURFACE_WITH_KNOTS('',3,1,((#9953,#9954),(#9955,#9956),(#9957,
#9958),(#9959,#9960)),.SURF_OF_LINEAR_EXTRUSION.,.F.,.F.,.F.,(4,4),(2,2),
(0.,1.),(0.,1.),.PIECEWISE_BEZIER_KNOTS.);
#323=B_SPLINE_SURFACE_WITH_KNOTS('',3,1,((#9970,#9971),(#9972,#9973),(#9974,
#9975),(#9976,#9977)),.SURF_OF_LINEAR_EXTRUSION.,.F.,.F.,.F.,(4,4),(2,2),
(0.,1.),(0.,1.),.PIECEWISE_BEZIER_KNOTS.);
#324=B_SPLINE_SURFACE_WITH_KNOTS('',3,1,((#9993,#9994),(#9995,#9996),(#9997,
#9998),(#9999,#10000)),.SURF_OF_LINEAR_EXTRUSION.,.F.,.F.,.F.,(4,4),(2,
2),(0.,1.),(0.,1.),.PIECEWISE_BEZIER_KNOTS.);
#325=B_SPLINE_SURFACE_WITH_KNOTS('',3,1,((#10010,#10011),(#10012,#10013),
(#10014,#10015),(#10016,#10017)),.SURF_OF_LINEAR_EXTRUSION.,.F.,.F.,.F.,
(4,4),(2,2),(0.,1.),(0.,1.),.PIECEWISE_BEZIER_KNOTS.);
#326=B_SPLINE_SURFACE_WITH_KNOTS('',3,1,((#10027,#10028),(#10029,#10030),
(#10031,#10032),(#10033,#10034)),.SURF_OF_LINEAR_EXTRUSION.,.F.,.F.,.F.,
(4,4),(2,2),(0.,1.),(0.,1.),.PIECEWISE_BEZIER_KNOTS.);
#327=B_SPLINE_SURFACE_WITH_KNOTS('',3,1,((#10044,#10045),(#10046,#10047),
(#10048,#10049),(#10050,#10051)),.SURF_OF_LINEAR_EXTRUSION.,.F.,.F.,.F.,
(4,4),(2,2),(0.,1.),(0.,1.),.PIECEWISE_BEZIER_KNOTS.);
#328=B_SPLINE_SURFACE_WITH_KNOTS('',3,1,((#10061,#10062),(#10063,#10064),
(#10065,#10066),(#10067,#10068)),.SURF_OF_LINEAR_EXTRUSION.,.F.,.F.,.F.,
(4,4),(2,2),(0.,1.),(0.,1.),.PIECEWISE_BEZIER_KNOTS.);
#329=B_SPLINE_SURFACE_WITH_KNOTS('',3,1,((#10078,#10079),(#10080,#10081),
(#10082,#10083),(#10084,#10085)),.SURF_OF_LINEAR_EXTRUSION.,.F.,.F.,.F.,
(4,4),(2,2),(0.,1.),(0.,1.),.PIECEWISE_BEZIER_KNOTS.);
#330=B_SPLINE_SURFACE_WITH_KNOTS('',3,1,((#10095,#10096),(#10097,#10098),
(#10099,#10100),(#10101,#10102)),.SURF_OF_LINEAR_EXTRUSION.,.F.,.F.,.F.,
(4,4),(2,2),(0.,1.),(0.,1.),.PIECEWISE_BEZIER_KNOTS.);
#331=B_SPLINE_SURFACE_WITH_KNOTS('',3,1,((#10112,#10113),(#10114,#10115),
(#10116,#10117),(#10118,#10119)),.SURF_OF_LINEAR_EXTRUSION.,.F.,.F.,.F.,
(4,4),(2,2),(0.,1.),(0.,1.),.PIECEWISE_BEZIER_KNOTS.);
#332=B_SPLINE_SURFACE_WITH_KNOTS('',3,1,((#10129,#10130),(#10131,#10132),
(#10133,#10134),(#10135,#10136)),.SURF_OF_LINEAR_EXTRUSION.,.F.,.F.,.F.,
(4,4),(2,2),(0.,1.),(0.,1.),.PIECEWISE_BEZIER_KNOTS.);
#333=B_SPLINE_SURFACE_WITH_KNOTS('',3,1,((#10230,#10231),(#10232,#10233),
(#10234,#10235),(#10236,#10237)),.SURF_OF_LINEAR_EXTRUSION.,.F.,.F.,.F.,
(4,4),(2,2),(0.,1.),(0.,1.),.PIECEWISE_BEZIER_KNOTS.);
#334=CIRCLE('',#6006,0.0034798);
#335=CIRCLE('',#6010,0.0034798);
#336=CIRCLE('',#6013,0.0034798);
#337=CIRCLE('',#6016,0.0034798);
#338=CIRCLE('',#6018,0.0034798);
#339=CIRCLE('',#6021,0.0034798);
#340=CIRCLE('',#6035,0.002425);
#341=CIRCLE('',#6036,0.002425);
#342=CIRCLE('',#6038,0.002425);
#343=CIRCLE('',#6039,0.002425);
#344=CIRCLE('',#6041,0.002425);
#345=CIRCLE('',#6042,0.002425);
#346=CIRCLE('',#6044,0.002425);
#347=CIRCLE('',#6045,0.002425);
#348=CIRCLE('',#6047,0.002425);
#349=CIRCLE('',#6048,0.002425);
#350=CIRCLE('',#6050,0.002425);
#351=CIRCLE('',#6051,0.002425);
#352=CIRCLE('',#6053,0.0034798);
#353=CIRCLE('',#6055,0.0034798);
#354=CIRCLE('',#6057,0.002425);
#355=CIRCLE('',#6058,0.002425);
#356=CIRCLE('',#6060,0.002425);
#357=CIRCLE('',#6061,0.002425);
#358=CIRCLE('',#6063,0.002425);
#359=CIRCLE('',#6064,0.002425);
#360=CIRCLE('',#6066,0.002425);
#361=CIRCLE('',#6067,0.002425);
#362=CIRCLE('',#6069,0.002425);
#363=CIRCLE('',#6070,0.002425);
#364=CIRCLE('',#6075,0.002425);
#365=CIRCLE('',#6076,0.002425);
#366=CIRCLE('',#6078,0.002425);
#367=CIRCLE('',#6079,0.002425);
#368=CIRCLE('',#6081,0.002425);
#369=CIRCLE('',#6082,0.002425);
#370=CIRCLE('',#6084,0.002425);
#371=CIRCLE('',#6085,0.002425);
#372=CIRCLE('',#6088,0.002425);
#373=CIRCLE('',#6089,0.002425);
#374=CIRCLE('',#6091,0.00135);
#375=CIRCLE('',#6092,0.00135);
#376=CIRCLE('',#6093,0.00135);
#377=CIRCLE('',#6094,0.00135);
#378=CIRCLE('',#6100,0.00201024667572952);
#379=CIRCLE('',#6101,0.00201024667572952);
#380=CIRCLE('',#6115,0.000676274687953094);
#381=CIRCLE('',#6116,0.000676274687953094);
#382=CIRCLE('',#6136,0.00555139311387208);
#383=CIRCLE('',#6137,0.00555139311387208);
#384=CIRCLE('',#6139,0.00458069545923749);
#385=CIRCLE('',#6140,0.00458069545923749);
#386=CIRCLE('',#6149,0.000428038651028114);
#387=CIRCLE('',#6150,0.000428038651028114);
#388=CIRCLE('',#6157,0.00676058873331638);
#389=CIRCLE('',#6158,0.00676058873331638);
#390=CIRCLE('',#6175,0.000831529576390575);
#391=CIRCLE('',#6176,0.000831529576390575);
#392=CIRCLE('',#6179,0.00174476188447152);
#393=CIRCLE('',#6180,0.00174476188447152);
#394=CIRCLE('',#6185,0.0139941142195348);
#395=CIRCLE('',#6186,0.0139941142195348);
#396=CIRCLE('',#6188,0.00912049911982143);
#397=CIRCLE('',#6189,0.00912049911982143);
#398=CIRCLE('',#6203,0.00601591809869311);
#399=CIRCLE('',#6204,0.00601591809869311);
#400=CIRCLE('',#6206,0.00530787968935355);
#401=CIRCLE('',#6207,0.00530787968935355);
#402=CIRCLE('',#6209,0.00398020440410662);
#403=CIRCLE('',#6210,0.00398020440410662);
#404=CIRCLE('',#6212,0.00517762837460603);
#405=CIRCLE('',#6213,0.00517762837460603);
#406=CIRCLE('',#6217,0.00167689395786402);
#407=CIRCLE('',#6218,0.00167689395786402);
#408=CIRCLE('',#6237,0.00135);
#409=CIRCLE('',#6239,0.00135);
#410=CIRCLE('',#6241,0.00135);
#411=CIRCLE('',#6243,0.00135);
#412=CIRCLE('',#6253,0.235245318825802);
#413=CIRCLE('',#6254,0.235245318825802);
#414=CIRCLE('',#6260,0.0682546148777724);
#415=CIRCLE('',#6261,0.0682546148777724);
#416=CIRCLE('',#6263,0.101545160491185);
#417=CIRCLE('',#6264,0.101545160491185);
#418=CIRCLE('',#6269,0.977246405690529);
#419=CIRCLE('',#6270,0.977246405690529);
#420=CIRCLE('',#6274,0.014055441481081);
#421=CIRCLE('',#6275,0.014055441481081);
#422=CIRCLE('',#6277,0.0297217534077575);
#423=CIRCLE('',#6278,0.0297217534077575);
#424=CIRCLE('',#6280,0.0171426696882415);
#425=CIRCLE('',#6281,0.0171426696882415);
#426=ORIENTED_EDGE('',*,*,#2132,.F.);
#427=ORIENTED_EDGE('',*,*,#2133,.F.);
#428=ORIENTED_EDGE('',*,*,#2134,.T.);
#429=ORIENTED_EDGE('',*,*,#2135,.T.);
#430=ORIENTED_EDGE('',*,*,#2136,.T.);
#431=ORIENTED_EDGE('',*,*,#2137,.F.);
#432=ORIENTED_EDGE('',*,*,#2138,.T.);
#433=ORIENTED_EDGE('',*,*,#2139,.F.);
#434=ORIENTED_EDGE('',*,*,#2140,.F.);
#435=ORIENTED_EDGE('',*,*,#2133,.T.);
#436=ORIENTED_EDGE('',*,*,#2141,.F.);
#437=ORIENTED_EDGE('',*,*,#2142,.T.);
#438=ORIENTED_EDGE('',*,*,#2137,.T.);
#439=ORIENTED_EDGE('',*,*,#2143,.T.);
#440=ORIENTED_EDGE('',*,*,#2144,.F.);
#441=ORIENTED_EDGE('',*,*,#2145,.F.);
#442=ORIENTED_EDGE('',*,*,#2146,.T.);
#443=ORIENTED_EDGE('',*,*,#2147,.T.);
#444=ORIENTED_EDGE('',*,*,#2148,.F.);
#445=ORIENTED_EDGE('',*,*,#2149,.F.);
#446=ORIENTED_EDGE('',*,*,#2150,.T.);
#447=ORIENTED_EDGE('',*,*,#2151,.F.);
#448=ORIENTED_EDGE('',*,*,#2152,.T.);
#449=ORIENTED_EDGE('',*,*,#2145,.T.);
#450=ORIENTED_EDGE('',*,*,#2153,.F.);
#451=ORIENTED_EDGE('',*,*,#2154,.T.);
#452=ORIENTED_EDGE('',*,*,#2149,.T.);
#453=ORIENTED_EDGE('',*,*,#2155,.F.);
#454=ORIENTED_EDGE('',*,*,#2156,.T.);
#455=ORIENTED_EDGE('',*,*,#2157,.F.);
#456=ORIENTED_EDGE('',*,*,#2158,.F.);
#457=ORIENTED_EDGE('',*,*,#2159,.T.);
#458=ORIENTED_EDGE('',*,*,#2160,.T.);
#459=ORIENTED_EDGE('',*,*,#2161,.T.);
#460=ORIENTED_EDGE('',*,*,#2162,.T.);
#461=ORIENTED_EDGE('',*,*,#2163,.F.);
#462=ORIENTED_EDGE('',*,*,#2164,.F.);
#463=ORIENTED_EDGE('',*,*,#2157,.T.);
#464=ORIENTED_EDGE('',*,*,#2165,.T.);
#465=ORIENTED_EDGE('',*,*,#2166,.F.);
#466=ORIENTED_EDGE('',*,*,#2167,.T.);
#467=ORIENTED_EDGE('',*,*,#2168,.F.);
#468=ORIENTED_EDGE('',*,*,#2169,.F.);
#469=ORIENTED_EDGE('',*,*,#2163,.T.);
#470=ORIENTED_EDGE('',*,*,#2170,.T.);
#471=ORIENTED_EDGE('',*,*,#2171,.F.);
#472=ORIENTED_EDGE('',*,*,#2172,.F.);
#473=ORIENTED_EDGE('',*,*,#2173,.T.);
#474=ORIENTED_EDGE('',*,*,#2174,.T.);
#475=ORIENTED_EDGE('',*,*,#2175,.T.);
#476=ORIENTED_EDGE('',*,*,#2176,.T.);
#477=ORIENTED_EDGE('',*,*,#2177,.F.);
#478=ORIENTED_EDGE('',*,*,#2178,.F.);
#479=ORIENTED_EDGE('',*,*,#2171,.T.);
#480=ORIENTED_EDGE('',*,*,#2179,.T.);
#481=ORIENTED_EDGE('',*,*,#2180,.F.);
#482=ORIENTED_EDGE('',*,*,#2181,.T.);
#483=ORIENTED_EDGE('',*,*,#2182,.F.);
#484=ORIENTED_EDGE('',*,*,#2183,.F.);
#485=ORIENTED_EDGE('',*,*,#2177,.T.);
#486=ORIENTED_EDGE('',*,*,#2184,.T.);
#487=ORIENTED_EDGE('',*,*,#2185,.F.);
#488=ORIENTED_EDGE('',*,*,#2186,.F.);
#489=ORIENTED_EDGE('',*,*,#2187,.T.);
#490=ORIENTED_EDGE('',*,*,#2188,.T.);
#491=ORIENTED_EDGE('',*,*,#2189,.F.);
#492=ORIENTED_EDGE('',*,*,#2190,.F.);
#493=ORIENTED_EDGE('',*,*,#2185,.T.);
#494=ORIENTED_EDGE('',*,*,#2191,.T.);
#495=ORIENTED_EDGE('',*,*,#2192,.F.);
#496=ORIENTED_EDGE('',*,*,#2193,.F.);
#497=ORIENTED_EDGE('',*,*,#2189,.T.);
#498=ORIENTED_EDGE('',*,*,#2194,.T.);
#499=ORIENTED_EDGE('',*,*,#2195,.F.);
#500=ORIENTED_EDGE('',*,*,#2196,.F.);
#501=ORIENTED_EDGE('',*,*,#2192,.T.);
#502=ORIENTED_EDGE('',*,*,#2197,.T.);
#503=ORIENTED_EDGE('',*,*,#2198,.F.);
#504=ORIENTED_EDGE('',*,*,#2199,.F.);
#505=ORIENTED_EDGE('',*,*,#2195,.T.);
#506=ORIENTED_EDGE('',*,*,#2200,.T.);
#507=ORIENTED_EDGE('',*,*,#2201,.F.);
#508=ORIENTED_EDGE('',*,*,#2202,.F.);
#509=ORIENTED_EDGE('',*,*,#2198,.T.);
#510=ORIENTED_EDGE('',*,*,#2203,.T.);
#511=ORIENTED_EDGE('',*,*,#2204,.F.);
#512=ORIENTED_EDGE('',*,*,#2205,.F.);
#513=ORIENTED_EDGE('',*,*,#2201,.T.);
#514=ORIENTED_EDGE('',*,*,#2206,.T.);
#515=ORIENTED_EDGE('',*,*,#2207,.F.);
#516=ORIENTED_EDGE('',*,*,#2208,.F.);
#517=ORIENTED_EDGE('',*,*,#2204,.T.);
#518=ORIENTED_EDGE('',*,*,#2209,.T.);
#519=ORIENTED_EDGE('',*,*,#2210,.F.);
#520=ORIENTED_EDGE('',*,*,#2211,.F.);
#521=ORIENTED_EDGE('',*,*,#2207,.T.);
#522=ORIENTED_EDGE('',*,*,#2212,.T.);
#523=ORIENTED_EDGE('',*,*,#2213,.F.);
#524=ORIENTED_EDGE('',*,*,#2214,.F.);
#525=ORIENTED_EDGE('',*,*,#2215,.T.);
#526=ORIENTED_EDGE('',*,*,#2216,.F.);
#527=ORIENTED_EDGE('',*,*,#2217,.F.);
#528=ORIENTED_EDGE('',*,*,#2218,.T.);
#529=ORIENTED_EDGE('',*,*,#2213,.T.);
#530=ORIENTED_EDGE('',*,*,#2219,.T.);
#531=ORIENTED_EDGE('',*,*,#2220,.F.);
#532=ORIENTED_EDGE('',*,*,#2221,.F.);
#533=ORIENTED_EDGE('',*,*,#2217,.T.);
#534=ORIENTED_EDGE('',*,*,#2222,.T.);
#535=ORIENTED_EDGE('',*,*,#2223,.F.);
#536=ORIENTED_EDGE('',*,*,#2224,.F.);
#537=ORIENTED_EDGE('',*,*,#2220,.T.);
#538=ORIENTED_EDGE('',*,*,#2225,.T.);
#539=ORIENTED_EDGE('',*,*,#2226,.F.);
#540=ORIENTED_EDGE('',*,*,#2227,.F.);
#541=ORIENTED_EDGE('',*,*,#2223,.T.);
#542=ORIENTED_EDGE('',*,*,#2228,.F.);
#543=ORIENTED_EDGE('',*,*,#2229,.F.);
#544=ORIENTED_EDGE('',*,*,#2230,.T.);
#545=ORIENTED_EDGE('',*,*,#2226,.T.);
#546=ORIENTED_EDGE('',*,*,#2231,.F.);
#547=ORIENTED_EDGE('',*,*,#2232,.F.);
#548=ORIENTED_EDGE('',*,*,#2233,.T.);
#549=ORIENTED_EDGE('',*,*,#2229,.T.);
#550=ORIENTED_EDGE('',*,*,#2234,.F.);
#551=ORIENTED_EDGE('',*,*,#2235,.T.);
#552=ORIENTED_EDGE('',*,*,#2236,.F.);
#553=ORIENTED_EDGE('',*,*,#2237,.T.);
#554=ORIENTED_EDGE('',*,*,#2238,.F.);
#555=ORIENTED_EDGE('',*,*,#2239,.T.);
#556=ORIENTED_EDGE('',*,*,#2240,.F.);
#557=ORIENTED_EDGE('',*,*,#2241,.T.);
#558=ORIENTED_EDGE('',*,*,#2242,.F.);
#559=ORIENTED_EDGE('',*,*,#2243,.T.);
#560=ORIENTED_EDGE('',*,*,#2244,.F.);
#561=ORIENTED_EDGE('',*,*,#2245,.T.);
#562=ORIENTED_EDGE('',*,*,#2246,.T.);
#563=ORIENTED_EDGE('',*,*,#2135,.F.);
#564=ORIENTED_EDGE('',*,*,#2247,.F.);
#565=ORIENTED_EDGE('',*,*,#2248,.T.);
#566=ORIENTED_EDGE('',*,*,#2249,.T.);
#567=ORIENTED_EDGE('',*,*,#2141,.T.);
#568=ORIENTED_EDGE('',*,*,#2250,.F.);
#569=ORIENTED_EDGE('',*,*,#2147,.F.);
#570=ORIENTED_EDGE('',*,*,#2251,.T.);
#571=ORIENTED_EDGE('',*,*,#2252,.T.);
#572=ORIENTED_EDGE('',*,*,#2253,.T.);
#573=ORIENTED_EDGE('',*,*,#2153,.T.);
#574=ORIENTED_EDGE('',*,*,#2254,.F.);
#575=ORIENTED_EDGE('',*,*,#2255,.T.);
#576=ORIENTED_EDGE('',*,*,#2256,.F.);
#577=ORIENTED_EDGE('',*,*,#2257,.T.);
#578=ORIENTED_EDGE('',*,*,#2258,.F.);
#579=ORIENTED_EDGE('',*,*,#2259,.T.);
#580=ORIENTED_EDGE('',*,*,#2260,.F.);
#581=ORIENTED_EDGE('',*,*,#2261,.T.);
#582=ORIENTED_EDGE('',*,*,#2262,.F.);
#583=ORIENTED_EDGE('',*,*,#2263,.T.);
#584=ORIENTED_EDGE('',*,*,#2161,.F.);
#585=ORIENTED_EDGE('',*,*,#2264,.T.);
#586=ORIENTED_EDGE('',*,*,#2166,.T.);
#587=ORIENTED_EDGE('',*,*,#2265,.T.);
#588=ORIENTED_EDGE('',*,*,#2175,.F.);
#589=ORIENTED_EDGE('',*,*,#2266,.T.);
#590=ORIENTED_EDGE('',*,*,#2180,.T.);
#591=ORIENTED_EDGE('',*,*,#2267,.T.);
#592=ORIENTED_EDGE('',*,*,#2268,.T.);
#593=ORIENTED_EDGE('',*,*,#2187,.F.);
#594=ORIENTED_EDGE('',*,*,#2269,.F.);
#595=ORIENTED_EDGE('',*,*,#2210,.T.);
#596=ORIENTED_EDGE('',*,*,#2270,.F.);
#597=ORIENTED_EDGE('',*,*,#2271,.T.);
#598=ORIENTED_EDGE('',*,*,#2272,.F.);
#599=ORIENTED_EDGE('',*,*,#2273,.T.);
#600=ORIENTED_EDGE('',*,*,#2274,.F.);
#601=ORIENTED_EDGE('',*,*,#2275,.T.);
#602=ORIENTED_EDGE('',*,*,#2276,.F.);
#603=ORIENTED_EDGE('',*,*,#2277,.T.);
#604=ORIENTED_EDGE('',*,*,#2278,.T.);
#605=ORIENTED_EDGE('',*,*,#2215,.F.);
#606=ORIENTED_EDGE('',*,*,#2279,.F.);
#607=ORIENTED_EDGE('',*,*,#2232,.T.);
#608=ORIENTED_EDGE('',*,*,#2280,.F.);
#609=ORIENTED_EDGE('',*,*,#2281,.T.);
#610=ORIENTED_EDGE('',*,*,#2282,.T.);
#611=ORIENTED_EDGE('',*,*,#2283,.T.);
#612=ORIENTED_EDGE('',*,*,#2284,.T.);
#613=ORIENTED_EDGE('',*,*,#2285,.T.);
#614=ORIENTED_EDGE('',*,*,#2212,.F.);
#615=ORIENTED_EDGE('',*,*,#2278,.F.);
#616=ORIENTED_EDGE('',*,*,#2231,.T.);
#617=ORIENTED_EDGE('',*,*,#2228,.T.);
#618=ORIENTED_EDGE('',*,*,#2225,.F.);
#619=ORIENTED_EDGE('',*,*,#2222,.F.);
#620=ORIENTED_EDGE('',*,*,#2219,.F.);
#621=ORIENTED_EDGE('',*,*,#2216,.T.);
#622=ORIENTED_EDGE('',*,*,#2276,.T.);
#623=ORIENTED_EDGE('',*,*,#2274,.T.);
#624=ORIENTED_EDGE('',*,*,#2272,.T.);
#625=ORIENTED_EDGE('',*,*,#2270,.T.);
#626=ORIENTED_EDGE('',*,*,#2184,.F.);
#627=ORIENTED_EDGE('',*,*,#2268,.F.);
#628=ORIENTED_EDGE('',*,*,#2209,.F.);
#629=ORIENTED_EDGE('',*,*,#2206,.F.);
#630=ORIENTED_EDGE('',*,*,#2203,.F.);
#631=ORIENTED_EDGE('',*,*,#2200,.F.);
#632=ORIENTED_EDGE('',*,*,#2197,.F.);
#633=ORIENTED_EDGE('',*,*,#2194,.F.);
#634=ORIENTED_EDGE('',*,*,#2191,.F.);
#635=ORIENTED_EDGE('',*,*,#2188,.F.);
#636=ORIENTED_EDGE('',*,*,#2170,.F.);
#637=ORIENTED_EDGE('',*,*,#2267,.F.);
#638=ORIENTED_EDGE('',*,*,#2179,.F.);
#639=ORIENTED_EDGE('',*,*,#2176,.F.);
#640=ORIENTED_EDGE('',*,*,#2156,.F.);
#641=ORIENTED_EDGE('',*,*,#2265,.F.);
#642=ORIENTED_EDGE('',*,*,#2165,.F.);
#643=ORIENTED_EDGE('',*,*,#2162,.F.);
#644=ORIENTED_EDGE('',*,*,#2262,.T.);
#645=ORIENTED_EDGE('',*,*,#2260,.T.);
#646=ORIENTED_EDGE('',*,*,#2258,.T.);
#647=ORIENTED_EDGE('',*,*,#2256,.T.);
#648=ORIENTED_EDGE('',*,*,#2254,.T.);
#649=ORIENTED_EDGE('',*,*,#2144,.T.);
#650=ORIENTED_EDGE('',*,*,#2250,.T.);
#651=ORIENTED_EDGE('',*,*,#2155,.T.);
#652=ORIENTED_EDGE('',*,*,#2148,.T.);
#653=ORIENTED_EDGE('',*,*,#2132,.T.);
#654=ORIENTED_EDGE('',*,*,#2246,.F.);
#655=ORIENTED_EDGE('',*,*,#2143,.F.);
#656=ORIENTED_EDGE('',*,*,#2136,.F.);
#657=ORIENTED_EDGE('',*,*,#2244,.T.);
#658=ORIENTED_EDGE('',*,*,#2242,.T.);
#659=ORIENTED_EDGE('',*,*,#2240,.T.);
#660=ORIENTED_EDGE('',*,*,#2238,.T.);
#661=ORIENTED_EDGE('',*,*,#2236,.T.);
#662=ORIENTED_EDGE('',*,*,#2234,.T.);
#663=ORIENTED_EDGE('',*,*,#2280,.T.);
#664=ORIENTED_EDGE('',*,*,#2286,.F.);
#665=ORIENTED_EDGE('',*,*,#2287,.F.);
#666=ORIENTED_EDGE('',*,*,#2288,.T.);
#667=ORIENTED_EDGE('',*,*,#2289,.T.);
#668=ORIENTED_EDGE('',*,*,#2287,.T.);
#669=ORIENTED_EDGE('',*,*,#2290,.T.);
#670=ORIENTED_EDGE('',*,*,#2291,.F.);
#671=ORIENTED_EDGE('',*,*,#2292,.F.);
#672=ORIENTED_EDGE('',*,*,#2291,.T.);
#673=ORIENTED_EDGE('',*,*,#2293,.T.);
#674=ORIENTED_EDGE('',*,*,#2294,.F.);
#675=ORIENTED_EDGE('',*,*,#2295,.F.);
#676=ORIENTED_EDGE('',*,*,#2296,.T.);
#677=ORIENTED_EDGE('',*,*,#2297,.F.);
#678=ORIENTED_EDGE('',*,*,#2298,.F.);
#679=ORIENTED_EDGE('',*,*,#2299,.T.);
#680=ORIENTED_EDGE('',*,*,#2300,.T.);
#681=ORIENTED_EDGE('',*,*,#2301,.F.);
#682=ORIENTED_EDGE('',*,*,#2302,.F.);
#683=ORIENTED_EDGE('',*,*,#2297,.T.);
#684=ORIENTED_EDGE('',*,*,#2303,.T.);
#685=ORIENTED_EDGE('',*,*,#2304,.F.);
#686=ORIENTED_EDGE('',*,*,#2305,.F.);
#687=ORIENTED_EDGE('',*,*,#2301,.T.);
#688=ORIENTED_EDGE('',*,*,#2306,.T.);
#689=ORIENTED_EDGE('',*,*,#2307,.F.);
#690=ORIENTED_EDGE('',*,*,#2308,.F.);
#691=ORIENTED_EDGE('',*,*,#2304,.T.);
#692=ORIENTED_EDGE('',*,*,#2309,.T.);
#693=ORIENTED_EDGE('',*,*,#2310,.F.);
#694=ORIENTED_EDGE('',*,*,#2311,.F.);
#695=ORIENTED_EDGE('',*,*,#2307,.T.);
#696=ORIENTED_EDGE('',*,*,#2312,.T.);
#697=ORIENTED_EDGE('',*,*,#2313,.F.);
#698=ORIENTED_EDGE('',*,*,#2314,.F.);
#699=ORIENTED_EDGE('',*,*,#2310,.T.);
#700=ORIENTED_EDGE('',*,*,#2315,.T.);
#701=ORIENTED_EDGE('',*,*,#2316,.F.);
#702=ORIENTED_EDGE('',*,*,#2317,.F.);
#703=ORIENTED_EDGE('',*,*,#2313,.T.);
#704=ORIENTED_EDGE('',*,*,#2318,.T.);
#705=ORIENTED_EDGE('',*,*,#2319,.F.);
#706=ORIENTED_EDGE('',*,*,#2320,.F.);
#707=ORIENTED_EDGE('',*,*,#2316,.T.);
#708=ORIENTED_EDGE('',*,*,#2321,.T.);
#709=ORIENTED_EDGE('',*,*,#2322,.F.);
#710=ORIENTED_EDGE('',*,*,#2323,.F.);
#711=ORIENTED_EDGE('',*,*,#2319,.T.);
#712=ORIENTED_EDGE('',*,*,#2324,.T.);
#713=ORIENTED_EDGE('',*,*,#2325,.F.);
#714=ORIENTED_EDGE('',*,*,#2326,.F.);
#715=ORIENTED_EDGE('',*,*,#2322,.T.);
#716=ORIENTED_EDGE('',*,*,#2327,.T.);
#717=ORIENTED_EDGE('',*,*,#2328,.F.);
#718=ORIENTED_EDGE('',*,*,#2329,.F.);
#719=ORIENTED_EDGE('',*,*,#2325,.T.);
#720=ORIENTED_EDGE('',*,*,#2330,.T.);
#721=ORIENTED_EDGE('',*,*,#2331,.F.);
#722=ORIENTED_EDGE('',*,*,#2332,.F.);
#723=ORIENTED_EDGE('',*,*,#2328,.T.);
#724=ORIENTED_EDGE('',*,*,#2333,.T.);
#725=ORIENTED_EDGE('',*,*,#2334,.F.);
#726=ORIENTED_EDGE('',*,*,#2335,.F.);
#727=ORIENTED_EDGE('',*,*,#2331,.T.);
#728=ORIENTED_EDGE('',*,*,#2336,.T.);
#729=ORIENTED_EDGE('',*,*,#2337,.F.);
#730=ORIENTED_EDGE('',*,*,#2338,.F.);
#731=ORIENTED_EDGE('',*,*,#2334,.T.);
#732=ORIENTED_EDGE('',*,*,#2339,.T.);
#733=ORIENTED_EDGE('',*,*,#2340,.F.);
#734=ORIENTED_EDGE('',*,*,#2341,.F.);
#735=ORIENTED_EDGE('',*,*,#2337,.T.);
#736=ORIENTED_EDGE('',*,*,#2342,.T.);
#737=ORIENTED_EDGE('',*,*,#2343,.F.);
#738=ORIENTED_EDGE('',*,*,#2344,.F.);
#739=ORIENTED_EDGE('',*,*,#2340,.T.);
#740=ORIENTED_EDGE('',*,*,#2345,.T.);
#741=ORIENTED_EDGE('',*,*,#2346,.F.);
#742=ORIENTED_EDGE('',*,*,#2347,.F.);
#743=ORIENTED_EDGE('',*,*,#2348,.T.);
#744=ORIENTED_EDGE('',*,*,#2349,.T.);
#745=ORIENTED_EDGE('',*,*,#2350,.F.);
#746=ORIENTED_EDGE('',*,*,#2351,.F.);
#747=ORIENTED_EDGE('',*,*,#2346,.T.);
#748=ORIENTED_EDGE('',*,*,#2352,.T.);
#749=ORIENTED_EDGE('',*,*,#2353,.F.);
#750=ORIENTED_EDGE('',*,*,#2354,.F.);
#751=ORIENTED_EDGE('',*,*,#2350,.T.);
#752=ORIENTED_EDGE('',*,*,#2355,.T.);
#753=ORIENTED_EDGE('',*,*,#2356,.F.);
#754=ORIENTED_EDGE('',*,*,#2357,.F.);
#755=ORIENTED_EDGE('',*,*,#2353,.T.);
#756=ORIENTED_EDGE('',*,*,#2358,.T.);
#757=ORIENTED_EDGE('',*,*,#2359,.F.);
#758=ORIENTED_EDGE('',*,*,#2360,.F.);
#759=ORIENTED_EDGE('',*,*,#2356,.T.);
#760=ORIENTED_EDGE('',*,*,#2361,.T.);
#761=ORIENTED_EDGE('',*,*,#2362,.F.);
#762=ORIENTED_EDGE('',*,*,#2363,.F.);
#763=ORIENTED_EDGE('',*,*,#2359,.T.);
#764=ORIENTED_EDGE('',*,*,#2364,.T.);
#765=ORIENTED_EDGE('',*,*,#2365,.F.);
#766=ORIENTED_EDGE('',*,*,#2366,.F.);
#767=ORIENTED_EDGE('',*,*,#2362,.T.);
#768=ORIENTED_EDGE('',*,*,#2367,.T.);
#769=ORIENTED_EDGE('',*,*,#2368,.F.);
#770=ORIENTED_EDGE('',*,*,#2369,.F.);
#771=ORIENTED_EDGE('',*,*,#2365,.T.);
#772=ORIENTED_EDGE('',*,*,#2370,.T.);
#773=ORIENTED_EDGE('',*,*,#2371,.F.);
#774=ORIENTED_EDGE('',*,*,#2372,.F.);
#775=ORIENTED_EDGE('',*,*,#2368,.T.);
#776=ORIENTED_EDGE('',*,*,#2373,.T.);
#777=ORIENTED_EDGE('',*,*,#2374,.F.);
#778=ORIENTED_EDGE('',*,*,#2375,.F.);
#779=ORIENTED_EDGE('',*,*,#2371,.T.);
#780=ORIENTED_EDGE('',*,*,#2376,.T.);
#781=ORIENTED_EDGE('',*,*,#2377,.F.);
#782=ORIENTED_EDGE('',*,*,#2378,.F.);
#783=ORIENTED_EDGE('',*,*,#2374,.T.);
#784=ORIENTED_EDGE('',*,*,#2379,.T.);
#785=ORIENTED_EDGE('',*,*,#2380,.F.);
#786=ORIENTED_EDGE('',*,*,#2381,.F.);
#787=ORIENTED_EDGE('',*,*,#2377,.T.);
#788=ORIENTED_EDGE('',*,*,#2382,.T.);
#789=ORIENTED_EDGE('',*,*,#2383,.F.);
#790=ORIENTED_EDGE('',*,*,#2384,.F.);
#791=ORIENTED_EDGE('',*,*,#2385,.T.);
#792=ORIENTED_EDGE('',*,*,#2386,.T.);
#793=ORIENTED_EDGE('',*,*,#2387,.F.);
#794=ORIENTED_EDGE('',*,*,#2388,.F.);
#795=ORIENTED_EDGE('',*,*,#2383,.T.);
#796=ORIENTED_EDGE('',*,*,#2389,.T.);
#797=ORIENTED_EDGE('',*,*,#2390,.F.);
#798=ORIENTED_EDGE('',*,*,#2391,.F.);
#799=ORIENTED_EDGE('',*,*,#2387,.T.);
#800=ORIENTED_EDGE('',*,*,#2392,.T.);
#801=ORIENTED_EDGE('',*,*,#2393,.F.);
#802=ORIENTED_EDGE('',*,*,#2394,.F.);
#803=ORIENTED_EDGE('',*,*,#2390,.T.);
#804=ORIENTED_EDGE('',*,*,#2395,.T.);
#805=ORIENTED_EDGE('',*,*,#2396,.F.);
#806=ORIENTED_EDGE('',*,*,#2397,.F.);
#807=ORIENTED_EDGE('',*,*,#2393,.T.);
#808=ORIENTED_EDGE('',*,*,#2398,.T.);
#809=ORIENTED_EDGE('',*,*,#2399,.F.);
#810=ORIENTED_EDGE('',*,*,#2400,.F.);
#811=ORIENTED_EDGE('',*,*,#2396,.T.);
#812=ORIENTED_EDGE('',*,*,#2401,.T.);
#813=ORIENTED_EDGE('',*,*,#2402,.F.);
#814=ORIENTED_EDGE('',*,*,#2403,.F.);
#815=ORIENTED_EDGE('',*,*,#2399,.T.);
#816=ORIENTED_EDGE('',*,*,#2404,.T.);
#817=ORIENTED_EDGE('',*,*,#2405,.F.);
#818=ORIENTED_EDGE('',*,*,#2406,.F.);
#819=ORIENTED_EDGE('',*,*,#2402,.T.);
#820=ORIENTED_EDGE('',*,*,#2407,.T.);
#821=ORIENTED_EDGE('',*,*,#2408,.F.);
#822=ORIENTED_EDGE('',*,*,#2409,.F.);
#823=ORIENTED_EDGE('',*,*,#2405,.T.);
#824=ORIENTED_EDGE('',*,*,#2410,.T.);
#825=ORIENTED_EDGE('',*,*,#2411,.F.);
#826=ORIENTED_EDGE('',*,*,#2412,.F.);
#827=ORIENTED_EDGE('',*,*,#2408,.T.);
#828=ORIENTED_EDGE('',*,*,#2413,.T.);
#829=ORIENTED_EDGE('',*,*,#2414,.F.);
#830=ORIENTED_EDGE('',*,*,#2415,.F.);
#831=ORIENTED_EDGE('',*,*,#2411,.T.);
#832=ORIENTED_EDGE('',*,*,#2416,.T.);
#833=ORIENTED_EDGE('',*,*,#2417,.F.);
#834=ORIENTED_EDGE('',*,*,#2418,.F.);
#835=ORIENTED_EDGE('',*,*,#2414,.T.);
#836=ORIENTED_EDGE('',*,*,#2419,.T.);
#837=ORIENTED_EDGE('',*,*,#2420,.F.);
#838=ORIENTED_EDGE('',*,*,#2421,.F.);
#839=ORIENTED_EDGE('',*,*,#2417,.T.);
#840=ORIENTED_EDGE('',*,*,#2422,.T.);
#841=ORIENTED_EDGE('',*,*,#2423,.F.);
#842=ORIENTED_EDGE('',*,*,#2424,.F.);
#843=ORIENTED_EDGE('',*,*,#2420,.T.);
#844=ORIENTED_EDGE('',*,*,#2425,.T.);
#845=ORIENTED_EDGE('',*,*,#2426,.F.);
#846=ORIENTED_EDGE('',*,*,#2427,.F.);
#847=ORIENTED_EDGE('',*,*,#2423,.T.);
#848=ORIENTED_EDGE('',*,*,#2428,.T.);
#849=ORIENTED_EDGE('',*,*,#2429,.F.);
#850=ORIENTED_EDGE('',*,*,#2430,.F.);
#851=ORIENTED_EDGE('',*,*,#2426,.T.);
#852=ORIENTED_EDGE('',*,*,#2431,.T.);
#853=ORIENTED_EDGE('',*,*,#2432,.F.);
#854=ORIENTED_EDGE('',*,*,#2433,.F.);
#855=ORIENTED_EDGE('',*,*,#2429,.T.);
#856=ORIENTED_EDGE('',*,*,#2434,.T.);
#857=ORIENTED_EDGE('',*,*,#2435,.F.);
#858=ORIENTED_EDGE('',*,*,#2436,.F.);
#859=ORIENTED_EDGE('',*,*,#2432,.T.);
#860=ORIENTED_EDGE('',*,*,#2437,.T.);
#861=ORIENTED_EDGE('',*,*,#2438,.F.);
#862=ORIENTED_EDGE('',*,*,#2439,.F.);
#863=ORIENTED_EDGE('',*,*,#2435,.T.);
#864=ORIENTED_EDGE('',*,*,#2440,.T.);
#865=ORIENTED_EDGE('',*,*,#2441,.F.);
#866=ORIENTED_EDGE('',*,*,#2442,.F.);
#867=ORIENTED_EDGE('',*,*,#2438,.T.);
#868=ORIENTED_EDGE('',*,*,#2443,.T.);
#869=ORIENTED_EDGE('',*,*,#2444,.F.);
#870=ORIENTED_EDGE('',*,*,#2445,.F.);
#871=ORIENTED_EDGE('',*,*,#2441,.T.);
#872=ORIENTED_EDGE('',*,*,#2446,.T.);
#873=ORIENTED_EDGE('',*,*,#2447,.F.);
#874=ORIENTED_EDGE('',*,*,#2448,.F.);
#875=ORIENTED_EDGE('',*,*,#2444,.T.);
#876=ORIENTED_EDGE('',*,*,#2449,.T.);
#877=ORIENTED_EDGE('',*,*,#2450,.F.);
#878=ORIENTED_EDGE('',*,*,#2451,.F.);
#879=ORIENTED_EDGE('',*,*,#2447,.T.);
#880=ORIENTED_EDGE('',*,*,#2452,.T.);
#881=ORIENTED_EDGE('',*,*,#2453,.F.);
#882=ORIENTED_EDGE('',*,*,#2454,.F.);
#883=ORIENTED_EDGE('',*,*,#2450,.T.);
#884=ORIENTED_EDGE('',*,*,#2455,.T.);
#885=ORIENTED_EDGE('',*,*,#2456,.F.);
#886=ORIENTED_EDGE('',*,*,#2457,.F.);
#887=ORIENTED_EDGE('',*,*,#2453,.T.);
#888=ORIENTED_EDGE('',*,*,#2458,.T.);
#889=ORIENTED_EDGE('',*,*,#2459,.F.);
#890=ORIENTED_EDGE('',*,*,#2460,.F.);
#891=ORIENTED_EDGE('',*,*,#2456,.T.);
#892=ORIENTED_EDGE('',*,*,#2461,.T.);
#893=ORIENTED_EDGE('',*,*,#2462,.F.);
#894=ORIENTED_EDGE('',*,*,#2463,.F.);
#895=ORIENTED_EDGE('',*,*,#2459,.T.);
#896=ORIENTED_EDGE('',*,*,#2464,.T.);
#897=ORIENTED_EDGE('',*,*,#2465,.F.);
#898=ORIENTED_EDGE('',*,*,#2466,.F.);
#899=ORIENTED_EDGE('',*,*,#2462,.T.);
#900=ORIENTED_EDGE('',*,*,#2467,.T.);
#901=ORIENTED_EDGE('',*,*,#2468,.F.);
#902=ORIENTED_EDGE('',*,*,#2469,.F.);
#903=ORIENTED_EDGE('',*,*,#2470,.T.);
#904=ORIENTED_EDGE('',*,*,#2471,.T.);
#905=ORIENTED_EDGE('',*,*,#2472,.F.);
#906=ORIENTED_EDGE('',*,*,#2473,.F.);
#907=ORIENTED_EDGE('',*,*,#2468,.T.);
#908=ORIENTED_EDGE('',*,*,#2474,.T.);
#909=ORIENTED_EDGE('',*,*,#2475,.F.);
#910=ORIENTED_EDGE('',*,*,#2476,.F.);
#911=ORIENTED_EDGE('',*,*,#2472,.T.);
#912=ORIENTED_EDGE('',*,*,#2477,.T.);
#913=ORIENTED_EDGE('',*,*,#2478,.F.);
#914=ORIENTED_EDGE('',*,*,#2479,.F.);
#915=ORIENTED_EDGE('',*,*,#2475,.T.);
#916=ORIENTED_EDGE('',*,*,#2480,.T.);
#917=ORIENTED_EDGE('',*,*,#2481,.F.);
#918=ORIENTED_EDGE('',*,*,#2482,.F.);
#919=ORIENTED_EDGE('',*,*,#2478,.T.);
#920=ORIENTED_EDGE('',*,*,#2483,.T.);
#921=ORIENTED_EDGE('',*,*,#2484,.F.);
#922=ORIENTED_EDGE('',*,*,#2485,.F.);
#923=ORIENTED_EDGE('',*,*,#2481,.T.);
#924=ORIENTED_EDGE('',*,*,#2486,.T.);
#925=ORIENTED_EDGE('',*,*,#2487,.F.);
#926=ORIENTED_EDGE('',*,*,#2488,.F.);
#927=ORIENTED_EDGE('',*,*,#2484,.T.);
#928=ORIENTED_EDGE('',*,*,#2489,.T.);
#929=ORIENTED_EDGE('',*,*,#2490,.F.);
#930=ORIENTED_EDGE('',*,*,#2491,.F.);
#931=ORIENTED_EDGE('',*,*,#2487,.T.);
#932=ORIENTED_EDGE('',*,*,#2492,.T.);
#933=ORIENTED_EDGE('',*,*,#2493,.F.);
#934=ORIENTED_EDGE('',*,*,#2494,.F.);
#935=ORIENTED_EDGE('',*,*,#2490,.T.);
#936=ORIENTED_EDGE('',*,*,#2495,.T.);
#937=ORIENTED_EDGE('',*,*,#2496,.F.);
#938=ORIENTED_EDGE('',*,*,#2497,.F.);
#939=ORIENTED_EDGE('',*,*,#2493,.T.);
#940=ORIENTED_EDGE('',*,*,#2498,.T.);
#941=ORIENTED_EDGE('',*,*,#2499,.F.);
#942=ORIENTED_EDGE('',*,*,#2500,.F.);
#943=ORIENTED_EDGE('',*,*,#2501,.T.);
#944=ORIENTED_EDGE('',*,*,#2502,.T.);
#945=ORIENTED_EDGE('',*,*,#2503,.F.);
#946=ORIENTED_EDGE('',*,*,#2504,.F.);
#947=ORIENTED_EDGE('',*,*,#2499,.T.);
#948=ORIENTED_EDGE('',*,*,#2505,.T.);
#949=ORIENTED_EDGE('',*,*,#2506,.F.);
#950=ORIENTED_EDGE('',*,*,#2507,.F.);
#951=ORIENTED_EDGE('',*,*,#2503,.T.);
#952=ORIENTED_EDGE('',*,*,#2508,.T.);
#953=ORIENTED_EDGE('',*,*,#2509,.F.);
#954=ORIENTED_EDGE('',*,*,#2510,.F.);
#955=ORIENTED_EDGE('',*,*,#2506,.T.);
#956=ORIENTED_EDGE('',*,*,#2511,.T.);
#957=ORIENTED_EDGE('',*,*,#2512,.F.);
#958=ORIENTED_EDGE('',*,*,#2513,.F.);
#959=ORIENTED_EDGE('',*,*,#2509,.T.);
#960=ORIENTED_EDGE('',*,*,#2514,.T.);
#961=ORIENTED_EDGE('',*,*,#2515,.F.);
#962=ORIENTED_EDGE('',*,*,#2516,.F.);
#963=ORIENTED_EDGE('',*,*,#2512,.T.);
#964=ORIENTED_EDGE('',*,*,#2517,.T.);
#965=ORIENTED_EDGE('',*,*,#2518,.F.);
#966=ORIENTED_EDGE('',*,*,#2519,.F.);
#967=ORIENTED_EDGE('',*,*,#2515,.T.);
#968=ORIENTED_EDGE('',*,*,#2520,.T.);
#969=ORIENTED_EDGE('',*,*,#2521,.F.);
#970=ORIENTED_EDGE('',*,*,#2522,.F.);
#971=ORIENTED_EDGE('',*,*,#2518,.T.);
#972=ORIENTED_EDGE('',*,*,#2523,.T.);
#973=ORIENTED_EDGE('',*,*,#2524,.F.);
#974=ORIENTED_EDGE('',*,*,#2525,.F.);
#975=ORIENTED_EDGE('',*,*,#2521,.T.);
#976=ORIENTED_EDGE('',*,*,#2526,.T.);
#977=ORIENTED_EDGE('',*,*,#2527,.F.);
#978=ORIENTED_EDGE('',*,*,#2528,.F.);
#979=ORIENTED_EDGE('',*,*,#2529,.T.);
#980=ORIENTED_EDGE('',*,*,#2530,.T.);
#981=ORIENTED_EDGE('',*,*,#2531,.F.);
#982=ORIENTED_EDGE('',*,*,#2532,.F.);
#983=ORIENTED_EDGE('',*,*,#2527,.T.);
#984=ORIENTED_EDGE('',*,*,#2533,.T.);
#985=ORIENTED_EDGE('',*,*,#2534,.F.);
#986=ORIENTED_EDGE('',*,*,#2535,.F.);
#987=ORIENTED_EDGE('',*,*,#2531,.T.);
#988=ORIENTED_EDGE('',*,*,#2536,.T.);
#989=ORIENTED_EDGE('',*,*,#2537,.F.);
#990=ORIENTED_EDGE('',*,*,#2538,.F.);
#991=ORIENTED_EDGE('',*,*,#2534,.T.);
#992=ORIENTED_EDGE('',*,*,#2539,.T.);
#993=ORIENTED_EDGE('',*,*,#2540,.F.);
#994=ORIENTED_EDGE('',*,*,#2541,.F.);
#995=ORIENTED_EDGE('',*,*,#2537,.T.);
#996=ORIENTED_EDGE('',*,*,#2542,.T.);
#997=ORIENTED_EDGE('',*,*,#2543,.F.);
#998=ORIENTED_EDGE('',*,*,#2544,.F.);
#999=ORIENTED_EDGE('',*,*,#2540,.T.);
#1000=ORIENTED_EDGE('',*,*,#2545,.T.);
#1001=ORIENTED_EDGE('',*,*,#2546,.F.);
#1002=ORIENTED_EDGE('',*,*,#2547,.F.);
#1003=ORIENTED_EDGE('',*,*,#2543,.T.);
#1004=ORIENTED_EDGE('',*,*,#2548,.T.);
#1005=ORIENTED_EDGE('',*,*,#2549,.F.);
#1006=ORIENTED_EDGE('',*,*,#2550,.F.);
#1007=ORIENTED_EDGE('',*,*,#2546,.T.);
#1008=ORIENTED_EDGE('',*,*,#2551,.T.);
#1009=ORIENTED_EDGE('',*,*,#2552,.F.);
#1010=ORIENTED_EDGE('',*,*,#2553,.F.);
#1011=ORIENTED_EDGE('',*,*,#2549,.T.);
#1012=ORIENTED_EDGE('',*,*,#2554,.T.);
#1013=ORIENTED_EDGE('',*,*,#2555,.F.);
#1014=ORIENTED_EDGE('',*,*,#2556,.F.);
#1015=ORIENTED_EDGE('',*,*,#2552,.T.);
#1016=ORIENTED_EDGE('',*,*,#2557,.T.);
#1017=ORIENTED_EDGE('',*,*,#2558,.F.);
#1018=ORIENTED_EDGE('',*,*,#2559,.F.);
#1019=ORIENTED_EDGE('',*,*,#2555,.T.);
#1020=ORIENTED_EDGE('',*,*,#2560,.T.);
#1021=ORIENTED_EDGE('',*,*,#2561,.F.);
#1022=ORIENTED_EDGE('',*,*,#2562,.F.);
#1023=ORIENTED_EDGE('',*,*,#2558,.T.);
#1024=ORIENTED_EDGE('',*,*,#2563,.T.);
#1025=ORIENTED_EDGE('',*,*,#2564,.F.);
#1026=ORIENTED_EDGE('',*,*,#2565,.F.);
#1027=ORIENTED_EDGE('',*,*,#2561,.T.);
#1028=ORIENTED_EDGE('',*,*,#2566,.T.);
#1029=ORIENTED_EDGE('',*,*,#2567,.F.);
#1030=ORIENTED_EDGE('',*,*,#2568,.F.);
#1031=ORIENTED_EDGE('',*,*,#2564,.T.);
#1032=ORIENTED_EDGE('',*,*,#2569,.T.);
#1033=ORIENTED_EDGE('',*,*,#2570,.F.);
#1034=ORIENTED_EDGE('',*,*,#2571,.F.);
#1035=ORIENTED_EDGE('',*,*,#2567,.T.);
#1036=ORIENTED_EDGE('',*,*,#2572,.T.);
#1037=ORIENTED_EDGE('',*,*,#2573,.F.);
#1038=ORIENTED_EDGE('',*,*,#2574,.F.);
#1039=ORIENTED_EDGE('',*,*,#2570,.T.);
#1040=ORIENTED_EDGE('',*,*,#2575,.T.);
#1041=ORIENTED_EDGE('',*,*,#2576,.F.);
#1042=ORIENTED_EDGE('',*,*,#2577,.F.);
#1043=ORIENTED_EDGE('',*,*,#2573,.T.);
#1044=ORIENTED_EDGE('',*,*,#2578,.T.);
#1045=ORIENTED_EDGE('',*,*,#2579,.F.);
#1046=ORIENTED_EDGE('',*,*,#2580,.F.);
#1047=ORIENTED_EDGE('',*,*,#2576,.T.);
#1048=ORIENTED_EDGE('',*,*,#2581,.T.);
#1049=ORIENTED_EDGE('',*,*,#2582,.F.);
#1050=ORIENTED_EDGE('',*,*,#2583,.F.);
#1051=ORIENTED_EDGE('',*,*,#2579,.T.);
#1052=ORIENTED_EDGE('',*,*,#2584,.T.);
#1053=ORIENTED_EDGE('',*,*,#2585,.F.);
#1054=ORIENTED_EDGE('',*,*,#2586,.F.);
#1055=ORIENTED_EDGE('',*,*,#2587,.T.);
#1056=ORIENTED_EDGE('',*,*,#2588,.T.);
#1057=ORIENTED_EDGE('',*,*,#2589,.F.);
#1058=ORIENTED_EDGE('',*,*,#2590,.F.);
#1059=ORIENTED_EDGE('',*,*,#2585,.T.);
#1060=ORIENTED_EDGE('',*,*,#2591,.T.);
#1061=ORIENTED_EDGE('',*,*,#2592,.F.);
#1062=ORIENTED_EDGE('',*,*,#2593,.F.);
#1063=ORIENTED_EDGE('',*,*,#2589,.T.);
#1064=ORIENTED_EDGE('',*,*,#2594,.T.);
#1065=ORIENTED_EDGE('',*,*,#2595,.F.);
#1066=ORIENTED_EDGE('',*,*,#2596,.F.);
#1067=ORIENTED_EDGE('',*,*,#2592,.T.);
#1068=ORIENTED_EDGE('',*,*,#2597,.T.);
#1069=ORIENTED_EDGE('',*,*,#2598,.F.);
#1070=ORIENTED_EDGE('',*,*,#2599,.F.);
#1071=ORIENTED_EDGE('',*,*,#2595,.T.);
#1072=ORIENTED_EDGE('',*,*,#2600,.T.);
#1073=ORIENTED_EDGE('',*,*,#2601,.F.);
#1074=ORIENTED_EDGE('',*,*,#2602,.F.);
#1075=ORIENTED_EDGE('',*,*,#2598,.T.);
#1076=ORIENTED_EDGE('',*,*,#2603,.T.);
#1077=ORIENTED_EDGE('',*,*,#2604,.F.);
#1078=ORIENTED_EDGE('',*,*,#2605,.F.);
#1079=ORIENTED_EDGE('',*,*,#2601,.T.);
#1080=ORIENTED_EDGE('',*,*,#2606,.T.);
#1081=ORIENTED_EDGE('',*,*,#2607,.F.);
#1082=ORIENTED_EDGE('',*,*,#2608,.F.);
#1083=ORIENTED_EDGE('',*,*,#2604,.T.);
#1084=ORIENTED_EDGE('',*,*,#2609,.T.);
#1085=ORIENTED_EDGE('',*,*,#2610,.F.);
#1086=ORIENTED_EDGE('',*,*,#2611,.F.);
#1087=ORIENTED_EDGE('',*,*,#2607,.T.);
#1088=ORIENTED_EDGE('',*,*,#2612,.T.);
#1089=ORIENTED_EDGE('',*,*,#2613,.F.);
#1090=ORIENTED_EDGE('',*,*,#2614,.F.);
#1091=ORIENTED_EDGE('',*,*,#2610,.T.);
#1092=ORIENTED_EDGE('',*,*,#2615,.T.);
#1093=ORIENTED_EDGE('',*,*,#2616,.F.);
#1094=ORIENTED_EDGE('',*,*,#2617,.F.);
#1095=ORIENTED_EDGE('',*,*,#2613,.T.);
#1096=ORIENTED_EDGE('',*,*,#2618,.T.);
#1097=ORIENTED_EDGE('',*,*,#2619,.F.);
#1098=ORIENTED_EDGE('',*,*,#2620,.F.);
#1099=ORIENTED_EDGE('',*,*,#2621,.T.);
#1100=ORIENTED_EDGE('',*,*,#2622,.T.);
#1101=ORIENTED_EDGE('',*,*,#2623,.F.);
#1102=ORIENTED_EDGE('',*,*,#2624,.F.);
#1103=ORIENTED_EDGE('',*,*,#2619,.T.);
#1104=ORIENTED_EDGE('',*,*,#2625,.T.);
#1105=ORIENTED_EDGE('',*,*,#2626,.F.);
#1106=ORIENTED_EDGE('',*,*,#2627,.F.);
#1107=ORIENTED_EDGE('',*,*,#2623,.T.);
#1108=ORIENTED_EDGE('',*,*,#2628,.T.);
#1109=ORIENTED_EDGE('',*,*,#2629,.F.);
#1110=ORIENTED_EDGE('',*,*,#2630,.F.);
#1111=ORIENTED_EDGE('',*,*,#2626,.T.);
#1112=ORIENTED_EDGE('',*,*,#2631,.T.);
#1113=ORIENTED_EDGE('',*,*,#2632,.F.);
#1114=ORIENTED_EDGE('',*,*,#2633,.F.);
#1115=ORIENTED_EDGE('',*,*,#2629,.T.);
#1116=ORIENTED_EDGE('',*,*,#2634,.T.);
#1117=ORIENTED_EDGE('',*,*,#2635,.F.);
#1118=ORIENTED_EDGE('',*,*,#2636,.F.);
#1119=ORIENTED_EDGE('',*,*,#2632,.T.);
#1120=ORIENTED_EDGE('',*,*,#2637,.T.);
#1121=ORIENTED_EDGE('',*,*,#2638,.F.);
#1122=ORIENTED_EDGE('',*,*,#2639,.F.);
#1123=ORIENTED_EDGE('',*,*,#2635,.T.);
#1124=ORIENTED_EDGE('',*,*,#2640,.T.);
#1125=ORIENTED_EDGE('',*,*,#2641,.F.);
#1126=ORIENTED_EDGE('',*,*,#2642,.F.);
#1127=ORIENTED_EDGE('',*,*,#2638,.T.);
#1128=ORIENTED_EDGE('',*,*,#2643,.T.);
#1129=ORIENTED_EDGE('',*,*,#2644,.F.);
#1130=ORIENTED_EDGE('',*,*,#2645,.F.);
#1131=ORIENTED_EDGE('',*,*,#2641,.T.);
#1132=ORIENTED_EDGE('',*,*,#2646,.T.);
#1133=ORIENTED_EDGE('',*,*,#2647,.F.);
#1134=ORIENTED_EDGE('',*,*,#2648,.F.);
#1135=ORIENTED_EDGE('',*,*,#2644,.T.);
#1136=ORIENTED_EDGE('',*,*,#2649,.T.);
#1137=ORIENTED_EDGE('',*,*,#2650,.F.);
#1138=ORIENTED_EDGE('',*,*,#2651,.F.);
#1139=ORIENTED_EDGE('',*,*,#2647,.T.);
#1140=ORIENTED_EDGE('',*,*,#2652,.T.);
#1141=ORIENTED_EDGE('',*,*,#2653,.F.);
#1142=ORIENTED_EDGE('',*,*,#2654,.F.);
#1143=ORIENTED_EDGE('',*,*,#2650,.T.);
#1144=ORIENTED_EDGE('',*,*,#2655,.T.);
#1145=ORIENTED_EDGE('',*,*,#2656,.F.);
#1146=ORIENTED_EDGE('',*,*,#2657,.F.);
#1147=ORIENTED_EDGE('',*,*,#2653,.T.);
#1148=ORIENTED_EDGE('',*,*,#2658,.T.);
#1149=ORIENTED_EDGE('',*,*,#2659,.F.);
#1150=ORIENTED_EDGE('',*,*,#2660,.F.);
#1151=ORIENTED_EDGE('',*,*,#2656,.T.);
#1152=ORIENTED_EDGE('',*,*,#2661,.T.);
#1153=ORIENTED_EDGE('',*,*,#2662,.F.);
#1154=ORIENTED_EDGE('',*,*,#2663,.F.);
#1155=ORIENTED_EDGE('',*,*,#2659,.T.);
#1156=ORIENTED_EDGE('',*,*,#2664,.T.);
#1157=ORIENTED_EDGE('',*,*,#2665,.F.);
#1158=ORIENTED_EDGE('',*,*,#2666,.F.);
#1159=ORIENTED_EDGE('',*,*,#2662,.T.);
#1160=ORIENTED_EDGE('',*,*,#2667,.T.);
#1161=ORIENTED_EDGE('',*,*,#2668,.F.);
#1162=ORIENTED_EDGE('',*,*,#2669,.F.);
#1163=ORIENTED_EDGE('',*,*,#2665,.T.);
#1164=ORIENTED_EDGE('',*,*,#2670,.T.);
#1165=ORIENTED_EDGE('',*,*,#2671,.F.);
#1166=ORIENTED_EDGE('',*,*,#2672,.F.);
#1167=ORIENTED_EDGE('',*,*,#2668,.T.);
#1168=ORIENTED_EDGE('',*,*,#2673,.T.);
#1169=ORIENTED_EDGE('',*,*,#2674,.F.);
#1170=ORIENTED_EDGE('',*,*,#2675,.F.);
#1171=ORIENTED_EDGE('',*,*,#2671,.T.);
#1172=ORIENTED_EDGE('',*,*,#2676,.T.);
#1173=ORIENTED_EDGE('',*,*,#2677,.F.);
#1174=ORIENTED_EDGE('',*,*,#2678,.F.);
#1175=ORIENTED_EDGE('',*,*,#2674,.T.);
#1176=ORIENTED_EDGE('',*,*,#2679,.T.);
#1177=ORIENTED_EDGE('',*,*,#2680,.F.);
#1178=ORIENTED_EDGE('',*,*,#2681,.F.);
#1179=ORIENTED_EDGE('',*,*,#2677,.T.);
#1180=ORIENTED_EDGE('',*,*,#2682,.T.);
#1181=ORIENTED_EDGE('',*,*,#2683,.F.);
#1182=ORIENTED_EDGE('',*,*,#2684,.F.);
#1183=ORIENTED_EDGE('',*,*,#2680,.T.);
#1184=ORIENTED_EDGE('',*,*,#2685,.T.);
#1185=ORIENTED_EDGE('',*,*,#2686,.F.);
#1186=ORIENTED_EDGE('',*,*,#2687,.F.);
#1187=ORIENTED_EDGE('',*,*,#2683,.T.);
#1188=ORIENTED_EDGE('',*,*,#2688,.T.);
#1189=ORIENTED_EDGE('',*,*,#2689,.F.);
#1190=ORIENTED_EDGE('',*,*,#2690,.F.);
#1191=ORIENTED_EDGE('',*,*,#2686,.T.);
#1192=ORIENTED_EDGE('',*,*,#2691,.T.);
#1193=ORIENTED_EDGE('',*,*,#2692,.F.);
#1194=ORIENTED_EDGE('',*,*,#2693,.F.);
#1195=ORIENTED_EDGE('',*,*,#2694,.T.);
#1196=ORIENTED_EDGE('',*,*,#2695,.T.);
#1197=ORIENTED_EDGE('',*,*,#2696,.F.);
#1198=ORIENTED_EDGE('',*,*,#2697,.F.);
#1199=ORIENTED_EDGE('',*,*,#2692,.T.);
#1200=ORIENTED_EDGE('',*,*,#2698,.T.);
#1201=ORIENTED_EDGE('',*,*,#2699,.F.);
#1202=ORIENTED_EDGE('',*,*,#2700,.F.);
#1203=ORIENTED_EDGE('',*,*,#2696,.T.);
#1204=ORIENTED_EDGE('',*,*,#2701,.T.);
#1205=ORIENTED_EDGE('',*,*,#2702,.F.);
#1206=ORIENTED_EDGE('',*,*,#2703,.F.);
#1207=ORIENTED_EDGE('',*,*,#2699,.T.);
#1208=ORIENTED_EDGE('',*,*,#2704,.T.);
#1209=ORIENTED_EDGE('',*,*,#2705,.F.);
#1210=ORIENTED_EDGE('',*,*,#2706,.F.);
#1211=ORIENTED_EDGE('',*,*,#2702,.T.);
#1212=ORIENTED_EDGE('',*,*,#2707,.T.);
#1213=ORIENTED_EDGE('',*,*,#2708,.F.);
#1214=ORIENTED_EDGE('',*,*,#2709,.F.);
#1215=ORIENTED_EDGE('',*,*,#2705,.T.);
#1216=ORIENTED_EDGE('',*,*,#2710,.T.);
#1217=ORIENTED_EDGE('',*,*,#2711,.F.);
#1218=ORIENTED_EDGE('',*,*,#2712,.F.);
#1219=ORIENTED_EDGE('',*,*,#2708,.T.);
#1220=ORIENTED_EDGE('',*,*,#2713,.T.);
#1221=ORIENTED_EDGE('',*,*,#2714,.F.);
#1222=ORIENTED_EDGE('',*,*,#2715,.F.);
#1223=ORIENTED_EDGE('',*,*,#2711,.T.);
#1224=ORIENTED_EDGE('',*,*,#2716,.T.);
#1225=ORIENTED_EDGE('',*,*,#2717,.F.);
#1226=ORIENTED_EDGE('',*,*,#2718,.F.);
#1227=ORIENTED_EDGE('',*,*,#2714,.T.);
#1228=ORIENTED_EDGE('',*,*,#2719,.T.);
#1229=ORIENTED_EDGE('',*,*,#2720,.F.);
#1230=ORIENTED_EDGE('',*,*,#2721,.F.);
#1231=ORIENTED_EDGE('',*,*,#2717,.T.);
#1232=ORIENTED_EDGE('',*,*,#2722,.T.);
#1233=ORIENTED_EDGE('',*,*,#2723,.F.);
#1234=ORIENTED_EDGE('',*,*,#2724,.F.);
#1235=ORIENTED_EDGE('',*,*,#2720,.T.);
#1236=ORIENTED_EDGE('',*,*,#2725,.T.);
#1237=ORIENTED_EDGE('',*,*,#2726,.F.);
#1238=ORIENTED_EDGE('',*,*,#2727,.F.);
#1239=ORIENTED_EDGE('',*,*,#2723,.T.);
#1240=ORIENTED_EDGE('',*,*,#2728,.T.);
#1241=ORIENTED_EDGE('',*,*,#2729,.F.);
#1242=ORIENTED_EDGE('',*,*,#2730,.F.);
#1243=ORIENTED_EDGE('',*,*,#2726,.T.);
#1244=ORIENTED_EDGE('',*,*,#2731,.T.);
#1245=ORIENTED_EDGE('',*,*,#2732,.F.);
#1246=ORIENTED_EDGE('',*,*,#2733,.F.);
#1247=ORIENTED_EDGE('',*,*,#2729,.T.);
#1248=ORIENTED_EDGE('',*,*,#2734,.T.);
#1249=ORIENTED_EDGE('',*,*,#2735,.F.);
#1250=ORIENTED_EDGE('',*,*,#2736,.F.);
#1251=ORIENTED_EDGE('',*,*,#2732,.T.);
#1252=ORIENTED_EDGE('',*,*,#2737,.T.);
#1253=ORIENTED_EDGE('',*,*,#2738,.F.);
#1254=ORIENTED_EDGE('',*,*,#2739,.F.);
#1255=ORIENTED_EDGE('',*,*,#2735,.T.);
#1256=ORIENTED_EDGE('',*,*,#2740,.T.);
#1257=ORIENTED_EDGE('',*,*,#2741,.F.);
#1258=ORIENTED_EDGE('',*,*,#2742,.F.);
#1259=ORIENTED_EDGE('',*,*,#2738,.T.);
#1260=ORIENTED_EDGE('',*,*,#2743,.T.);
#1261=ORIENTED_EDGE('',*,*,#2744,.F.);
#1262=ORIENTED_EDGE('',*,*,#2745,.F.);
#1263=ORIENTED_EDGE('',*,*,#2741,.T.);
#1264=ORIENTED_EDGE('',*,*,#2746,.T.);
#1265=ORIENTED_EDGE('',*,*,#2747,.F.);
#1266=ORIENTED_EDGE('',*,*,#2748,.F.);
#1267=ORIENTED_EDGE('',*,*,#2744,.T.);
#1268=ORIENTED_EDGE('',*,*,#2749,.T.);
#1269=ORIENTED_EDGE('',*,*,#2750,.F.);
#1270=ORIENTED_EDGE('',*,*,#2751,.F.);
#1271=ORIENTED_EDGE('',*,*,#2747,.T.);
#1272=ORIENTED_EDGE('',*,*,#2752,.T.);
#1273=ORIENTED_EDGE('',*,*,#2753,.F.);
#1274=ORIENTED_EDGE('',*,*,#2754,.F.);
#1275=ORIENTED_EDGE('',*,*,#2750,.T.);
#1276=ORIENTED_EDGE('',*,*,#2755,.T.);
#1277=ORIENTED_EDGE('',*,*,#2756,.F.);
#1278=ORIENTED_EDGE('',*,*,#2757,.F.);
#1279=ORIENTED_EDGE('',*,*,#2753,.T.);
#1280=ORIENTED_EDGE('',*,*,#2758,.T.);
#1281=ORIENTED_EDGE('',*,*,#2299,.F.);
#1282=ORIENTED_EDGE('',*,*,#2759,.F.);
#1283=ORIENTED_EDGE('',*,*,#2343,.T.);
#1284=ORIENTED_EDGE('',*,*,#2760,.T.);
#1285=ORIENTED_EDGE('',*,*,#2348,.F.);
#1286=ORIENTED_EDGE('',*,*,#2761,.F.);
#1287=ORIENTED_EDGE('',*,*,#2380,.T.);
#1288=ORIENTED_EDGE('',*,*,#2762,.T.);
#1289=ORIENTED_EDGE('',*,*,#2385,.F.);
#1290=ORIENTED_EDGE('',*,*,#2763,.F.);
#1291=ORIENTED_EDGE('',*,*,#2465,.T.);
#1292=ORIENTED_EDGE('',*,*,#2764,.T.);
#1293=ORIENTED_EDGE('',*,*,#2470,.F.);
#1294=ORIENTED_EDGE('',*,*,#2765,.F.);
#1295=ORIENTED_EDGE('',*,*,#2496,.T.);
#1296=ORIENTED_EDGE('',*,*,#2766,.T.);
#1297=ORIENTED_EDGE('',*,*,#2501,.F.);
#1298=ORIENTED_EDGE('',*,*,#2767,.F.);
#1299=ORIENTED_EDGE('',*,*,#2524,.T.);
#1300=ORIENTED_EDGE('',*,*,#2768,.T.);
#1301=ORIENTED_EDGE('',*,*,#2529,.F.);
#1302=ORIENTED_EDGE('',*,*,#2769,.F.);
#1303=ORIENTED_EDGE('',*,*,#2582,.T.);
#1304=ORIENTED_EDGE('',*,*,#2770,.T.);
#1305=ORIENTED_EDGE('',*,*,#2587,.F.);
#1306=ORIENTED_EDGE('',*,*,#2771,.F.);
#1307=ORIENTED_EDGE('',*,*,#2616,.T.);
#1308=ORIENTED_EDGE('',*,*,#2772,.T.);
#1309=ORIENTED_EDGE('',*,*,#2621,.F.);
#1310=ORIENTED_EDGE('',*,*,#2773,.F.);
#1311=ORIENTED_EDGE('',*,*,#2689,.T.);
#1312=ORIENTED_EDGE('',*,*,#2774,.T.);
#1313=ORIENTED_EDGE('',*,*,#2694,.F.);
#1314=ORIENTED_EDGE('',*,*,#2775,.F.);
#1315=ORIENTED_EDGE('',*,*,#2756,.T.);
#1316=ORIENTED_EDGE('',*,*,#2776,.F.);
#1317=ORIENTED_EDGE('',*,*,#2289,.F.);
#1318=ORIENTED_EDGE('',*,*,#2777,.T.);
#1319=ORIENTED_EDGE('',*,*,#2294,.T.);
#1320=ORIENTED_EDGE('',*,*,#2693,.T.);
#1321=ORIENTED_EDGE('',*,*,#2697,.T.);
#1322=ORIENTED_EDGE('',*,*,#2700,.T.);
#1323=ORIENTED_EDGE('',*,*,#2703,.T.);
#1324=ORIENTED_EDGE('',*,*,#2706,.T.);
#1325=ORIENTED_EDGE('',*,*,#2709,.T.);
#1326=ORIENTED_EDGE('',*,*,#2712,.T.);
#1327=ORIENTED_EDGE('',*,*,#2715,.T.);
#1328=ORIENTED_EDGE('',*,*,#2718,.T.);
#1329=ORIENTED_EDGE('',*,*,#2721,.T.);
#1330=ORIENTED_EDGE('',*,*,#2724,.T.);
#1331=ORIENTED_EDGE('',*,*,#2727,.T.);
#1332=ORIENTED_EDGE('',*,*,#2730,.T.);
#1333=ORIENTED_EDGE('',*,*,#2733,.T.);
#1334=ORIENTED_EDGE('',*,*,#2736,.T.);
#1335=ORIENTED_EDGE('',*,*,#2739,.T.);
#1336=ORIENTED_EDGE('',*,*,#2742,.T.);
#1337=ORIENTED_EDGE('',*,*,#2745,.T.);
#1338=ORIENTED_EDGE('',*,*,#2748,.T.);
#1339=ORIENTED_EDGE('',*,*,#2751,.T.);
#1340=ORIENTED_EDGE('',*,*,#2754,.T.);
#1341=ORIENTED_EDGE('',*,*,#2757,.T.);
#1342=ORIENTED_EDGE('',*,*,#2775,.T.);
#1343=ORIENTED_EDGE('',*,*,#2620,.T.);
#1344=ORIENTED_EDGE('',*,*,#2624,.T.);
#1345=ORIENTED_EDGE('',*,*,#2627,.T.);
#1346=ORIENTED_EDGE('',*,*,#2630,.T.);
#1347=ORIENTED_EDGE('',*,*,#2633,.T.);
#1348=ORIENTED_EDGE('',*,*,#2636,.T.);
#1349=ORIENTED_EDGE('',*,*,#2639,.T.);
#1350=ORIENTED_EDGE('',*,*,#2642,.T.);
#1351=ORIENTED_EDGE('',*,*,#2645,.T.);
#1352=ORIENTED_EDGE('',*,*,#2648,.T.);
#1353=ORIENTED_EDGE('',*,*,#2651,.T.);
#1354=ORIENTED_EDGE('',*,*,#2654,.T.);
#1355=ORIENTED_EDGE('',*,*,#2657,.T.);
#1356=ORIENTED_EDGE('',*,*,#2660,.T.);
#1357=ORIENTED_EDGE('',*,*,#2663,.T.);
#1358=ORIENTED_EDGE('',*,*,#2666,.T.);
#1359=ORIENTED_EDGE('',*,*,#2669,.T.);
#1360=ORIENTED_EDGE('',*,*,#2672,.T.);
#1361=ORIENTED_EDGE('',*,*,#2675,.T.);
#1362=ORIENTED_EDGE('',*,*,#2678,.T.);
#1363=ORIENTED_EDGE('',*,*,#2681,.T.);
#1364=ORIENTED_EDGE('',*,*,#2684,.T.);
#1365=ORIENTED_EDGE('',*,*,#2687,.T.);
#1366=ORIENTED_EDGE('',*,*,#2690,.T.);
#1367=ORIENTED_EDGE('',*,*,#2773,.T.);
#1368=ORIENTED_EDGE('',*,*,#2586,.T.);
#1369=ORIENTED_EDGE('',*,*,#2590,.T.);
#1370=ORIENTED_EDGE('',*,*,#2593,.T.);
#1371=ORIENTED_EDGE('',*,*,#2596,.T.);
#1372=ORIENTED_EDGE('',*,*,#2599,.T.);
#1373=ORIENTED_EDGE('',*,*,#2602,.T.);
#1374=ORIENTED_EDGE('',*,*,#2605,.T.);
#1375=ORIENTED_EDGE('',*,*,#2608,.T.);
#1376=ORIENTED_EDGE('',*,*,#2611,.T.);
#1377=ORIENTED_EDGE('',*,*,#2614,.T.);
#1378=ORIENTED_EDGE('',*,*,#2617,.T.);
#1379=ORIENTED_EDGE('',*,*,#2771,.T.);
#1380=ORIENTED_EDGE('',*,*,#2528,.T.);
#1381=ORIENTED_EDGE('',*,*,#2532,.T.);
#1382=ORIENTED_EDGE('',*,*,#2535,.T.);
#1383=ORIENTED_EDGE('',*,*,#2538,.T.);
#1384=ORIENTED_EDGE('',*,*,#2541,.T.);
#1385=ORIENTED_EDGE('',*,*,#2544,.T.);
#1386=ORIENTED_EDGE('',*,*,#2547,.T.);
#1387=ORIENTED_EDGE('',*,*,#2550,.T.);
#1388=ORIENTED_EDGE('',*,*,#2553,.T.);
#1389=ORIENTED_EDGE('',*,*,#2556,.T.);
#1390=ORIENTED_EDGE('',*,*,#2559,.T.);
#1391=ORIENTED_EDGE('',*,*,#2562,.T.);
#1392=ORIENTED_EDGE('',*,*,#2565,.T.);
#1393=ORIENTED_EDGE('',*,*,#2568,.T.);
#1394=ORIENTED_EDGE('',*,*,#2571,.T.);
#1395=ORIENTED_EDGE('',*,*,#2574,.T.);
#1396=ORIENTED_EDGE('',*,*,#2577,.T.);
#1397=ORIENTED_EDGE('',*,*,#2580,.T.);
#1398=ORIENTED_EDGE('',*,*,#2583,.T.);
#1399=ORIENTED_EDGE('',*,*,#2769,.T.);
#1400=ORIENTED_EDGE('',*,*,#2500,.T.);
#1401=ORIENTED_EDGE('',*,*,#2504,.T.);
#1402=ORIENTED_EDGE('',*,*,#2507,.T.);
#1403=ORIENTED_EDGE('',*,*,#2510,.T.);
#1404=ORIENTED_EDGE('',*,*,#2513,.T.);
#1405=ORIENTED_EDGE('',*,*,#2516,.T.);
#1406=ORIENTED_EDGE('',*,*,#2519,.T.);
#1407=ORIENTED_EDGE('',*,*,#2522,.T.);
#1408=ORIENTED_EDGE('',*,*,#2525,.T.);
#1409=ORIENTED_EDGE('',*,*,#2767,.T.);
#1410=ORIENTED_EDGE('',*,*,#2469,.T.);
#1411=ORIENTED_EDGE('',*,*,#2473,.T.);
#1412=ORIENTED_EDGE('',*,*,#2476,.T.);
#1413=ORIENTED_EDGE('',*,*,#2479,.T.);
#1414=ORIENTED_EDGE('',*,*,#2482,.T.);
#1415=ORIENTED_EDGE('',*,*,#2485,.T.);
#1416=ORIENTED_EDGE('',*,*,#2488,.T.);
#1417=ORIENTED_EDGE('',*,*,#2491,.T.);
#1418=ORIENTED_EDGE('',*,*,#2494,.T.);
#1419=ORIENTED_EDGE('',*,*,#2497,.T.);
#1420=ORIENTED_EDGE('',*,*,#2765,.T.);
#1421=ORIENTED_EDGE('',*,*,#2255,.F.);
#1422=ORIENTED_EDGE('',*,*,#2263,.F.);
#1423=ORIENTED_EDGE('',*,*,#2275,.F.);
#1424=ORIENTED_EDGE('',*,*,#2277,.F.);
#1425=ORIENTED_EDGE('',*,*,#2384,.T.);
#1426=ORIENTED_EDGE('',*,*,#2388,.T.);
#1427=ORIENTED_EDGE('',*,*,#2391,.T.);
#1428=ORIENTED_EDGE('',*,*,#2394,.T.);
#1429=ORIENTED_EDGE('',*,*,#2397,.T.);
#1430=ORIENTED_EDGE('',*,*,#2400,.T.);
#1431=ORIENTED_EDGE('',*,*,#2403,.T.);
#1432=ORIENTED_EDGE('',*,*,#2406,.T.);
#1433=ORIENTED_EDGE('',*,*,#2409,.T.);
#1434=ORIENTED_EDGE('',*,*,#2412,.T.);
#1435=ORIENTED_EDGE('',*,*,#2415,.T.);
#1436=ORIENTED_EDGE('',*,*,#2418,.T.);
#1437=ORIENTED_EDGE('',*,*,#2421,.T.);
#1438=ORIENTED_EDGE('',*,*,#2424,.T.);
#1439=ORIENTED_EDGE('',*,*,#2427,.T.);
#1440=ORIENTED_EDGE('',*,*,#2430,.T.);
#1441=ORIENTED_EDGE('',*,*,#2433,.T.);
#1442=ORIENTED_EDGE('',*,*,#2436,.T.);
#1443=ORIENTED_EDGE('',*,*,#2439,.T.);
#1444=ORIENTED_EDGE('',*,*,#2442,.T.);
#1445=ORIENTED_EDGE('',*,*,#2445,.T.);
#1446=ORIENTED_EDGE('',*,*,#2448,.T.);
#1447=ORIENTED_EDGE('',*,*,#2451,.T.);
#1448=ORIENTED_EDGE('',*,*,#2454,.T.);
#1449=ORIENTED_EDGE('',*,*,#2457,.T.);
#1450=ORIENTED_EDGE('',*,*,#2460,.T.);
#1451=ORIENTED_EDGE('',*,*,#2463,.T.);
#1452=ORIENTED_EDGE('',*,*,#2466,.T.);
#1453=ORIENTED_EDGE('',*,*,#2763,.T.);
#1454=ORIENTED_EDGE('',*,*,#2347,.T.);
#1455=ORIENTED_EDGE('',*,*,#2351,.T.);
#1456=ORIENTED_EDGE('',*,*,#2354,.T.);
#1457=ORIENTED_EDGE('',*,*,#2357,.T.);
#1458=ORIENTED_EDGE('',*,*,#2360,.T.);
#1459=ORIENTED_EDGE('',*,*,#2363,.T.);
#1460=ORIENTED_EDGE('',*,*,#2366,.T.);
#1461=ORIENTED_EDGE('',*,*,#2369,.T.);
#1462=ORIENTED_EDGE('',*,*,#2372,.T.);
#1463=ORIENTED_EDGE('',*,*,#2375,.T.);
#1464=ORIENTED_EDGE('',*,*,#2378,.T.);
#1465=ORIENTED_EDGE('',*,*,#2381,.T.);
#1466=ORIENTED_EDGE('',*,*,#2761,.T.);
#1467=ORIENTED_EDGE('',*,*,#2298,.T.);
#1468=ORIENTED_EDGE('',*,*,#2302,.T.);
#1469=ORIENTED_EDGE('',*,*,#2305,.T.);
#1470=ORIENTED_EDGE('',*,*,#2308,.T.);
#1471=ORIENTED_EDGE('',*,*,#2311,.T.);
#1472=ORIENTED_EDGE('',*,*,#2314,.T.);
#1473=ORIENTED_EDGE('',*,*,#2317,.T.);
#1474=ORIENTED_EDGE('',*,*,#2320,.T.);
#1475=ORIENTED_EDGE('',*,*,#2323,.T.);
#1476=ORIENTED_EDGE('',*,*,#2326,.T.);
#1477=ORIENTED_EDGE('',*,*,#2329,.T.);
#1478=ORIENTED_EDGE('',*,*,#2332,.T.);
#1479=ORIENTED_EDGE('',*,*,#2335,.T.);
#1480=ORIENTED_EDGE('',*,*,#2338,.T.);
#1481=ORIENTED_EDGE('',*,*,#2341,.T.);
#1482=ORIENTED_EDGE('',*,*,#2344,.T.);
#1483=ORIENTED_EDGE('',*,*,#2759,.T.);
#1484=ORIENTED_EDGE('',*,*,#2288,.F.);
#1485=ORIENTED_EDGE('',*,*,#2292,.T.);
#1486=ORIENTED_EDGE('',*,*,#2295,.T.);
#1487=ORIENTED_EDGE('',*,*,#2777,.F.);
#1488=ORIENTED_EDGE('',*,*,#2695,.F.);
#1489=ORIENTED_EDGE('',*,*,#2691,.F.);
#1490=ORIENTED_EDGE('',*,*,#2774,.F.);
#1491=ORIENTED_EDGE('',*,*,#2755,.F.);
#1492=ORIENTED_EDGE('',*,*,#2752,.F.);
#1493=ORIENTED_EDGE('',*,*,#2749,.F.);
#1494=ORIENTED_EDGE('',*,*,#2746,.F.);
#1495=ORIENTED_EDGE('',*,*,#2743,.F.);
#1496=ORIENTED_EDGE('',*,*,#2740,.F.);
#1497=ORIENTED_EDGE('',*,*,#2737,.F.);
#1498=ORIENTED_EDGE('',*,*,#2734,.F.);
#1499=ORIENTED_EDGE('',*,*,#2731,.F.);
#1500=ORIENTED_EDGE('',*,*,#2728,.F.);
#1501=ORIENTED_EDGE('',*,*,#2725,.F.);
#1502=ORIENTED_EDGE('',*,*,#2722,.F.);
#1503=ORIENTED_EDGE('',*,*,#2719,.F.);
#1504=ORIENTED_EDGE('',*,*,#2716,.F.);
#1505=ORIENTED_EDGE('',*,*,#2713,.F.);
#1506=ORIENTED_EDGE('',*,*,#2710,.F.);
#1507=ORIENTED_EDGE('',*,*,#2707,.F.);
#1508=ORIENTED_EDGE('',*,*,#2704,.F.);
#1509=ORIENTED_EDGE('',*,*,#2701,.F.);
#1510=ORIENTED_EDGE('',*,*,#2698,.F.);
#1511=ORIENTED_EDGE('',*,*,#2622,.F.);
#1512=ORIENTED_EDGE('',*,*,#2618,.F.);
#1513=ORIENTED_EDGE('',*,*,#2772,.F.);
#1514=ORIENTED_EDGE('',*,*,#2688,.F.);
#1515=ORIENTED_EDGE('',*,*,#2685,.F.);
#1516=ORIENTED_EDGE('',*,*,#2682,.F.);
#1517=ORIENTED_EDGE('',*,*,#2679,.F.);
#1518=ORIENTED_EDGE('',*,*,#2676,.F.);
#1519=ORIENTED_EDGE('',*,*,#2673,.F.);
#1520=ORIENTED_EDGE('',*,*,#2670,.F.);
#1521=ORIENTED_EDGE('',*,*,#2667,.F.);
#1522=ORIENTED_EDGE('',*,*,#2664,.F.);
#1523=ORIENTED_EDGE('',*,*,#2661,.F.);
#1524=ORIENTED_EDGE('',*,*,#2658,.F.);
#1525=ORIENTED_EDGE('',*,*,#2655,.F.);
#1526=ORIENTED_EDGE('',*,*,#2652,.F.);
#1527=ORIENTED_EDGE('',*,*,#2649,.F.);
#1528=ORIENTED_EDGE('',*,*,#2646,.F.);
#1529=ORIENTED_EDGE('',*,*,#2643,.F.);
#1530=ORIENTED_EDGE('',*,*,#2640,.F.);
#1531=ORIENTED_EDGE('',*,*,#2637,.F.);
#1532=ORIENTED_EDGE('',*,*,#2634,.F.);
#1533=ORIENTED_EDGE('',*,*,#2631,.F.);
#1534=ORIENTED_EDGE('',*,*,#2628,.F.);
#1535=ORIENTED_EDGE('',*,*,#2625,.F.);
#1536=ORIENTED_EDGE('',*,*,#2588,.F.);
#1537=ORIENTED_EDGE('',*,*,#2584,.F.);
#1538=ORIENTED_EDGE('',*,*,#2770,.F.);
#1539=ORIENTED_EDGE('',*,*,#2615,.F.);
#1540=ORIENTED_EDGE('',*,*,#2612,.F.);
#1541=ORIENTED_EDGE('',*,*,#2609,.F.);
#1542=ORIENTED_EDGE('',*,*,#2606,.F.);
#1543=ORIENTED_EDGE('',*,*,#2603,.F.);
#1544=ORIENTED_EDGE('',*,*,#2600,.F.);
#1545=ORIENTED_EDGE('',*,*,#2597,.F.);
#1546=ORIENTED_EDGE('',*,*,#2594,.F.);
#1547=ORIENTED_EDGE('',*,*,#2591,.F.);
#1548=ORIENTED_EDGE('',*,*,#2530,.F.);
#1549=ORIENTED_EDGE('',*,*,#2526,.F.);
#1550=ORIENTED_EDGE('',*,*,#2768,.F.);
#1551=ORIENTED_EDGE('',*,*,#2581,.F.);
#1552=ORIENTED_EDGE('',*,*,#2578,.F.);
#1553=ORIENTED_EDGE('',*,*,#2575,.F.);
#1554=ORIENTED_EDGE('',*,*,#2572,.F.);
#1555=ORIENTED_EDGE('',*,*,#2569,.F.);
#1556=ORIENTED_EDGE('',*,*,#2566,.F.);
#1557=ORIENTED_EDGE('',*,*,#2563,.F.);
#1558=ORIENTED_EDGE('',*,*,#2560,.F.);
#1559=ORIENTED_EDGE('',*,*,#2557,.F.);
#1560=ORIENTED_EDGE('',*,*,#2554,.F.);
#1561=ORIENTED_EDGE('',*,*,#2551,.F.);
#1562=ORIENTED_EDGE('',*,*,#2548,.F.);
#1563=ORIENTED_EDGE('',*,*,#2545,.F.);
#1564=ORIENTED_EDGE('',*,*,#2542,.F.);
#1565=ORIENTED_EDGE('',*,*,#2539,.F.);
#1566=ORIENTED_EDGE('',*,*,#2536,.F.);
#1567=ORIENTED_EDGE('',*,*,#2533,.F.);
#1568=ORIENTED_EDGE('',*,*,#2502,.F.);
#1569=ORIENTED_EDGE('',*,*,#2498,.F.);
#1570=ORIENTED_EDGE('',*,*,#2766,.F.);
#1571=ORIENTED_EDGE('',*,*,#2523,.F.);
#1572=ORIENTED_EDGE('',*,*,#2520,.F.);
#1573=ORIENTED_EDGE('',*,*,#2517,.F.);
#1574=ORIENTED_EDGE('',*,*,#2514,.F.);
#1575=ORIENTED_EDGE('',*,*,#2511,.F.);
#1576=ORIENTED_EDGE('',*,*,#2508,.F.);
#1577=ORIENTED_EDGE('',*,*,#2505,.F.);
#1578=ORIENTED_EDGE('',*,*,#2471,.F.);
#1579=ORIENTED_EDGE('',*,*,#2467,.F.);
#1580=ORIENTED_EDGE('',*,*,#2764,.F.);
#1581=ORIENTED_EDGE('',*,*,#2495,.F.);
#1582=ORIENTED_EDGE('',*,*,#2492,.F.);
#1583=ORIENTED_EDGE('',*,*,#2489,.F.);
#1584=ORIENTED_EDGE('',*,*,#2486,.F.);
#1585=ORIENTED_EDGE('',*,*,#2483,.F.);
#1586=ORIENTED_EDGE('',*,*,#2480,.F.);
#1587=ORIENTED_EDGE('',*,*,#2477,.F.);
#1588=ORIENTED_EDGE('',*,*,#2474,.F.);
#1589=ORIENTED_EDGE('',*,*,#2386,.F.);
#1590=ORIENTED_EDGE('',*,*,#2382,.F.);
#1591=ORIENTED_EDGE('',*,*,#2762,.F.);
#1592=ORIENTED_EDGE('',*,*,#2464,.F.);
#1593=ORIENTED_EDGE('',*,*,#2461,.F.);
#1594=ORIENTED_EDGE('',*,*,#2458,.F.);
#1595=ORIENTED_EDGE('',*,*,#2455,.F.);
#1596=ORIENTED_EDGE('',*,*,#2452,.F.);
#1597=ORIENTED_EDGE('',*,*,#2449,.F.);
#1598=ORIENTED_EDGE('',*,*,#2446,.F.);
#1599=ORIENTED_EDGE('',*,*,#2443,.F.);
#1600=ORIENTED_EDGE('',*,*,#2440,.F.);
#1601=ORIENTED_EDGE('',*,*,#2437,.F.);
#1602=ORIENTED_EDGE('',*,*,#2434,.F.);
#1603=ORIENTED_EDGE('',*,*,#2431,.F.);
#1604=ORIENTED_EDGE('',*,*,#2428,.F.);
#1605=ORIENTED_EDGE('',*,*,#2425,.F.);
#1606=ORIENTED_EDGE('',*,*,#2422,.F.);
#1607=ORIENTED_EDGE('',*,*,#2419,.F.);
#1608=ORIENTED_EDGE('',*,*,#2416,.F.);
#1609=ORIENTED_EDGE('',*,*,#2413,.F.);
#1610=ORIENTED_EDGE('',*,*,#2410,.F.);
#1611=ORIENTED_EDGE('',*,*,#2407,.F.);
#1612=ORIENTED_EDGE('',*,*,#2404,.F.);
#1613=ORIENTED_EDGE('',*,*,#2401,.F.);
#1614=ORIENTED_EDGE('',*,*,#2398,.F.);
#1615=ORIENTED_EDGE('',*,*,#2395,.F.);
#1616=ORIENTED_EDGE('',*,*,#2392,.F.);
#1617=ORIENTED_EDGE('',*,*,#2389,.F.);
#1618=ORIENTED_EDGE('',*,*,#2349,.F.);
#1619=ORIENTED_EDGE('',*,*,#2345,.F.);
#1620=ORIENTED_EDGE('',*,*,#2760,.F.);
#1621=ORIENTED_EDGE('',*,*,#2379,.F.);
#1622=ORIENTED_EDGE('',*,*,#2376,.F.);
#1623=ORIENTED_EDGE('',*,*,#2373,.F.);
#1624=ORIENTED_EDGE('',*,*,#2370,.F.);
#1625=ORIENTED_EDGE('',*,*,#2367,.F.);
#1626=ORIENTED_EDGE('',*,*,#2364,.F.);
#1627=ORIENTED_EDGE('',*,*,#2361,.F.);
#1628=ORIENTED_EDGE('',*,*,#2358,.F.);
#1629=ORIENTED_EDGE('',*,*,#2355,.F.);
#1630=ORIENTED_EDGE('',*,*,#2352,.F.);
#1631=ORIENTED_EDGE('',*,*,#2300,.F.);
#1632=ORIENTED_EDGE('',*,*,#2296,.F.);
#1633=ORIENTED_EDGE('',*,*,#2758,.F.);
#1634=ORIENTED_EDGE('',*,*,#2342,.F.);
#1635=ORIENTED_EDGE('',*,*,#2339,.F.);
#1636=ORIENTED_EDGE('',*,*,#2336,.F.);
#1637=ORIENTED_EDGE('',*,*,#2333,.F.);
#1638=ORIENTED_EDGE('',*,*,#2330,.F.);
#1639=ORIENTED_EDGE('',*,*,#2327,.F.);
#1640=ORIENTED_EDGE('',*,*,#2324,.F.);
#1641=ORIENTED_EDGE('',*,*,#2321,.F.);
#1642=ORIENTED_EDGE('',*,*,#2318,.F.);
#1643=ORIENTED_EDGE('',*,*,#2315,.F.);
#1644=ORIENTED_EDGE('',*,*,#2312,.F.);
#1645=ORIENTED_EDGE('',*,*,#2309,.F.);
#1646=ORIENTED_EDGE('',*,*,#2306,.F.);
#1647=ORIENTED_EDGE('',*,*,#2303,.F.);
#1648=ORIENTED_EDGE('',*,*,#2285,.F.);
#1649=ORIENTED_EDGE('',*,*,#2778,.T.);
#1650=ORIENTED_EDGE('',*,*,#2284,.F.);
#1651=ORIENTED_EDGE('',*,*,#2779,.T.);
#1652=ORIENTED_EDGE('',*,*,#2283,.F.);
#1653=ORIENTED_EDGE('',*,*,#2780,.T.);
#1654=ORIENTED_EDGE('',*,*,#2282,.F.);
#1655=ORIENTED_EDGE('',*,*,#2781,.T.);
#1656=ORIENTED_EDGE('',*,*,#2782,.T.);
#1657=ORIENTED_EDGE('',*,*,#2783,.F.);
#1658=ORIENTED_EDGE('',*,*,#2784,.F.);
#1659=ORIENTED_EDGE('',*,*,#2785,.T.);
#1660=ORIENTED_EDGE('',*,*,#2786,.T.);
#1661=ORIENTED_EDGE('',*,*,#2787,.F.);
#1662=ORIENTED_EDGE('',*,*,#2788,.F.);
#1663=ORIENTED_EDGE('',*,*,#2783,.T.);
#1664=ORIENTED_EDGE('',*,*,#2789,.T.);
#1665=ORIENTED_EDGE('',*,*,#2790,.F.);
#1666=ORIENTED_EDGE('',*,*,#2791,.F.);
#1667=ORIENTED_EDGE('',*,*,#2787,.T.);
#1668=ORIENTED_EDGE('',*,*,#2792,.T.);
#1669=ORIENTED_EDGE('',*,*,#2793,.F.);
#1670=ORIENTED_EDGE('',*,*,#2794,.F.);
#1671=ORIENTED_EDGE('',*,*,#2790,.T.);
#1672=ORIENTED_EDGE('',*,*,#2795,.T.);
#1673=ORIENTED_EDGE('',*,*,#2796,.F.);
#1674=ORIENTED_EDGE('',*,*,#2797,.F.);
#1675=ORIENTED_EDGE('',*,*,#2793,.T.);
#1676=ORIENTED_EDGE('',*,*,#2798,.T.);
#1677=ORIENTED_EDGE('',*,*,#2799,.F.);
#1678=ORIENTED_EDGE('',*,*,#2800,.F.);
#1679=ORIENTED_EDGE('',*,*,#2796,.T.);
#1680=ORIENTED_EDGE('',*,*,#2801,.T.);
#1681=ORIENTED_EDGE('',*,*,#2802,.F.);
#1682=ORIENTED_EDGE('',*,*,#2803,.F.);
#1683=ORIENTED_EDGE('',*,*,#2799,.T.);
#1684=ORIENTED_EDGE('',*,*,#2804,.T.);
#1685=ORIENTED_EDGE('',*,*,#2805,.F.);
#1686=ORIENTED_EDGE('',*,*,#2806,.F.);
#1687=ORIENTED_EDGE('',*,*,#2802,.T.);
#1688=ORIENTED_EDGE('',*,*,#2807,.T.);
#1689=ORIENTED_EDGE('',*,*,#2808,.F.);
#1690=ORIENTED_EDGE('',*,*,#2809,.F.);
#1691=ORIENTED_EDGE('',*,*,#2810,.T.);
#1692=ORIENTED_EDGE('',*,*,#2811,.T.);
#1693=ORIENTED_EDGE('',*,*,#2812,.F.);
#1694=ORIENTED_EDGE('',*,*,#2813,.F.);
#1695=ORIENTED_EDGE('',*,*,#2808,.T.);
#1696=ORIENTED_EDGE('',*,*,#2814,.T.);
#1697=ORIENTED_EDGE('',*,*,#2815,.F.);
#1698=ORIENTED_EDGE('',*,*,#2816,.F.);
#1699=ORIENTED_EDGE('',*,*,#2812,.T.);
#1700=ORIENTED_EDGE('',*,*,#2817,.T.);
#1701=ORIENTED_EDGE('',*,*,#2818,.F.);
#1702=ORIENTED_EDGE('',*,*,#2819,.F.);
#1703=ORIENTED_EDGE('',*,*,#2815,.T.);
#1704=ORIENTED_EDGE('',*,*,#2820,.T.);
#1705=ORIENTED_EDGE('',*,*,#2821,.F.);
#1706=ORIENTED_EDGE('',*,*,#2822,.F.);
#1707=ORIENTED_EDGE('',*,*,#2818,.T.);
#1708=ORIENTED_EDGE('',*,*,#2823,.T.);
#1709=ORIENTED_EDGE('',*,*,#2824,.F.);
#1710=ORIENTED_EDGE('',*,*,#2825,.F.);
#1711=ORIENTED_EDGE('',*,*,#2821,.T.);
#1712=ORIENTED_EDGE('',*,*,#2826,.T.);
#1713=ORIENTED_EDGE('',*,*,#2827,.F.);
#1714=ORIENTED_EDGE('',*,*,#2828,.F.);
#1715=ORIENTED_EDGE('',*,*,#2824,.T.);
#1716=ORIENTED_EDGE('',*,*,#2829,.T.);
#1717=ORIENTED_EDGE('',*,*,#2830,.F.);
#1718=ORIENTED_EDGE('',*,*,#2831,.F.);
#1719=ORIENTED_EDGE('',*,*,#2827,.T.);
#1720=ORIENTED_EDGE('',*,*,#2832,.T.);
#1721=ORIENTED_EDGE('',*,*,#2833,.F.);
#1722=ORIENTED_EDGE('',*,*,#2834,.F.);
#1723=ORIENTED_EDGE('',*,*,#2830,.T.);
#1724=ORIENTED_EDGE('',*,*,#2835,.T.);
#1725=ORIENTED_EDGE('',*,*,#2836,.F.);
#1726=ORIENTED_EDGE('',*,*,#2837,.F.);
#1727=ORIENTED_EDGE('',*,*,#2833,.T.);
#1728=ORIENTED_EDGE('',*,*,#2838,.T.);
#1729=ORIENTED_EDGE('',*,*,#2839,.F.);
#1730=ORIENTED_EDGE('',*,*,#2840,.F.);
#1731=ORIENTED_EDGE('',*,*,#2836,.T.);
#1732=ORIENTED_EDGE('',*,*,#2841,.T.);
#1733=ORIENTED_EDGE('',*,*,#2842,.F.);
#1734=ORIENTED_EDGE('',*,*,#2843,.F.);
#1735=ORIENTED_EDGE('',*,*,#2839,.T.);
#1736=ORIENTED_EDGE('',*,*,#2844,.T.);
#1737=ORIENTED_EDGE('',*,*,#2845,.F.);
#1738=ORIENTED_EDGE('',*,*,#2846,.F.);
#1739=ORIENTED_EDGE('',*,*,#2842,.T.);
#1740=ORIENTED_EDGE('',*,*,#2847,.T.);
#1741=ORIENTED_EDGE('',*,*,#2848,.F.);
#1742=ORIENTED_EDGE('',*,*,#2849,.F.);
#1743=ORIENTED_EDGE('',*,*,#2845,.T.);
#1744=ORIENTED_EDGE('',*,*,#2850,.T.);
#1745=ORIENTED_EDGE('',*,*,#2851,.F.);
#1746=ORIENTED_EDGE('',*,*,#2852,.F.);
#1747=ORIENTED_EDGE('',*,*,#2848,.T.);
#1748=ORIENTED_EDGE('',*,*,#2853,.T.);
#1749=ORIENTED_EDGE('',*,*,#2854,.F.);
#1750=ORIENTED_EDGE('',*,*,#2855,.F.);
#1751=ORIENTED_EDGE('',*,*,#2851,.T.);
#1752=ORIENTED_EDGE('',*,*,#2856,.T.);
#1753=ORIENTED_EDGE('',*,*,#2857,.F.);
#1754=ORIENTED_EDGE('',*,*,#2858,.F.);
#1755=ORIENTED_EDGE('',*,*,#2854,.T.);
#1756=ORIENTED_EDGE('',*,*,#2859,.T.);
#1757=ORIENTED_EDGE('',*,*,#2860,.F.);
#1758=ORIENTED_EDGE('',*,*,#2861,.F.);
#1759=ORIENTED_EDGE('',*,*,#2857,.T.);
#1760=ORIENTED_EDGE('',*,*,#2862,.T.);
#1761=ORIENTED_EDGE('',*,*,#2863,.F.);
#1762=ORIENTED_EDGE('',*,*,#2864,.F.);
#1763=ORIENTED_EDGE('',*,*,#2860,.T.);
#1764=ORIENTED_EDGE('',*,*,#2865,.T.);
#1765=ORIENTED_EDGE('',*,*,#2866,.F.);
#1766=ORIENTED_EDGE('',*,*,#2867,.F.);
#1767=ORIENTED_EDGE('',*,*,#2868,.T.);
#1768=ORIENTED_EDGE('',*,*,#2869,.T.);
#1769=ORIENTED_EDGE('',*,*,#2870,.F.);
#1770=ORIENTED_EDGE('',*,*,#2871,.F.);
#1771=ORIENTED_EDGE('',*,*,#2866,.T.);
#1772=ORIENTED_EDGE('',*,*,#2872,.T.);
#1773=ORIENTED_EDGE('',*,*,#2873,.F.);
#1774=ORIENTED_EDGE('',*,*,#2874,.F.);
#1775=ORIENTED_EDGE('',*,*,#2870,.T.);
#1776=ORIENTED_EDGE('',*,*,#2875,.T.);
#1777=ORIENTED_EDGE('',*,*,#2876,.F.);
#1778=ORIENTED_EDGE('',*,*,#2877,.F.);
#1779=ORIENTED_EDGE('',*,*,#2873,.T.);
#1780=ORIENTED_EDGE('',*,*,#2878,.T.);
#1781=ORIENTED_EDGE('',*,*,#2879,.F.);
#1782=ORIENTED_EDGE('',*,*,#2880,.F.);
#1783=ORIENTED_EDGE('',*,*,#2876,.T.);
#1784=ORIENTED_EDGE('',*,*,#2881,.T.);
#1785=ORIENTED_EDGE('',*,*,#2882,.F.);
#1786=ORIENTED_EDGE('',*,*,#2883,.F.);
#1787=ORIENTED_EDGE('',*,*,#2879,.T.);
#1788=ORIENTED_EDGE('',*,*,#2884,.T.);
#1789=ORIENTED_EDGE('',*,*,#2885,.F.);
#1790=ORIENTED_EDGE('',*,*,#2886,.F.);
#1791=ORIENTED_EDGE('',*,*,#2882,.T.);
#1792=ORIENTED_EDGE('',*,*,#2887,.T.);
#1793=ORIENTED_EDGE('',*,*,#2888,.F.);
#1794=ORIENTED_EDGE('',*,*,#2889,.F.);
#1795=ORIENTED_EDGE('',*,*,#2885,.T.);
#1796=ORIENTED_EDGE('',*,*,#2890,.T.);
#1797=ORIENTED_EDGE('',*,*,#2891,.F.);
#1798=ORIENTED_EDGE('',*,*,#2892,.F.);
#1799=ORIENTED_EDGE('',*,*,#2888,.T.);
#1800=ORIENTED_EDGE('',*,*,#2893,.T.);
#1801=ORIENTED_EDGE('',*,*,#2894,.F.);
#1802=ORIENTED_EDGE('',*,*,#2895,.F.);
#1803=ORIENTED_EDGE('',*,*,#2891,.T.);
#1804=ORIENTED_EDGE('',*,*,#2896,.T.);
#1805=ORIENTED_EDGE('',*,*,#2897,.F.);
#1806=ORIENTED_EDGE('',*,*,#2898,.F.);
#1807=ORIENTED_EDGE('',*,*,#2894,.T.);
#1808=ORIENTED_EDGE('',*,*,#2899,.T.);
#1809=ORIENTED_EDGE('',*,*,#2900,.F.);
#1810=ORIENTED_EDGE('',*,*,#2901,.F.);
#1811=ORIENTED_EDGE('',*,*,#2897,.T.);
#1812=ORIENTED_EDGE('',*,*,#2902,.T.);
#1813=ORIENTED_EDGE('',*,*,#2903,.F.);
#1814=ORIENTED_EDGE('',*,*,#2904,.F.);
#1815=ORIENTED_EDGE('',*,*,#2900,.T.);
#1816=ORIENTED_EDGE('',*,*,#2905,.T.);
#1817=ORIENTED_EDGE('',*,*,#2906,.F.);
#1818=ORIENTED_EDGE('',*,*,#2907,.F.);
#1819=ORIENTED_EDGE('',*,*,#2903,.T.);
#1820=ORIENTED_EDGE('',*,*,#2908,.T.);
#1821=ORIENTED_EDGE('',*,*,#2909,.F.);
#1822=ORIENTED_EDGE('',*,*,#2910,.F.);
#1823=ORIENTED_EDGE('',*,*,#2906,.T.);
#1824=ORIENTED_EDGE('',*,*,#2911,.T.);
#1825=ORIENTED_EDGE('',*,*,#2912,.F.);
#1826=ORIENTED_EDGE('',*,*,#2913,.F.);
#1827=ORIENTED_EDGE('',*,*,#2909,.T.);
#1828=ORIENTED_EDGE('',*,*,#2914,.T.);
#1829=ORIENTED_EDGE('',*,*,#2915,.F.);
#1830=ORIENTED_EDGE('',*,*,#2916,.F.);
#1831=ORIENTED_EDGE('',*,*,#2912,.T.);
#1832=ORIENTED_EDGE('',*,*,#2917,.T.);
#1833=ORIENTED_EDGE('',*,*,#2918,.F.);
#1834=ORIENTED_EDGE('',*,*,#2919,.F.);
#1835=ORIENTED_EDGE('',*,*,#2915,.T.);
#1836=ORIENTED_EDGE('',*,*,#2920,.T.);
#1837=ORIENTED_EDGE('',*,*,#2921,.F.);
#1838=ORIENTED_EDGE('',*,*,#2922,.F.);
#1839=ORIENTED_EDGE('',*,*,#2918,.T.);
#1840=ORIENTED_EDGE('',*,*,#2923,.T.);
#1841=ORIENTED_EDGE('',*,*,#2924,.F.);
#1842=ORIENTED_EDGE('',*,*,#2925,.F.);
#1843=ORIENTED_EDGE('',*,*,#2921,.T.);
#1844=ORIENTED_EDGE('',*,*,#2926,.T.);
#1845=ORIENTED_EDGE('',*,*,#2927,.F.);
#1846=ORIENTED_EDGE('',*,*,#2928,.F.);
#1847=ORIENTED_EDGE('',*,*,#2924,.T.);
#1848=ORIENTED_EDGE('',*,*,#2929,.T.);
#1849=ORIENTED_EDGE('',*,*,#2930,.F.);
#1850=ORIENTED_EDGE('',*,*,#2931,.F.);
#1851=ORIENTED_EDGE('',*,*,#2927,.T.);
#1852=ORIENTED_EDGE('',*,*,#2932,.T.);
#1853=ORIENTED_EDGE('',*,*,#2933,.F.);
#1854=ORIENTED_EDGE('',*,*,#2934,.F.);
#1855=ORIENTED_EDGE('',*,*,#2930,.T.);
#1856=ORIENTED_EDGE('',*,*,#2935,.T.);
#1857=ORIENTED_EDGE('',*,*,#2936,.F.);
#1858=ORIENTED_EDGE('',*,*,#2937,.F.);
#1859=ORIENTED_EDGE('',*,*,#2938,.T.);
#1860=ORIENTED_EDGE('',*,*,#2939,.T.);
#1861=ORIENTED_EDGE('',*,*,#2940,.F.);
#1862=ORIENTED_EDGE('',*,*,#2941,.F.);
#1863=ORIENTED_EDGE('',*,*,#2936,.T.);
#1864=ORIENTED_EDGE('',*,*,#2942,.T.);
#1865=ORIENTED_EDGE('',*,*,#2943,.F.);
#1866=ORIENTED_EDGE('',*,*,#2944,.F.);
#1867=ORIENTED_EDGE('',*,*,#2940,.T.);
#1868=ORIENTED_EDGE('',*,*,#2945,.T.);
#1869=ORIENTED_EDGE('',*,*,#2946,.F.);
#1870=ORIENTED_EDGE('',*,*,#2947,.F.);
#1871=ORIENTED_EDGE('',*,*,#2948,.T.);
#1872=ORIENTED_EDGE('',*,*,#2949,.T.);
#1873=ORIENTED_EDGE('',*,*,#2950,.F.);
#1874=ORIENTED_EDGE('',*,*,#2951,.F.);
#1875=ORIENTED_EDGE('',*,*,#2946,.T.);
#1876=ORIENTED_EDGE('',*,*,#2952,.T.);
#1877=ORIENTED_EDGE('',*,*,#2953,.F.);
#1878=ORIENTED_EDGE('',*,*,#2954,.F.);
#1879=ORIENTED_EDGE('',*,*,#2950,.T.);
#1880=ORIENTED_EDGE('',*,*,#2955,.F.);
#1881=ORIENTED_EDGE('',*,*,#2956,.F.);
#1882=ORIENTED_EDGE('',*,*,#2957,.T.);
#1883=ORIENTED_EDGE('',*,*,#2958,.T.);
#1884=ORIENTED_EDGE('',*,*,#2956,.T.);
#1885=ORIENTED_EDGE('',*,*,#2959,.T.);
#1886=ORIENTED_EDGE('',*,*,#2960,.F.);
#1887=ORIENTED_EDGE('',*,*,#2961,.F.);
#1888=ORIENTED_EDGE('',*,*,#2960,.T.);
#1889=ORIENTED_EDGE('',*,*,#2962,.T.);
#1890=ORIENTED_EDGE('',*,*,#2963,.F.);
#1891=ORIENTED_EDGE('',*,*,#2964,.F.);
#1892=ORIENTED_EDGE('',*,*,#2965,.T.);
#1893=ORIENTED_EDGE('',*,*,#2810,.F.);
#1894=ORIENTED_EDGE('',*,*,#2966,.F.);
#1895=ORIENTED_EDGE('',*,*,#2863,.T.);
#1896=ORIENTED_EDGE('',*,*,#2967,.T.);
#1897=ORIENTED_EDGE('',*,*,#2868,.F.);
#1898=ORIENTED_EDGE('',*,*,#2968,.F.);
#1899=ORIENTED_EDGE('',*,*,#2933,.T.);
#1900=ORIENTED_EDGE('',*,*,#2969,.T.);
#1901=ORIENTED_EDGE('',*,*,#2938,.F.);
#1902=ORIENTED_EDGE('',*,*,#2970,.F.);
#1903=ORIENTED_EDGE('',*,*,#2943,.T.);
#1904=ORIENTED_EDGE('',*,*,#2971,.T.);
#1905=ORIENTED_EDGE('',*,*,#2948,.F.);
#1906=ORIENTED_EDGE('',*,*,#2972,.F.);
#1907=ORIENTED_EDGE('',*,*,#2953,.T.);
#1908=ORIENTED_EDGE('',*,*,#2973,.F.);
#1909=ORIENTED_EDGE('',*,*,#2958,.F.);
#1910=ORIENTED_EDGE('',*,*,#2974,.T.);
#1911=ORIENTED_EDGE('',*,*,#2963,.T.);
#1912=ORIENTED_EDGE('',*,*,#2975,.T.);
#1913=ORIENTED_EDGE('',*,*,#2785,.F.);
#1914=ORIENTED_EDGE('',*,*,#2976,.F.);
#1915=ORIENTED_EDGE('',*,*,#2805,.T.);
#1916=ORIENTED_EDGE('',*,*,#2781,.F.);
#1917=ORIENTED_EDGE('',*,*,#2779,.F.);
#1918=ORIENTED_EDGE('',*,*,#2780,.F.);
#1919=ORIENTED_EDGE('',*,*,#2778,.F.);
#1920=ORIENTED_EDGE('',*,*,#2957,.F.);
#1921=ORIENTED_EDGE('',*,*,#2961,.T.);
#1922=ORIENTED_EDGE('',*,*,#2964,.T.);
#1923=ORIENTED_EDGE('',*,*,#2974,.F.);
#1924=ORIENTED_EDGE('',*,*,#2947,.T.);
#1925=ORIENTED_EDGE('',*,*,#2951,.T.);
#1926=ORIENTED_EDGE('',*,*,#2954,.T.);
#1927=ORIENTED_EDGE('',*,*,#2972,.T.);
#1928=ORIENTED_EDGE('',*,*,#2937,.T.);
#1929=ORIENTED_EDGE('',*,*,#2941,.T.);
#1930=ORIENTED_EDGE('',*,*,#2944,.T.);
#1931=ORIENTED_EDGE('',*,*,#2970,.T.);
#1932=ORIENTED_EDGE('',*,*,#2867,.T.);
#1933=ORIENTED_EDGE('',*,*,#2871,.T.);
#1934=ORIENTED_EDGE('',*,*,#2874,.T.);
#1935=ORIENTED_EDGE('',*,*,#2877,.T.);
#1936=ORIENTED_EDGE('',*,*,#2880,.T.);
#1937=ORIENTED_EDGE('',*,*,#2883,.T.);
#1938=ORIENTED_EDGE('',*,*,#2886,.T.);
#1939=ORIENTED_EDGE('',*,*,#2889,.T.);
#1940=ORIENTED_EDGE('',*,*,#2892,.T.);
#1941=ORIENTED_EDGE('',*,*,#2895,.T.);
#1942=ORIENTED_EDGE('',*,*,#2898,.T.);
#1943=ORIENTED_EDGE('',*,*,#2901,.T.);
#1944=ORIENTED_EDGE('',*,*,#2904,.T.);
#1945=ORIENTED_EDGE('',*,*,#2907,.T.);
#1946=ORIENTED_EDGE('',*,*,#2910,.T.);
#1947=ORIENTED_EDGE('',*,*,#2913,.T.);
#1948=ORIENTED_EDGE('',*,*,#2916,.T.);
#1949=ORIENTED_EDGE('',*,*,#2919,.T.);
#1950=ORIENTED_EDGE('',*,*,#2922,.T.);
#1951=ORIENTED_EDGE('',*,*,#2925,.T.);
#1952=ORIENTED_EDGE('',*,*,#2928,.T.);
#1953=ORIENTED_EDGE('',*,*,#2931,.T.);
#1954=ORIENTED_EDGE('',*,*,#2934,.T.);
#1955=ORIENTED_EDGE('',*,*,#2968,.T.);
#1956=ORIENTED_EDGE('',*,*,#2809,.T.);
#1957=ORIENTED_EDGE('',*,*,#2813,.T.);
#1958=ORIENTED_EDGE('',*,*,#2816,.T.);
#1959=ORIENTED_EDGE('',*,*,#2819,.T.);
#1960=ORIENTED_EDGE('',*,*,#2822,.T.);
#1961=ORIENTED_EDGE('',*,*,#2825,.T.);
#1962=ORIENTED_EDGE('',*,*,#2828,.T.);
#1963=ORIENTED_EDGE('',*,*,#2831,.T.);
#1964=ORIENTED_EDGE('',*,*,#2834,.T.);
#1965=ORIENTED_EDGE('',*,*,#2837,.T.);
#1966=ORIENTED_EDGE('',*,*,#2840,.T.);
#1967=ORIENTED_EDGE('',*,*,#2843,.T.);
#1968=ORIENTED_EDGE('',*,*,#2846,.T.);
#1969=ORIENTED_EDGE('',*,*,#2849,.T.);
#1970=ORIENTED_EDGE('',*,*,#2852,.T.);
#1971=ORIENTED_EDGE('',*,*,#2855,.T.);
#1972=ORIENTED_EDGE('',*,*,#2858,.T.);
#1973=ORIENTED_EDGE('',*,*,#2861,.T.);
#1974=ORIENTED_EDGE('',*,*,#2864,.T.);
#1975=ORIENTED_EDGE('',*,*,#2966,.T.);
#1976=ORIENTED_EDGE('',*,*,#2784,.T.);
#1977=ORIENTED_EDGE('',*,*,#2788,.T.);
#1978=ORIENTED_EDGE('',*,*,#2791,.T.);
#1979=ORIENTED_EDGE('',*,*,#2794,.T.);
#1980=ORIENTED_EDGE('',*,*,#2797,.T.);
#1981=ORIENTED_EDGE('',*,*,#2800,.T.);
#1982=ORIENTED_EDGE('',*,*,#2803,.T.);
#1983=ORIENTED_EDGE('',*,*,#2806,.T.);
#1984=ORIENTED_EDGE('',*,*,#2976,.T.);
#1985=ORIENTED_EDGE('',*,*,#2786,.F.);
#1986=ORIENTED_EDGE('',*,*,#2782,.F.);
#1987=ORIENTED_EDGE('',*,*,#2975,.F.);
#1988=ORIENTED_EDGE('',*,*,#2804,.F.);
#1989=ORIENTED_EDGE('',*,*,#2801,.F.);
#1990=ORIENTED_EDGE('',*,*,#2798,.F.);
#1991=ORIENTED_EDGE('',*,*,#2795,.F.);
#1992=ORIENTED_EDGE('',*,*,#2792,.F.);
#1993=ORIENTED_EDGE('',*,*,#2789,.F.);
#1994=ORIENTED_EDGE('',*,*,#2949,.F.);
#1995=ORIENTED_EDGE('',*,*,#2945,.F.);
#1996=ORIENTED_EDGE('',*,*,#2971,.F.);
#1997=ORIENTED_EDGE('',*,*,#2952,.F.);
#1998=ORIENTED_EDGE('',*,*,#2939,.F.);
#1999=ORIENTED_EDGE('',*,*,#2935,.F.);
#2000=ORIENTED_EDGE('',*,*,#2969,.F.);
#2001=ORIENTED_EDGE('',*,*,#2942,.F.);
#2002=ORIENTED_EDGE('',*,*,#2869,.F.);
#2003=ORIENTED_EDGE('',*,*,#2865,.F.);
#2004=ORIENTED_EDGE('',*,*,#2967,.F.);
#2005=ORIENTED_EDGE('',*,*,#2932,.F.);
#2006=ORIENTED_EDGE('',*,*,#2929,.F.);
#2007=ORIENTED_EDGE('',*,*,#2926,.F.);
#2008=ORIENTED_EDGE('',*,*,#2923,.F.);
#2009=ORIENTED_EDGE('',*,*,#2920,.F.);
#2010=ORIENTED_EDGE('',*,*,#2917,.F.);
#2011=ORIENTED_EDGE('',*,*,#2914,.F.);
#2012=ORIENTED_EDGE('',*,*,#2911,.F.);
#2013=ORIENTED_EDGE('',*,*,#2908,.F.);
#2014=ORIENTED_EDGE('',*,*,#2905,.F.);
#2015=ORIENTED_EDGE('',*,*,#2902,.F.);
#2016=ORIENTED_EDGE('',*,*,#2899,.F.);
#2017=ORIENTED_EDGE('',*,*,#2896,.F.);
#2018=ORIENTED_EDGE('',*,*,#2893,.F.);
#2019=ORIENTED_EDGE('',*,*,#2890,.F.);
#2020=ORIENTED_EDGE('',*,*,#2887,.F.);
#2021=ORIENTED_EDGE('',*,*,#2884,.F.);
#2022=ORIENTED_EDGE('',*,*,#2881,.F.);
#2023=ORIENTED_EDGE('',*,*,#2878,.F.);
#2024=ORIENTED_EDGE('',*,*,#2875,.F.);
#2025=ORIENTED_EDGE('',*,*,#2872,.F.);
#2026=ORIENTED_EDGE('',*,*,#2811,.F.);
#2027=ORIENTED_EDGE('',*,*,#2807,.F.);
#2028=ORIENTED_EDGE('',*,*,#2965,.F.);
#2029=ORIENTED_EDGE('',*,*,#2862,.F.);
#2030=ORIENTED_EDGE('',*,*,#2859,.F.);
#2031=ORIENTED_EDGE('',*,*,#2856,.F.);
#2032=ORIENTED_EDGE('',*,*,#2853,.F.);
#2033=ORIENTED_EDGE('',*,*,#2850,.F.);
#2034=ORIENTED_EDGE('',*,*,#2847,.F.);
#2035=ORIENTED_EDGE('',*,*,#2844,.F.);
#2036=ORIENTED_EDGE('',*,*,#2841,.F.);
#2037=ORIENTED_EDGE('',*,*,#2838,.F.);
#2038=ORIENTED_EDGE('',*,*,#2835,.F.);
#2039=ORIENTED_EDGE('',*,*,#2832,.F.);
#2040=ORIENTED_EDGE('',*,*,#2829,.F.);
#2041=ORIENTED_EDGE('',*,*,#2826,.F.);
#2042=ORIENTED_EDGE('',*,*,#2823,.F.);
#2043=ORIENTED_EDGE('',*,*,#2820,.F.);
#2044=ORIENTED_EDGE('',*,*,#2817,.F.);
#2045=ORIENTED_EDGE('',*,*,#2814,.F.);
#2046=ORIENTED_EDGE('',*,*,#2138,.F.);
#2047=ORIENTED_EDGE('',*,*,#2142,.F.);
#2048=ORIENTED_EDGE('',*,*,#2249,.F.);
#2049=ORIENTED_EDGE('',*,*,#2977,.F.);
#2050=ORIENTED_EDGE('',*,*,#2167,.F.);
#2051=ORIENTED_EDGE('',*,*,#2264,.F.);
#2052=ORIENTED_EDGE('',*,*,#2160,.F.);
#2053=ORIENTED_EDGE('',*,*,#2978,.F.);
#2054=ORIENTED_EDGE('',*,*,#2181,.F.);
#2055=ORIENTED_EDGE('',*,*,#2266,.F.);
#2056=ORIENTED_EDGE('',*,*,#2174,.F.);
#2057=ORIENTED_EDGE('',*,*,#2979,.F.);
#2058=ORIENTED_EDGE('',*,*,#2253,.F.);
#2059=ORIENTED_EDGE('',*,*,#2980,.F.);
#2060=ORIENTED_EDGE('',*,*,#2150,.F.);
#2061=ORIENTED_EDGE('',*,*,#2154,.F.);
#2062=ORIENTED_EDGE('',*,*,#2977,.T.);
#2063=ORIENTED_EDGE('',*,*,#2248,.F.);
#2064=ORIENTED_EDGE('',*,*,#2981,.F.);
#2065=ORIENTED_EDGE('',*,*,#2139,.T.);
#2066=ORIENTED_EDGE('',*,*,#2980,.T.);
#2067=ORIENTED_EDGE('',*,*,#2252,.F.);
#2068=ORIENTED_EDGE('',*,*,#2982,.F.);
#2069=ORIENTED_EDGE('',*,*,#2151,.T.);
#2070=ORIENTED_EDGE('',*,*,#2978,.T.);
#2071=ORIENTED_EDGE('',*,*,#2159,.F.);
#2072=ORIENTED_EDGE('',*,*,#2983,.F.);
#2073=ORIENTED_EDGE('',*,*,#2168,.T.);
#2074=ORIENTED_EDGE('',*,*,#2979,.T.);
#2075=ORIENTED_EDGE('',*,*,#2173,.F.);
#2076=ORIENTED_EDGE('',*,*,#2984,.F.);
#2077=ORIENTED_EDGE('',*,*,#2182,.T.);
#2078=ORIENTED_EDGE('',*,*,#2955,.T.);
#2079=ORIENTED_EDGE('',*,*,#2973,.T.);
#2080=ORIENTED_EDGE('',*,*,#2962,.F.);
#2081=ORIENTED_EDGE('',*,*,#2959,.F.);
#2082=ORIENTED_EDGE('',*,*,#2286,.T.);
#2083=ORIENTED_EDGE('',*,*,#2776,.T.);
#2084=ORIENTED_EDGE('',*,*,#2293,.F.);
#2085=ORIENTED_EDGE('',*,*,#2290,.F.);
#2086=ORIENTED_EDGE('',*,*,#2214,.T.);
#2087=ORIENTED_EDGE('',*,*,#2218,.F.);
#2088=ORIENTED_EDGE('',*,*,#2221,.T.);
#2089=ORIENTED_EDGE('',*,*,#2224,.T.);
#2090=ORIENTED_EDGE('',*,*,#2227,.T.);
#2091=ORIENTED_EDGE('',*,*,#2230,.F.);
#2092=ORIENTED_EDGE('',*,*,#2233,.F.);
#2093=ORIENTED_EDGE('',*,*,#2279,.T.);
#2094=ORIENTED_EDGE('',*,*,#2273,.F.);
#2095=ORIENTED_EDGE('',*,*,#2271,.F.);
#2096=ORIENTED_EDGE('',*,*,#2186,.T.);
#2097=ORIENTED_EDGE('',*,*,#2190,.T.);
#2098=ORIENTED_EDGE('',*,*,#2193,.T.);
#2099=ORIENTED_EDGE('',*,*,#2196,.T.);
#2100=ORIENTED_EDGE('',*,*,#2199,.T.);
#2101=ORIENTED_EDGE('',*,*,#2202,.T.);
#2102=ORIENTED_EDGE('',*,*,#2205,.T.);
#2103=ORIENTED_EDGE('',*,*,#2208,.T.);
#2104=ORIENTED_EDGE('',*,*,#2211,.T.);
#2105=ORIENTED_EDGE('',*,*,#2269,.T.);
#2106=ORIENTED_EDGE('',*,*,#2984,.T.);
#2107=ORIENTED_EDGE('',*,*,#2172,.T.);
#2108=ORIENTED_EDGE('',*,*,#2178,.T.);
#2109=ORIENTED_EDGE('',*,*,#2183,.T.);
#2110=ORIENTED_EDGE('',*,*,#2983,.T.);
#2111=ORIENTED_EDGE('',*,*,#2158,.T.);
#2112=ORIENTED_EDGE('',*,*,#2164,.T.);
#2113=ORIENTED_EDGE('',*,*,#2169,.T.);
#2114=ORIENTED_EDGE('',*,*,#2261,.F.);
#2115=ORIENTED_EDGE('',*,*,#2259,.F.);
#2116=ORIENTED_EDGE('',*,*,#2257,.F.);
#2117=ORIENTED_EDGE('',*,*,#2152,.F.);
#2118=ORIENTED_EDGE('',*,*,#2982,.T.);
#2119=ORIENTED_EDGE('',*,*,#2251,.F.);
#2120=ORIENTED_EDGE('',*,*,#2146,.F.);
#2121=ORIENTED_EDGE('',*,*,#2981,.T.);
#2122=ORIENTED_EDGE('',*,*,#2247,.T.);
#2123=ORIENTED_EDGE('',*,*,#2134,.F.);
#2124=ORIENTED_EDGE('',*,*,#2140,.T.);
#2125=ORIENTED_EDGE('',*,*,#2245,.F.);
#2126=ORIENTED_EDGE('',*,*,#2243,.F.);
#2127=ORIENTED_EDGE('',*,*,#2241,.F.);
#2128=ORIENTED_EDGE('',*,*,#2239,.F.);
#2129=ORIENTED_EDGE('',*,*,#2237,.F.);
#2130=ORIENTED_EDGE('',*,*,#2235,.F.);
#2131=ORIENTED_EDGE('',*,*,#2281,.F.);
#2132=EDGE_CURVE('',#2985,#2986,#3567,.T.);
#2133=EDGE_CURVE('',#2987,#2985,#3568,.T.);
#2134=EDGE_CURVE('',#2987,#2988,#3569,.T.);
#2135=EDGE_CURVE('',#2988,#2986,#3570,.T.);
#2136=EDGE_CURVE('',#2985,#2989,#3571,.T.);
#2137=EDGE_CURVE('',#2990,#2989,#3572,.T.);
#2138=EDGE_CURVE('',#2990,#2991,#334,.T.);
#2139=EDGE_CURVE('',#2992,#2991,#3573,.T.);
#2140=EDGE_CURVE('',#2987,#2992,#3574,.T.);
#2141=EDGE_CURVE('',#2993,#2994,#3575,.T.);
#2142=EDGE_CURVE('',#2993,#2990,#3576,.F.);
#2143=EDGE_CURVE('',#2989,#2994,#3577,.T.);
#2144=EDGE_CURVE('',#2995,#2996,#3578,.T.);
#2145=EDGE_CURVE('',#2997,#2995,#3579,.T.);
#2146=EDGE_CURVE('',#2997,#2998,#3580,.T.);
#2147=EDGE_CURVE('',#2998,#2996,#3581,.T.);
#2148=EDGE_CURVE('',#2999,#2995,#3582,.T.);
#2149=EDGE_CURVE('',#3000,#2999,#3583,.T.);
#2150=EDGE_CURVE('',#3000,#3001,#335,.F.);
#2151=EDGE_CURVE('',#3002,#3001,#3584,.T.);
#2152=EDGE_CURVE('',#3002,#2997,#3585,.T.);
#2153=EDGE_CURVE('',#3003,#3004,#3586,.T.);
#2154=EDGE_CURVE('',#3003,#3000,#3587,.T.);
#2155=EDGE_CURVE('',#3004,#2999,#3588,.T.);
#2156=EDGE_CURVE('',#3005,#3006,#3589,.T.);
#2157=EDGE_CURVE('',#3007,#3006,#3590,.T.);
#2158=EDGE_CURVE('',#3008,#3007,#3591,.T.);
#2159=EDGE_CURVE('',#3008,#3009,#3592,.T.);
#2160=EDGE_CURVE('',#3009,#3010,#336,.T.);
#2161=EDGE_CURVE('',#3010,#3005,#3593,.T.);
#2162=EDGE_CURVE('',#3006,#3011,#3594,.T.);
#2163=EDGE_CURVE('',#3012,#3011,#3595,.T.);
#2164=EDGE_CURVE('',#3007,#3012,#3596,.T.);
#2165=EDGE_CURVE('',#3011,#3013,#3597,.T.);
#2166=EDGE_CURVE('',#3014,#3013,#3598,.T.);
#2167=EDGE_CURVE('',#3014,#3015,#337,.T.);
#2168=EDGE_CURVE('',#3016,#3015,#3599,.T.);
#2169=EDGE_CURVE('',#3012,#3016,#3600,.T.);
#2170=EDGE_CURVE('',#3017,#3018,#3601,.T.);
#2171=EDGE_CURVE('',#3019,#3018,#3602,.T.);
#2172=EDGE_CURVE('',#3020,#3019,#3603,.T.);
#2173=EDGE_CURVE('',#3020,#3021,#3604,.T.);
#2174=EDGE_CURVE('',#3021,#3022,#338,.T.);
#2175=EDGE_CURVE('',#3022,#3017,#3605,.T.);
#2176=EDGE_CURVE('',#3018,#3023,#3606,.T.);
#2177=EDGE_CURVE('',#3024,#3023,#3607,.T.);
#2178=EDGE_CURVE('',#3019,#3024,#3608,.T.);
#2179=EDGE_CURVE('',#3023,#3025,#3609,.T.);
#2180=EDGE_CURVE('',#3026,#3025,#3610,.T.);
#2181=EDGE_CURVE('',#3026,#3027,#339,.T.);
#2182=EDGE_CURVE('',#3028,#3027,#3611,.T.);
#2183=EDGE_CURVE('',#3024,#3028,#3612,.T.);
#2184=EDGE_CURVE('',#3029,#3030,#3613,.T.);
#2185=EDGE_CURVE('',#3031,#3030,#3614,.T.);
#2186=EDGE_CURVE('',#3032,#3031,#3615,.T.);
#2187=EDGE_CURVE('',#3032,#3029,#3616,.T.);
#2188=EDGE_CURVE('',#3030,#3033,#58,.T.);
#2189=EDGE_CURVE('',#3034,#3033,#3617,.T.);
#2190=EDGE_CURVE('',#3031,#3034,#59,.T.);
#2191=EDGE_CURVE('',#3033,#3035,#3618,.T.);
#2192=EDGE_CURVE('',#3036,#3035,#3619,.T.);
#2193=EDGE_CURVE('',#3034,#3036,#3620,.T.);
#2194=EDGE_CURVE('',#3035,#3037,#60,.T.);
#2195=EDGE_CURVE('',#3038,#3037,#3621,.T.);
#2196=EDGE_CURVE('',#3036,#3038,#61,.T.);
#2197=EDGE_CURVE('',#3037,#3039,#3622,.T.);
#2198=EDGE_CURVE('',#3040,#3039,#3623,.T.);
#2199=EDGE_CURVE('',#3038,#3040,#3624,.T.);
#2200=EDGE_CURVE('',#3039,#3041,#62,.T.);
#2201=EDGE_CURVE('',#3042,#3041,#3625,.T.);
#2202=EDGE_CURVE('',#3040,#3042,#63,.T.);
#2203=EDGE_CURVE('',#3041,#3043,#3626,.T.);
#2204=EDGE_CURVE('',#3044,#3043,#3627,.T.);
#2205=EDGE_CURVE('',#3042,#3044,#3628,.T.);
#2206=EDGE_CURVE('',#3043,#3045,#64,.T.);
#2207=EDGE_CURVE('',#3046,#3045,#3629,.T.);
#2208=EDGE_CURVE('',#3044,#3046,#65,.T.);
#2209=EDGE_CURVE('',#3045,#3047,#3630,.T.);
#2210=EDGE_CURVE('',#3048,#3047,#3631,.T.);
#2211=EDGE_CURVE('',#3046,#3048,#3632,.T.);
#2212=EDGE_CURVE('',#3049,#3050,#3633,.T.);
#2213=EDGE_CURVE('',#3051,#3050,#3634,.T.);
#2214=EDGE_CURVE('',#3052,#3051,#3635,.T.);
#2215=EDGE_CURVE('',#3052,#3049,#3636,.T.);
#2216=EDGE_CURVE('',#3053,#3050,#3637,.T.);
#2217=EDGE_CURVE('',#3054,#3053,#3638,.T.);
#2218=EDGE_CURVE('',#3054,#3051,#3639,.T.);
#2219=EDGE_CURVE('',#3053,#3055,#3640,.T.);
#2220=EDGE_CURVE('',#3056,#3055,#3641,.T.);
#2221=EDGE_CURVE('',#3054,#3056,#3642,.T.);
#2222=EDGE_CURVE('',#3055,#3057,#3643,.T.);
#2223=EDGE_CURVE('',#3058,#3057,#3644,.T.);
#2224=EDGE_CURVE('',#3056,#3058,#3645,.T.);
#2225=EDGE_CURVE('',#3057,#3059,#3646,.T.);
#2226=EDGE_CURVE('',#3060,#3059,#3647,.T.);
#2227=EDGE_CURVE('',#3058,#3060,#3648,.T.);
#2228=EDGE_CURVE('',#3061,#3059,#3649,.T.);
#2229=EDGE_CURVE('',#3062,#3061,#3650,.T.);
#2230=EDGE_CURVE('',#3062,#3060,#3651,.T.);
#2231=EDGE_CURVE('',#3063,#3061,#3652,.T.);
#2232=EDGE_CURVE('',#3064,#3063,#3653,.T.);
#2233=EDGE_CURVE('',#3064,#3062,#3654,.T.);
#2234=EDGE_CURVE('',#3065,#3065,#340,.T.);
#2235=EDGE_CURVE('',#3066,#3066,#341,.T.);
#2236=EDGE_CURVE('',#3067,#3067,#342,.T.);
#2237=EDGE_CURVE('',#3068,#3068,#343,.T.);
#2238=EDGE_CURVE('',#3069,#3069,#344,.T.);
#2239=EDGE_CURVE('',#3070,#3070,#345,.T.);
#2240=EDGE_CURVE('',#3071,#3071,#346,.T.);
#2241=EDGE_CURVE('',#3072,#3072,#347,.T.);
#2242=EDGE_CURVE('',#3073,#3073,#348,.T.);
#2243=EDGE_CURVE('',#3074,#3074,#349,.T.);
#2244=EDGE_CURVE('',#3075,#3075,#350,.T.);
#2245=EDGE_CURVE('',#3076,#3076,#351,.T.);
#2246=EDGE_CURVE('',#2994,#2986,#3655,.T.);
#2247=EDGE_CURVE('',#3077,#2988,#3656,.T.);
#2248=EDGE_CURVE('',#3077,#3078,#3657,.T.);
#2249=EDGE_CURVE('',#3078,#2993,#352,.T.);
#2250=EDGE_CURVE('',#2996,#3004,#3658,.T.);
#2251=EDGE_CURVE('',#2998,#3079,#3659,.T.);
#2252=EDGE_CURVE('',#3079,#3080,#3660,.T.);
#2253=EDGE_CURVE('',#3080,#3003,#353,.F.);
#2254=EDGE_CURVE('',#3081,#3081,#354,.T.);
#2255=EDGE_CURVE('',#3082,#3082,#355,.T.);
#2256=EDGE_CURVE('',#3083,#3083,#356,.T.);
#2257=EDGE_CURVE('',#3084,#3084,#357,.T.);
#2258=EDGE_CURVE('',#3085,#3085,#358,.T.);
#2259=EDGE_CURVE('',#3086,#3086,#359,.T.);
#2260=EDGE_CURVE('',#3087,#3087,#360,.T.);
#2261=EDGE_CURVE('',#3088,#3088,#361,.T.);
#2262=EDGE_CURVE('',#3089,#3089,#362,.T.);
#2263=EDGE_CURVE('',#3090,#3090,#363,.T.);
#2264=EDGE_CURVE('',#3010,#3014,#3661,.F.);
#2265=EDGE_CURVE('',#3013,#3005,#3662,.T.);
#2266=EDGE_CURVE('',#3022,#3026,#3663,.F.);
#2267=EDGE_CURVE('',#3025,#3017,#3664,.T.);
#2268=EDGE_CURVE('',#3047,#3029,#3665,.T.);
#2269=EDGE_CURVE('',#3048,#3032,#3666,.T.);
#2270=EDGE_CURVE('',#3091,#3091,#364,.T.);
#2271=EDGE_CURVE('',#3092,#3092,#365,.T.);
#2272=EDGE_CURVE('',#3093,#3093,#366,.T.);
#2273=EDGE_CURVE('',#3094,#3094,#367,.T.);
#2274=EDGE_CURVE('',#3095,#3095,#368,.T.);
#2275=EDGE_CURVE('',#3096,#3096,#369,.T.);
#2276=EDGE_CURVE('',#3097,#3097,#370,.T.);
#2277=EDGE_CURVE('',#3098,#3098,#371,.T.);
#2278=EDGE_CURVE('',#3063,#3049,#3667,.T.);
#2279=EDGE_CURVE('',#3064,#3052,#3668,.T.);
#2280=EDGE_CURVE('',#3099,#3099,#372,.T.);
#2281=EDGE_CURVE('',#3100,#3100,#373,.T.);
#2282=EDGE_CURVE('',#3101,#3101,#374,.T.);
#2283=EDGE_CURVE('',#3102,#3102,#375,.T.);
#2284=EDGE_CURVE('',#3103,#3103,#376,.T.);
#2285=EDGE_CURVE('',#3104,#3104,#377,.T.);
#2286=EDGE_CURVE('',#3105,#3106,#3669,.T.);
#2287=EDGE_CURVE('',#3107,#3105,#3670,.T.);
#2288=EDGE_CURVE('',#3107,#3108,#3671,.T.);
#2289=EDGE_CURVE('',#3108,#3106,#3672,.T.);
#2290=EDGE_CURVE('',#3105,#3109,#3673,.T.);
#2291=EDGE_CURVE('',#3110,#3109,#3674,.T.);
#2292=EDGE_CURVE('',#3107,#3110,#3675,.T.);
#2293=EDGE_CURVE('',#3109,#3111,#3676,.T.);
#2294=EDGE_CURVE('',#3112,#3111,#3677,.T.);
#2295=EDGE_CURVE('',#3110,#3112,#3678,.T.);
#2296=EDGE_CURVE('',#3113,#3114,#3679,.T.);
#2297=EDGE_CURVE('',#3115,#3114,#3680,.T.);
#2298=EDGE_CURVE('',#3116,#3115,#3681,.T.);
#2299=EDGE_CURVE('',#3116,#3113,#3682,.T.);
#2300=EDGE_CURVE('',#3114,#3117,#378,.T.);
#2301=EDGE_CURVE('',#3118,#3117,#3683,.T.);
#2302=EDGE_CURVE('',#3115,#3118,#379,.T.);
#2303=EDGE_CURVE('',#3117,#3119,#66,.T.);
#2304=EDGE_CURVE('',#3120,#3119,#3684,.T.);
#2305=EDGE_CURVE('',#3118,#3120,#67,.T.);
#2306=EDGE_CURVE('',#3119,#3121,#3685,.T.);
#2307=EDGE_CURVE('',#3122,#3121,#3686,.T.);
#2308=EDGE_CURVE('',#3120,#3122,#3687,.T.);
#2309=EDGE_CURVE('',#3121,#3123,#3688,.T.);
#2310=EDGE_CURVE('',#3124,#3123,#3689,.T.);
#2311=EDGE_CURVE('',#3122,#3124,#3690,.T.);
#2312=EDGE_CURVE('',#3123,#3125,#3691,.T.);
#2313=EDGE_CURVE('',#3126,#3125,#3692,.T.);
#2314=EDGE_CURVE('',#3124,#3126,#3693,.T.);
#2315=EDGE_CURVE('',#3125,#3127,#3694,.T.);
#2316=EDGE_CURVE('',#3128,#3127,#3695,.T.);
#2317=EDGE_CURVE('',#3126,#3128,#3696,.T.);
#2318=EDGE_CURVE('',#3127,#3129,#3697,.T.);
#2319=EDGE_CURVE('',#3130,#3129,#3698,.T.);
#2320=EDGE_CURVE('',#3128,#3130,#3699,.T.);
#2321=EDGE_CURVE('',#3129,#3131,#3700,.T.);
#2322=EDGE_CURVE('',#3132,#3131,#3701,.T.);
#2323=EDGE_CURVE('',#3130,#3132,#3702,.T.);
#2324=EDGE_CURVE('',#3131,#3133,#3703,.T.);
#2325=EDGE_CURVE('',#3134,#3133,#3704,.T.);
#2326=EDGE_CURVE('',#3132,#3134,#3705,.T.);
#2327=EDGE_CURVE('',#3133,#3135,#3706,.T.);
#2328=EDGE_CURVE('',#3136,#3135,#3707,.T.);
#2329=EDGE_CURVE('',#3134,#3136,#3708,.T.);
#2330=EDGE_CURVE('',#3135,#3137,#3709,.T.);
#2331=EDGE_CURVE('',#3138,#3137,#3710,.T.);
#2332=EDGE_CURVE('',#3136,#3138,#3711,.T.);
#2333=EDGE_CURVE('',#3137,#3139,#3712,.T.);
#2334=EDGE_CURVE('',#3140,#3139,#3713,.T.);
#2335=EDGE_CURVE('',#3138,#3140,#3714,.T.);
#2336=EDGE_CURVE('',#3139,#3141,#3715,.T.);
#2337=EDGE_CURVE('',#3142,#3141,#3716,.T.);
#2338=EDGE_CURVE('',#3140,#3142,#3717,.T.);
#2339=EDGE_CURVE('',#3141,#3143,#68,.T.);
#2340=EDGE_CURVE('',#3144,#3143,#3718,.T.);
#2341=EDGE_CURVE('',#3142,#3144,#69,.T.);
#2342=EDGE_CURVE('',#3143,#3145,#70,.T.);
#2343=EDGE_CURVE('',#3146,#3145,#3719,.T.);
#2344=EDGE_CURVE('',#3144,#3146,#71,.T.);
#2345=EDGE_CURVE('',#3147,#3148,#3720,.T.);
#2346=EDGE_CURVE('',#3149,#3148,#3721,.T.);
#2347=EDGE_CURVE('',#3150,#3149,#3722,.T.);
#2348=EDGE_CURVE('',#3150,#3147,#3723,.T.);
#2349=EDGE_CURVE('',#3148,#3151,#72,.T.);
#2350=EDGE_CURVE('',#3152,#3151,#3724,.T.);
#2351=EDGE_CURVE('',#3149,#3152,#73,.T.);
#2352=EDGE_CURVE('',#3151,#3153,#74,.T.);
#2353=EDGE_CURVE('',#3154,#3153,#3725,.T.);
#2354=EDGE_CURVE('',#3152,#3154,#75,.T.);
#2355=EDGE_CURVE('',#3153,#3155,#76,.T.);
#2356=EDGE_CURVE('',#3156,#3155,#3726,.T.);
#2357=EDGE_CURVE('',#3154,#3156,#77,.T.);
#2358=EDGE_CURVE('',#3155,#3157,#380,.F.);
#2359=EDGE_CURVE('',#3158,#3157,#3727,.T.);
#2360=EDGE_CURVE('',#3156,#3158,#381,.F.);
#2361=EDGE_CURVE('',#3157,#3159,#3728,.T.);
#2362=EDGE_CURVE('',#3160,#3159,#3729,.T.);
#2363=EDGE_CURVE('',#3158,#3160,#3730,.T.);
#2364=EDGE_CURVE('',#3159,#3161,#78,.T.);
#2365=EDGE_CURVE('',#3162,#3161,#3731,.T.);
#2366=EDGE_CURVE('',#3160,#3162,#79,.T.);
#2367=EDGE_CURVE('',#3161,#3163,#80,.T.);
#2368=EDGE_CURVE('',#3164,#3163,#3732,.T.);
#2369=EDGE_CURVE('',#3162,#3164,#81,.T.);
#2370=EDGE_CURVE('',#3163,#3165,#82,.T.);
#2371=EDGE_CURVE('',#3166,#3165,#3733,.T.);
#2372=EDGE_CURVE('',#3164,#3166,#83,.T.);
#2373=EDGE_CURVE('',#3165,#3167,#84,.T.);
#2374=EDGE_CURVE('',#3168,#3167,#3734,.T.);
#2375=EDGE_CURVE('',#3166,#3168,#85,.T.);
#2376=EDGE_CURVE('',#3167,#3169,#86,.T.);
#2377=EDGE_CURVE('',#3170,#3169,#3735,.T.);
#2378=EDGE_CURVE('',#3168,#3170,#87,.T.);
#2379=EDGE_CURVE('',#3169,#3171,#88,.T.);
#2380=EDGE_CURVE('',#3172,#3171,#3736,.T.);
#2381=EDGE_CURVE('',#3170,#3172,#89,.T.);
#2382=EDGE_CURVE('',#3173,#3174,#90,.T.);
#2383=EDGE_CURVE('',#3175,#3174,#3737,.T.);
#2384=EDGE_CURVE('',#3176,#3175,#91,.T.);
#2385=EDGE_CURVE('',#3176,#3173,#3738,.T.);
#2386=EDGE_CURVE('',#3174,#3177,#92,.T.);
#2387=EDGE_CURVE('',#3178,#3177,#3739,.T.);
#2388=EDGE_CURVE('',#3175,#3178,#93,.T.);
#2389=EDGE_CURVE('',#3177,#3179,#94,.T.);
#2390=EDGE_CURVE('',#3180,#3179,#3740,.T.);
#2391=EDGE_CURVE('',#3178,#3180,#95,.T.);
#2392=EDGE_CURVE('',#3179,#3181,#96,.T.);
#2393=EDGE_CURVE('',#3182,#3181,#3741,.T.);
#2394=EDGE_CURVE('',#3180,#3182,#97,.T.);
#2395=EDGE_CURVE('',#3181,#3183,#98,.T.);
#2396=EDGE_CURVE('',#3184,#3183,#3742,.T.);
#2397=EDGE_CURVE('',#3182,#3184,#99,.T.);
#2398=EDGE_CURVE('',#3183,#3185,#3743,.T.);
#2399=EDGE_CURVE('',#3186,#3185,#3744,.T.);
#2400=EDGE_CURVE('',#3184,#3186,#3745,.T.);
#2401=EDGE_CURVE('',#3185,#3187,#100,.T.);
#2402=EDGE_CURVE('',#3188,#3187,#3746,.T.);
#2403=EDGE_CURVE('',#3186,#3188,#101,.T.);
#2404=EDGE_CURVE('',#3187,#3189,#102,.T.);
#2405=EDGE_CURVE('',#3190,#3189,#3747,.T.);
#2406=EDGE_CURVE('',#3188,#3190,#103,.T.);
#2407=EDGE_CURVE('',#3189,#3191,#104,.T.);
#2408=EDGE_CURVE('',#3192,#3191,#3748,.T.);
#2409=EDGE_CURVE('',#3190,#3192,#105,.T.);
#2410=EDGE_CURVE('',#3191,#3193,#106,.T.);
#2411=EDGE_CURVE('',#3194,#3193,#3749,.T.);
#2412=EDGE_CURVE('',#3192,#3194,#107,.T.);
#2413=EDGE_CURVE('',#3193,#3195,#108,.T.);
#2414=EDGE_CURVE('',#3196,#3195,#3750,.T.);
#2415=EDGE_CURVE('',#3194,#3196,#109,.T.);
#2416=EDGE_CURVE('',#3195,#3197,#3751,.T.);
#2417=EDGE_CURVE('',#3198,#3197,#3752,.T.);
#2418=EDGE_CURVE('',#3196,#3198,#3753,.T.);
#2419=EDGE_CURVE('',#3197,#3199,#3754,.T.);
#2420=EDGE_CURVE('',#3200,#3199,#3755,.T.);
#2421=EDGE_CURVE('',#3198,#3200,#3756,.T.);
#2422=EDGE_CURVE('',#3199,#3201,#3757,.T.);
#2423=EDGE_CURVE('',#3202,#3201,#3758,.T.);
#2424=EDGE_CURVE('',#3200,#3202,#3759,.T.);
#2425=EDGE_CURVE('',#3201,#3203,#110,.T.);
#2426=EDGE_CURVE('',#3204,#3203,#3760,.T.);
#2427=EDGE_CURVE('',#3202,#3204,#111,.T.);
#2428=EDGE_CURVE('',#3203,#3205,#112,.T.);
#2429=EDGE_CURVE('',#3206,#3205,#3761,.T.);
#2430=EDGE_CURVE('',#3204,#3206,#113,.T.);
#2431=EDGE_CURVE('',#3205,#3207,#114,.T.);
#2432=EDGE_CURVE('',#3208,#3207,#3762,.T.);
#2433=EDGE_CURVE('',#3206,#3208,#115,.T.);
#2434=EDGE_CURVE('',#3207,#3209,#116,.T.);
#2435=EDGE_CURVE('',#3210,#3209,#3763,.T.);
#2436=EDGE_CURVE('',#3208,#3210,#117,.T.);
#2437=EDGE_CURVE('',#3209,#3211,#118,.T.);
#2438=EDGE_CURVE('',#3212,#3211,#3764,.T.);
#2439=EDGE_CURVE('',#3210,#3212,#119,.T.);
#2440=EDGE_CURVE('',#3211,#3213,#120,.T.);
#2441=EDGE_CURVE('',#3214,#3213,#3765,.T.);
#2442=EDGE_CURVE('',#3212,#3214,#121,.T.);
#2443=EDGE_CURVE('',#3213,#3215,#3766,.T.);
#2444=EDGE_CURVE('',#3216,#3215,#3767,.T.);
#2445=EDGE_CURVE('',#3214,#3216,#3768,.T.);
#2446=EDGE_CURVE('',#3215,#3217,#122,.T.);
#2447=EDGE_CURVE('',#3218,#3217,#3769,.T.);
#2448=EDGE_CURVE('',#3216,#3218,#123,.T.);
#2449=EDGE_CURVE('',#3217,#3219,#124,.T.);
#2450=EDGE_CURVE('',#3220,#3219,#3770,.T.);
#2451=EDGE_CURVE('',#3218,#3220,#125,.T.);
#2452=EDGE_CURVE('',#3219,#3221,#126,.T.);
#2453=EDGE_CURVE('',#3222,#3221,#3771,.T.);
#2454=EDGE_CURVE('',#3220,#3222,#127,.T.);
#2455=EDGE_CURVE('',#3221,#3223,#128,.T.);
#2456=EDGE_CURVE('',#3224,#3223,#3772,.T.);
#2457=EDGE_CURVE('',#3222,#3224,#129,.T.);
#2458=EDGE_CURVE('',#3223,#3225,#130,.T.);
#2459=EDGE_CURVE('',#3226,#3225,#3773,.T.);
#2460=EDGE_CURVE('',#3224,#3226,#131,.T.);
#2461=EDGE_CURVE('',#3225,#3227,#132,.T.);
#2462=EDGE_CURVE('',#3228,#3227,#3774,.T.);
#2463=EDGE_CURVE('',#3226,#3228,#133,.T.);
#2464=EDGE_CURVE('',#3227,#3229,#3775,.T.);
#2465=EDGE_CURVE('',#3230,#3229,#3776,.T.);
#2466=EDGE_CURVE('',#3228,#3230,#3777,.T.);
#2467=EDGE_CURVE('',#3231,#3232,#3778,.T.);
#2468=EDGE_CURVE('',#3233,#3232,#3779,.T.);
#2469=EDGE_CURVE('',#3234,#3233,#3780,.T.);
#2470=EDGE_CURVE('',#3234,#3231,#3781,.T.);
#2471=EDGE_CURVE('',#3232,#3235,#3782,.T.);
#2472=EDGE_CURVE('',#3236,#3235,#3783,.T.);
#2473=EDGE_CURVE('',#3233,#3236,#3784,.T.);
#2474=EDGE_CURVE('',#3235,#3237,#3785,.T.);
#2475=EDGE_CURVE('',#3238,#3237,#3786,.T.);
#2476=EDGE_CURVE('',#3236,#3238,#3787,.T.);
#2477=EDGE_CURVE('',#3237,#3239,#3788,.T.);
#2478=EDGE_CURVE('',#3240,#3239,#3789,.T.);
#2479=EDGE_CURVE('',#3238,#3240,#3790,.T.);
#2480=EDGE_CURVE('',#3239,#3241,#3791,.T.);
#2481=EDGE_CURVE('',#3242,#3241,#3792,.T.);
#2482=EDGE_CURVE('',#3240,#3242,#3793,.T.);
#2483=EDGE_CURVE('',#3241,#3243,#3794,.T.);
#2484=EDGE_CURVE('',#3244,#3243,#3795,.T.);
#2485=EDGE_CURVE('',#3242,#3244,#3796,.T.);
#2486=EDGE_CURVE('',#3243,#3245,#3797,.T.);
#2487=EDGE_CURVE('',#3246,#3245,#3798,.T.);
#2488=EDGE_CURVE('',#3244,#3246,#3799,.T.);
#2489=EDGE_CURVE('',#3245,#3247,#3800,.T.);
#2490=EDGE_CURVE('',#3248,#3247,#3801,.T.);
#2491=EDGE_CURVE('',#3246,#3248,#3802,.T.);
#2492=EDGE_CURVE('',#3247,#3249,#3803,.T.);
#2493=EDGE_CURVE('',#3250,#3249,#3804,.T.);
#2494=EDGE_CURVE('',#3248,#3250,#3805,.T.);
#2495=EDGE_CURVE('',#3249,#3251,#3806,.T.);
#2496=EDGE_CURVE('',#3252,#3251,#3807,.T.);
#2497=EDGE_CURVE('',#3250,#3252,#3808,.T.);
#2498=EDGE_CURVE('',#3253,#3254,#3809,.T.);
#2499=EDGE_CURVE('',#3255,#3254,#3810,.T.);
#2500=EDGE_CURVE('',#3256,#3255,#3811,.T.);
#2501=EDGE_CURVE('',#3256,#3253,#3812,.T.);
#2502=EDGE_CURVE('',#3254,#3257,#134,.T.);
#2503=EDGE_CURVE('',#3258,#3257,#3813,.T.);
#2504=EDGE_CURVE('',#3255,#3258,#135,.T.);
#2505=EDGE_CURVE('',#3257,#3259,#382,.F.);
#2506=EDGE_CURVE('',#3260,#3259,#3814,.T.);
#2507=EDGE_CURVE('',#3258,#3260,#383,.F.);
#2508=EDGE_CURVE('',#3259,#3261,#384,.F.);
#2509=EDGE_CURVE('',#3262,#3261,#3815,.T.);
#2510=EDGE_CURVE('',#3260,#3262,#385,.F.);
#2511=EDGE_CURVE('',#3261,#3263,#3816,.T.);
#2512=EDGE_CURVE('',#3264,#3263,#3817,.T.);
#2513=EDGE_CURVE('',#3262,#3264,#3818,.T.);
#2514=EDGE_CURVE('',#3263,#3265,#136,.T.);
#2515=EDGE_CURVE('',#3266,#3265,#3819,.T.);
#2516=EDGE_CURVE('',#3264,#3266,#137,.T.);
#2517=EDGE_CURVE('',#3265,#3267,#138,.T.);
#2518=EDGE_CURVE('',#3268,#3267,#3820,.T.);
#2519=EDGE_CURVE('',#3266,#3268,#139,.T.);
#2520=EDGE_CURVE('',#3267,#3269,#3821,.T.);
#2521=EDGE_CURVE('',#3270,#3269,#3822,.T.);
#2522=EDGE_CURVE('',#3268,#3270,#3823,.T.);
#2523=EDGE_CURVE('',#3269,#3271,#3824,.T.);
#2524=EDGE_CURVE('',#3272,#3271,#3825,.T.);
#2525=EDGE_CURVE('',#3270,#3272,#3826,.T.);
#2526=EDGE_CURVE('',#3273,#3274,#3827,.T.);
#2527=EDGE_CURVE('',#3275,#3274,#3828,.T.);
#2528=EDGE_CURVE('',#3276,#3275,#3829,.T.);
#2529=EDGE_CURVE('',#3276,#3273,#3830,.T.);
#2530=EDGE_CURVE('',#3274,#3277,#140,.T.);
#2531=EDGE_CURVE('',#3278,#3277,#3831,.T.);
#2532=EDGE_CURVE('',#3275,#3278,#141,.T.);
#2533=EDGE_CURVE('',#3277,#3279,#142,.T.);
#2534=EDGE_CURVE('',#3280,#3279,#3832,.T.);
#2535=EDGE_CURVE('',#3278,#3280,#143,.T.);
#2536=EDGE_CURVE('',#3279,#3281,#144,.T.);
#2537=EDGE_CURVE('',#3282,#3281,#3833,.T.);
#2538=EDGE_CURVE('',#3280,#3282,#145,.T.);
#2539=EDGE_CURVE('',#3281,#3283,#146,.T.);
#2540=EDGE_CURVE('',#3284,#3283,#3834,.T.);
#2541=EDGE_CURVE('',#3282,#3284,#147,.T.);
#2542=EDGE_CURVE('',#3283,#3285,#3835,.T.);
#2543=EDGE_CURVE('',#3286,#3285,#3836,.T.);
#2544=EDGE_CURVE('',#3284,#3286,#3837,.T.);
#2545=EDGE_CURVE('',#3285,#3287,#3838,.T.);
#2546=EDGE_CURVE('',#3288,#3287,#3839,.T.);
#2547=EDGE_CURVE('',#3286,#3288,#3840,.T.);
#2548=EDGE_CURVE('',#3287,#3289,#3841,.T.);
#2549=EDGE_CURVE('',#3290,#3289,#3842,.T.);
#2550=EDGE_CURVE('',#3288,#3290,#3843,.T.);
#2551=EDGE_CURVE('',#3289,#3291,#148,.T.);
#2552=EDGE_CURVE('',#3292,#3291,#3844,.T.);
#2553=EDGE_CURVE('',#3290,#3292,#149,.T.);
#2554=EDGE_CURVE('',#3291,#3293,#386,.F.);
#2555=EDGE_CURVE('',#3294,#3293,#3845,.T.);
#2556=EDGE_CURVE('',#3292,#3294,#387,.F.);
#2557=EDGE_CURVE('',#3293,#3295,#150,.T.);
#2558=EDGE_CURVE('',#3296,#3295,#3846,.T.);
#2559=EDGE_CURVE('',#3294,#3296,#151,.T.);
#2560=EDGE_CURVE('',#3295,#3297,#152,.T.);
#2561=EDGE_CURVE('',#3298,#3297,#3847,.T.);
#2562=EDGE_CURVE('',#3296,#3298,#153,.T.);
#2563=EDGE_CURVE('',#3297,#3299,#154,.T.);
#2564=EDGE_CURVE('',#3300,#3299,#3848,.T.);
#2565=EDGE_CURVE('',#3298,#3300,#155,.T.);
#2566=EDGE_CURVE('',#3299,#3301,#3849,.T.);
#2567=EDGE_CURVE('',#3302,#3301,#3850,.T.);
#2568=EDGE_CURVE('',#3300,#3302,#3851,.T.);
#2569=EDGE_CURVE('',#3301,#3303,#3852,.T.);
#2570=EDGE_CURVE('',#3304,#3303,#3853,.T.);
#2571=EDGE_CURVE('',#3302,#3304,#3854,.T.);
#2572=EDGE_CURVE('',#3303,#3305,#3855,.T.);
#2573=EDGE_CURVE('',#3306,#3305,#3856,.T.);
#2574=EDGE_CURVE('',#3304,#3306,#3857,.T.);
#2575=EDGE_CURVE('',#3305,#3307,#3858,.T.);
#2576=EDGE_CURVE('',#3308,#3307,#3859,.T.);
#2577=EDGE_CURVE('',#3306,#3308,#3860,.T.);
#2578=EDGE_CURVE('',#3307,#3309,#3861,.T.);
#2579=EDGE_CURVE('',#3310,#3309,#3862,.T.);
#2580=EDGE_CURVE('',#3308,#3310,#3863,.T.);
#2581=EDGE_CURVE('',#3309,#3311,#388,.T.);
#2582=EDGE_CURVE('',#3312,#3311,#3864,.T.);
#2583=EDGE_CURVE('',#3310,#3312,#389,.T.);
#2584=EDGE_CURVE('',#3313,#3314,#3865,.T.);
#2585=EDGE_CURVE('',#3315,#3314,#3866,.T.);
#2586=EDGE_CURVE('',#3316,#3315,#3867,.T.);
#2587=EDGE_CURVE('',#3316,#3313,#3868,.T.);
#2588=EDGE_CURVE('',#3314,#3317,#3869,.T.);
#2589=EDGE_CURVE('',#3318,#3317,#3870,.T.);
#2590=EDGE_CURVE('',#3315,#3318,#3871,.T.);
#2591=EDGE_CURVE('',#3317,#3319,#3872,.T.);
#2592=EDGE_CURVE('',#3320,#3319,#3873,.T.);
#2593=EDGE_CURVE('',#3318,#3320,#3874,.T.);
#2594=EDGE_CURVE('',#3319,#3321,#3875,.T.);
#2595=EDGE_CURVE('',#3322,#3321,#3876,.T.);
#2596=EDGE_CURVE('',#3320,#3322,#3877,.T.);
#2597=EDGE_CURVE('',#3321,#3323,#3878,.T.);
#2598=EDGE_CURVE('',#3324,#3323,#3879,.T.);
#2599=EDGE_CURVE('',#3322,#3324,#3880,.T.);
#2600=EDGE_CURVE('',#3323,#3325,#3881,.T.);
#2601=EDGE_CURVE('',#3326,#3325,#3882,.T.);
#2602=EDGE_CURVE('',#3324,#3326,#3883,.T.);
#2603=EDGE_CURVE('',#3325,#3327,#3884,.T.);
#2604=EDGE_CURVE('',#3328,#3327,#3885,.T.);
#2605=EDGE_CURVE('',#3326,#3328,#3886,.T.);
#2606=EDGE_CURVE('',#3327,#3329,#3887,.T.);
#2607=EDGE_CURVE('',#3330,#3329,#3888,.T.);
#2608=EDGE_CURVE('',#3328,#3330,#3889,.T.);
#2609=EDGE_CURVE('',#3329,#3331,#3890,.T.);
#2610=EDGE_CURVE('',#3332,#3331,#3891,.T.);
#2611=EDGE_CURVE('',#3330,#3332,#3892,.T.);
#2612=EDGE_CURVE('',#3331,#3333,#3893,.T.);
#2613=EDGE_CURVE('',#3334,#3333,#3894,.T.);
#2614=EDGE_CURVE('',#3332,#3334,#3895,.T.);
#2615=EDGE_CURVE('',#3333,#3335,#3896,.T.);
#2616=EDGE_CURVE('',#3336,#3335,#3897,.T.);
#2617=EDGE_CURVE('',#3334,#3336,#3898,.T.);
#2618=EDGE_CURVE('',#3337,#3338,#156,.T.);
#2619=EDGE_CURVE('',#3339,#3338,#3899,.T.);
#2620=EDGE_CURVE('',#3340,#3339,#157,.T.);
#2621=EDGE_CURVE('',#3340,#3337,#3900,.T.);
#2622=EDGE_CURVE('',#3338,#3341,#158,.T.);
#2623=EDGE_CURVE('',#3342,#3341,#3901,.T.);
#2624=EDGE_CURVE('',#3339,#3342,#159,.T.);
#2625=EDGE_CURVE('',#3341,#3343,#160,.T.);
#2626=EDGE_CURVE('',#3344,#3343,#3902,.T.);
#2627=EDGE_CURVE('',#3342,#3344,#161,.T.);
#2628=EDGE_CURVE('',#3343,#3345,#162,.T.);
#2629=EDGE_CURVE('',#3346,#3345,#3903,.T.);
#2630=EDGE_CURVE('',#3344,#3346,#163,.T.);
#2631=EDGE_CURVE('',#3345,#3347,#164,.T.);
#2632=EDGE_CURVE('',#3348,#3347,#3904,.T.);
#2633=EDGE_CURVE('',#3346,#3348,#165,.T.);
#2634=EDGE_CURVE('',#3347,#3349,#3905,.T.);
#2635=EDGE_CURVE('',#3350,#3349,#3906,.T.);
#2636=EDGE_CURVE('',#3348,#3350,#3907,.T.);
#2637=EDGE_CURVE('',#3349,#3351,#3908,.T.);
#2638=EDGE_CURVE('',#3352,#3351,#3909,.T.);
#2639=EDGE_CURVE('',#3350,#3352,#3910,.T.);
#2640=EDGE_CURVE('',#3351,#3353,#166,.T.);
#2641=EDGE_CURVE('',#3354,#3353,#3911,.T.);
#2642=EDGE_CURVE('',#3352,#3354,#167,.T.);
#2643=EDGE_CURVE('',#3353,#3355,#168,.T.);
#2644=EDGE_CURVE('',#3356,#3355,#3912,.T.);
#2645=EDGE_CURVE('',#3354,#3356,#169,.T.);
#2646=EDGE_CURVE('',#3355,#3357,#170,.T.);
#2647=EDGE_CURVE('',#3358,#3357,#3913,.T.);
#2648=EDGE_CURVE('',#3356,#3358,#171,.T.);
#2649=EDGE_CURVE('',#3357,#3359,#172,.T.);
#2650=EDGE_CURVE('',#3360,#3359,#3914,.T.);
#2651=EDGE_CURVE('',#3358,#3360,#173,.T.);
#2652=EDGE_CURVE('',#3359,#3361,#3915,.T.);
#2653=EDGE_CURVE('',#3362,#3361,#3916,.T.);
#2654=EDGE_CURVE('',#3360,#3362,#3917,.T.);
#2655=EDGE_CURVE('',#3361,#3363,#174,.T.);
#2656=EDGE_CURVE('',#3364,#3363,#3918,.T.);
#2657=EDGE_CURVE('',#3362,#3364,#175,.T.);
#2658=EDGE_CURVE('',#3363,#3365,#176,.T.);
#2659=EDGE_CURVE('',#3366,#3365,#3919,.T.);
#2660=EDGE_CURVE('',#3364,#3366,#177,.T.);
#2661=EDGE_CURVE('',#3365,#3367,#178,.T.);
#2662=EDGE_CURVE('',#3368,#3367,#3920,.T.);
#2663=EDGE_CURVE('',#3366,#3368,#179,.T.);
#2664=EDGE_CURVE('',#3367,#3369,#3921,.T.);
#2665=EDGE_CURVE('',#3370,#3369,#3922,.T.);
#2666=EDGE_CURVE('',#3368,#3370,#3923,.T.);
#2667=EDGE_CURVE('',#3369,#3371,#180,.T.);
#2668=EDGE_CURVE('',#3372,#3371,#3924,.T.);
#2669=EDGE_CURVE('',#3370,#3372,#181,.T.);
#2670=EDGE_CURVE('',#3371,#3373,#182,.T.);
#2671=EDGE_CURVE('',#3374,#3373,#3925,.T.);
#2672=EDGE_CURVE('',#3372,#3374,#183,.T.);
#2673=EDGE_CURVE('',#3373,#3375,#390,.F.);
#2674=EDGE_CURVE('',#3376,#3375,#3926,.T.);
#2675=EDGE_CURVE('',#3374,#3376,#391,.F.);
#2676=EDGE_CURVE('',#3375,#3377,#3927,.T.);
#2677=EDGE_CURVE('',#3378,#3377,#3928,.T.);
#2678=EDGE_CURVE('',#3376,#3378,#3929,.T.);
#2679=EDGE_CURVE('',#3377,#3379,#392,.T.);
#2680=EDGE_CURVE('',#3380,#3379,#3930,.T.);
#2681=EDGE_CURVE('',#3378,#3380,#393,.T.);
#2682=EDGE_CURVE('',#3379,#3381,#184,.T.);
#2683=EDGE_CURVE('',#3382,#3381,#3931,.T.);
#2684=EDGE_CURVE('',#3380,#3382,#185,.T.);
#2685=EDGE_CURVE('',#3381,#3383,#186,.T.);
#2686=EDGE_CURVE('',#3384,#3383,#3932,.T.);
#2687=EDGE_CURVE('',#3382,#3384,#187,.T.);
#2688=EDGE_CURVE('',#3383,#3385,#3933,.T.);
#2689=EDGE_CURVE('',#3386,#3385,#3934,.T.);
#2690=EDGE_CURVE('',#3384,#3386,#3935,.T.);
#2691=EDGE_CURVE('',#3387,#3388,#3936,.T.);
#2692=EDGE_CURVE('',#3389,#3388,#3937,.T.);
#2693=EDGE_CURVE('',#3390,#3389,#3938,.T.);
#2694=EDGE_CURVE('',#3390,#3387,#3939,.T.);
#2695=EDGE_CURVE('',#3388,#3391,#3940,.T.);
#2696=EDGE_CURVE('',#3392,#3391,#3941,.T.);
#2697=EDGE_CURVE('',#3389,#3392,#3942,.T.);
#2698=EDGE_CURVE('',#3391,#3393,#394,.T.);
#2699=EDGE_CURVE('',#3394,#3393,#3943,.T.);
#2700=EDGE_CURVE('',#3392,#3394,#395,.T.);
#2701=EDGE_CURVE('',#3393,#3395,#396,.T.);
#2702=EDGE_CURVE('',#3396,#3395,#3944,.T.);
#2703=EDGE_CURVE('',#3394,#3396,#397,.T.);
#2704=EDGE_CURVE('',#3395,#3397,#3945,.T.);
#2705=EDGE_CURVE('',#3398,#3397,#3946,.T.);
#2706=EDGE_CURVE('',#3396,#3398,#3947,.T.);
#2707=EDGE_CURVE('',#3397,#3399,#3948,.T.);
#2708=EDGE_CURVE('',#3400,#3399,#3949,.T.);
#2709=EDGE_CURVE('',#3398,#3400,#3950,.T.);
#2710=EDGE_CURVE('',#3399,#3401,#3951,.T.);
#2711=EDGE_CURVE('',#3402,#3401,#3952,.T.);
#2712=EDGE_CURVE('',#3400,#3402,#3953,.T.);
#2713=EDGE_CURVE('',#3401,#3403,#3954,.T.);
#2714=EDGE_CURVE('',#3404,#3403,#3955,.T.);
#2715=EDGE_CURVE('',#3402,#3404,#3956,.T.);
#2716=EDGE_CURVE('',#3403,#3405,#3957,.T.);
#2717=EDGE_CURVE('',#3406,#3405,#3958,.T.);
#2718=EDGE_CURVE('',#3404,#3406,#3959,.T.);
#2719=EDGE_CURVE('',#3405,#3407,#3960,.T.);
#2720=EDGE_CURVE('',#3408,#3407,#3961,.T.);
#2721=EDGE_CURVE('',#3406,#3408,#3962,.T.);
#2722=EDGE_CURVE('',#3407,#3409,#3963,.T.);
#2723=EDGE_CURVE('',#3410,#3409,#3964,.T.);
#2724=EDGE_CURVE('',#3408,#3410,#3965,.T.);
#2725=EDGE_CURVE('',#3409,#3411,#3966,.T.);
#2726=EDGE_CURVE('',#3412,#3411,#3967,.T.);
#2727=EDGE_CURVE('',#3410,#3412,#3968,.T.);
#2728=EDGE_CURVE('',#3411,#3413,#3969,.T.);
#2729=EDGE_CURVE('',#3414,#3413,#3970,.T.);
#2730=EDGE_CURVE('',#3412,#3414,#3971,.T.);
#2731=EDGE_CURVE('',#3413,#3415,#3972,.T.);
#2732=EDGE_CURVE('',#3416,#3415,#3973,.T.);
#2733=EDGE_CURVE('',#3414,#3416,#3974,.T.);
#2734=EDGE_CURVE('',#3415,#3417,#3975,.T.);
#2735=EDGE_CURVE('',#3418,#3417,#3976,.T.);
#2736=EDGE_CURVE('',#3416,#3418,#3977,.T.);
#2737=EDGE_CURVE('',#3417,#3419,#3978,.T.);
#2738=EDGE_CURVE('',#3420,#3419,#3979,.T.);
#2739=EDGE_CURVE('',#3418,#3420,#3980,.T.);
#2740=EDGE_CURVE('',#3419,#3421,#398,.T.);
#2741=EDGE_CURVE('',#3422,#3421,#3981,.T.);
#2742=EDGE_CURVE('',#3420,#3422,#399,.T.);
#2743=EDGE_CURVE('',#3421,#3423,#400,.T.);
#2744=EDGE_CURVE('',#3424,#3423,#3982,.T.);
#2745=EDGE_CURVE('',#3422,#3424,#401,.T.);
#2746=EDGE_CURVE('',#3423,#3425,#402,.T.);
#2747=EDGE_CURVE('',#3426,#3425,#3983,.T.);
#2748=EDGE_CURVE('',#3424,#3426,#403,.T.);
#2749=EDGE_CURVE('',#3425,#3427,#404,.T.);
#2750=EDGE_CURVE('',#3428,#3427,#3984,.T.);
#2751=EDGE_CURVE('',#3426,#3428,#405,.T.);
#2752=EDGE_CURVE('',#3427,#3429,#3985,.T.);
#2753=EDGE_CURVE('',#3430,#3429,#3986,.T.);
#2754=EDGE_CURVE('',#3428,#3430,#3987,.T.);
#2755=EDGE_CURVE('',#3429,#3431,#3988,.T.);
#2756=EDGE_CURVE('',#3432,#3431,#3989,.T.);
#2757=EDGE_CURVE('',#3430,#3432,#3990,.T.);
#2758=EDGE_CURVE('',#3145,#3113,#406,.F.);
#2759=EDGE_CURVE('',#3146,#3116,#407,.F.);
#2760=EDGE_CURVE('',#3171,#3147,#3991,.T.);
#2761=EDGE_CURVE('',#3172,#3150,#3992,.T.);
#2762=EDGE_CURVE('',#3229,#3173,#188,.T.);
#2763=EDGE_CURVE('',#3230,#3176,#189,.T.);
#2764=EDGE_CURVE('',#3251,#3231,#3993,.T.);
#2765=EDGE_CURVE('',#3252,#3234,#3994,.T.);
#2766=EDGE_CURVE('',#3271,#3253,#3995,.T.);
#2767=EDGE_CURVE('',#3272,#3256,#3996,.T.);
#2768=EDGE_CURVE('',#3311,#3273,#3997,.T.);
#2769=EDGE_CURVE('',#3312,#3276,#3998,.T.);
#2770=EDGE_CURVE('',#3335,#3313,#3999,.T.);
#2771=EDGE_CURVE('',#3336,#3316,#4000,.T.);
#2772=EDGE_CURVE('',#3385,#3337,#190,.T.);
#2773=EDGE_CURVE('',#3386,#3340,#191,.T.);
#2774=EDGE_CURVE('',#3431,#3387,#4001,.T.);
#2775=EDGE_CURVE('',#3432,#3390,#4002,.T.);
#2776=EDGE_CURVE('',#3106,#3111,#4003,.T.);
#2777=EDGE_CURVE('',#3108,#3112,#4004,.T.);
#2778=EDGE_CURVE('',#3433,#3433,#408,.T.);
#2779=EDGE_CURVE('',#3434,#3434,#409,.T.);
#2780=EDGE_CURVE('',#3435,#3435,#410,.T.);
#2781=EDGE_CURVE('',#3436,#3436,#411,.T.);
#2782=EDGE_CURVE('',#3437,#3438,#192,.T.);
#2783=EDGE_CURVE('',#3439,#3438,#4005,.T.);
#2784=EDGE_CURVE('',#3440,#3439,#193,.T.);
#2785=EDGE_CURVE('',#3440,#3437,#4006,.T.);
#2786=EDGE_CURVE('',#3438,#3441,#194,.T.);
#2787=EDGE_CURVE('',#3442,#3441,#4007,.T.);
#2788=EDGE_CURVE('',#3439,#3442,#195,.T.);
#2789=EDGE_CURVE('',#3441,#3443,#196,.T.);
#2790=EDGE_CURVE('',#3444,#3443,#4008,.T.);
#2791=EDGE_CURVE('',#3442,#3444,#197,.T.);
#2792=EDGE_CURVE('',#3443,#3445,#4009,.T.);
#2793=EDGE_CURVE('',#3446,#3445,#4010,.T.);
#2794=EDGE_CURVE('',#3444,#3446,#4011,.T.);
#2795=EDGE_CURVE('',#3445,#3447,#4012,.T.);
#2796=EDGE_CURVE('',#3448,#3447,#4013,.T.);
#2797=EDGE_CURVE('',#3446,#3448,#4014,.T.);
#2798=EDGE_CURVE('',#3447,#3449,#4015,.T.);
#2799=EDGE_CURVE('',#3450,#3449,#4016,.T.);
#2800=EDGE_CURVE('',#3448,#3450,#4017,.T.);
#2801=EDGE_CURVE('',#3449,#3451,#4018,.T.);
#2802=EDGE_CURVE('',#3452,#3451,#4019,.T.);
#2803=EDGE_CURVE('',#3450,#3452,#4020,.T.);
#2804=EDGE_CURVE('',#3451,#3453,#4021,.T.);
#2805=EDGE_CURVE('',#3454,#3453,#4022,.T.);
#2806=EDGE_CURVE('',#3452,#3454,#4023,.T.);
#2807=EDGE_CURVE('',#3455,#3456,#4024,.T.);
#2808=EDGE_CURVE('',#3457,#3456,#4025,.T.);
#2809=EDGE_CURVE('',#3458,#3457,#4026,.T.);
#2810=EDGE_CURVE('',#3458,#3455,#4027,.T.);
#2811=EDGE_CURVE('',#3456,#3459,#4028,.T.);
#2812=EDGE_CURVE('',#3460,#3459,#4029,.T.);
#2813=EDGE_CURVE('',#3457,#3460,#4030,.T.);
#2814=EDGE_CURVE('',#3459,#3461,#4031,.T.);
#2815=EDGE_CURVE('',#3462,#3461,#4032,.T.);
#2816=EDGE_CURVE('',#3460,#3462,#4033,.T.);
#2817=EDGE_CURVE('',#3461,#3463,#198,.T.);
#2818=EDGE_CURVE('',#3464,#3463,#4034,.T.);
#2819=EDGE_CURVE('',#3462,#3464,#199,.T.);
#2820=EDGE_CURVE('',#3463,#3465,#412,.T.);
#2821=EDGE_CURVE('',#3466,#3465,#4035,.T.);
#2822=EDGE_CURVE('',#3464,#3466,#413,.T.);
#2823=EDGE_CURVE('',#3465,#3467,#200,.T.);
#2824=EDGE_CURVE('',#3468,#3467,#4036,.T.);
#2825=EDGE_CURVE('',#3466,#3468,#201,.T.);
#2826=EDGE_CURVE('',#3467,#3469,#4037,.T.);
#2827=EDGE_CURVE('',#3470,#3469,#4038,.T.);
#2828=EDGE_CURVE('',#3468,#3470,#4039,.T.);
#2829=EDGE_CURVE('',#3469,#3471,#4040,.T.);
#2830=EDGE_CURVE('',#3472,#3471,#4041,.T.);
#2831=EDGE_CURVE('',#3470,#3472,#4042,.T.);
#2832=EDGE_CURVE('',#3471,#3473,#4043,.T.);
#2833=EDGE_CURVE('',#3474,#3473,#4044,.T.);
#2834=EDGE_CURVE('',#3472,#3474,#4045,.T.);
#2835=EDGE_CURVE('',#3473,#3475,#4046,.T.);
#2836=EDGE_CURVE('',#3476,#3475,#4047,.T.);
#2837=EDGE_CURVE('',#3474,#3476,#4048,.T.);
#2838=EDGE_CURVE('',#3475,#3477,#414,.T.);
#2839=EDGE_CURVE('',#3478,#3477,#4049,.T.);
#2840=EDGE_CURVE('',#3476,#3478,#415,.T.);
#2841=EDGE_CURVE('',#3477,#3479,#416,.T.);
#2842=EDGE_CURVE('',#3480,#3479,#4050,.T.);
#2843=EDGE_CURVE('',#3478,#3480,#417,.T.);
#2844=EDGE_CURVE('',#3479,#3481,#202,.T.);
#2845=EDGE_CURVE('',#3482,#3481,#4051,.T.);
#2846=EDGE_CURVE('',#3480,#3482,#203,.T.);
#2847=EDGE_CURVE('',#3481,#3483,#4052,.T.);
#2848=EDGE_CURVE('',#3484,#3483,#4053,.T.);
#2849=EDGE_CURVE('',#3482,#3484,#4054,.T.);
#2850=EDGE_CURVE('',#3483,#3485,#4055,.T.);
#2851=EDGE_CURVE('',#3486,#3485,#4056,.T.);
#2852=EDGE_CURVE('',#3484,#3486,#4057,.T.);
#2853=EDGE_CURVE('',#3485,#3487,#204,.T.);
#2854=EDGE_CURVE('',#3488,#3487,#4058,.T.);
#2855=EDGE_CURVE('',#3486,#3488,#205,.T.);
#2856=EDGE_CURVE('',#3487,#3489,#4059,.T.);
#2857=EDGE_CURVE('',#3490,#3489,#4060,.T.);
#2858=EDGE_CURVE('',#3488,#3490,#4061,.T.);
#2859=EDGE_CURVE('',#3489,#3491,#418,.F.);
#2860=EDGE_CURVE('',#3492,#3491,#4062,.T.);
#2861=EDGE_CURVE('',#3490,#3492,#419,.F.);
#2862=EDGE_CURVE('',#3491,#3493,#206,.T.);
#2863=EDGE_CURVE('',#3494,#3493,#4063,.T.);
#2864=EDGE_CURVE('',#3492,#3494,#207,.T.);
#2865=EDGE_CURVE('',#3495,#3496,#4064,.T.);
#2866=EDGE_CURVE('',#3497,#3496,#4065,.T.);
#2867=EDGE_CURVE('',#3498,#3497,#4066,.T.);
#2868=EDGE_CURVE('',#3498,#3495,#4067,.T.);
#2869=EDGE_CURVE('',#3496,#3499,#4068,.T.);
#2870=EDGE_CURVE('',#3500,#3499,#4069,.T.);
#2871=EDGE_CURVE('',#3497,#3500,#4070,.T.);
#2872=EDGE_CURVE('',#3499,#3501,#208,.T.);
#2873=EDGE_CURVE('',#3502,#3501,#4071,.T.);
#2874=EDGE_CURVE('',#3500,#3502,#209,.T.);
#2875=EDGE_CURVE('',#3501,#3503,#420,.T.);
#2876=EDGE_CURVE('',#3504,#3503,#4072,.T.);
#2877=EDGE_CURVE('',#3502,#3504,#421,.T.);
#2878=EDGE_CURVE('',#3503,#3505,#422,.T.);
#2879=EDGE_CURVE('',#3506,#3505,#4073,.T.);
#2880=EDGE_CURVE('',#3504,#3506,#423,.T.);
#2881=EDGE_CURVE('',#3505,#3507,#424,.F.);
#2882=EDGE_CURVE('',#3508,#3507,#4074,.T.);
#2883=EDGE_CURVE('',#3506,#3508,#425,.F.);
#2884=EDGE_CURVE('',#3507,#3509,#210,.T.);
#2885=EDGE_CURVE('',#3510,#3509,#4075,.T.);
#2886=EDGE_CURVE('',#3508,#3510,#211,.T.);
#2887=EDGE_CURVE('',#3509,#3511,#212,.T.);
#2888=EDGE_CURVE('',#3512,#3511,#4076,.T.);
#2889=EDGE_CURVE('',#3510,#3512,#213,.T.);
#2890=EDGE_CURVE('',#3511,#3513,#214,.T.);
#2891=EDGE_CURVE('',#3514,#3513,#4077,.T.);
#2892=EDGE_CURVE('',#3512,#3514,#215,.T.);
#2893=EDGE_CURVE('',#3513,#3515,#216,.T.);
#2894=EDGE_CURVE('',#3516,#3515,#4078,.T.);
#2895=EDGE_CURVE('',#3514,#3516,#217,.T.);
#2896=EDGE_CURVE('',#3515,#3517,#218,.T.);
#2897=EDGE_CURVE('',#3518,#3517,#4079,.T.);
#2898=EDGE_CURVE('',#3516,#3518,#219,.T.);
#2899=EDGE_CURVE('',#3517,#3519,#220,.T.);
#2900=EDGE_CURVE('',#3520,#3519,#4080,.T.);
#2901=EDGE_CURVE('',#3518,#3520,#221,.T.);
#2902=EDGE_CURVE('',#3519,#3521,#4081,.T.);
#2903=EDGE_CURVE('',#3522,#3521,#4082,.T.);
#2904=EDGE_CURVE('',#3520,#3522,#4083,.T.);
#2905=EDGE_CURVE('',#3521,#3523,#222,.T.);
#2906=EDGE_CURVE('',#3524,#3523,#4084,.T.);
#2907=EDGE_CURVE('',#3522,#3524,#223,.T.);
#2908=EDGE_CURVE('',#3523,#3525,#224,.T.);
#2909=EDGE_CURVE('',#3526,#3525,#4085,.T.);
#2910=EDGE_CURVE('',#3524,#3526,#225,.T.);
#2911=EDGE_CURVE('',#3525,#3527,#226,.T.);
#2912=EDGE_CURVE('',#3528,#3527,#4086,.T.);
#2913=EDGE_CURVE('',#3526,#3528,#227,.T.);
#2914=EDGE_CURVE('',#3527,#3529,#228,.T.);
#2915=EDGE_CURVE('',#3530,#3529,#4087,.T.);
#2916=EDGE_CURVE('',#3528,#3530,#229,.T.);
#2917=EDGE_CURVE('',#3529,#3531,#230,.T.);
#2918=EDGE_CURVE('',#3532,#3531,#4088,.T.);
#2919=EDGE_CURVE('',#3530,#3532,#231,.T.);
#2920=EDGE_CURVE('',#3531,#3533,#232,.T.);
#2921=EDGE_CURVE('',#3534,#3533,#4089,.T.);
#2922=EDGE_CURVE('',#3532,#3534,#233,.T.);
#2923=EDGE_CURVE('',#3533,#3535,#234,.T.);
#2924=EDGE_CURVE('',#3536,#3535,#4090,.T.);
#2925=EDGE_CURVE('',#3534,#3536,#235,.T.);
#2926=EDGE_CURVE('',#3535,#3537,#236,.T.);
#2927=EDGE_CURVE('',#3538,#3537,#4091,.T.);
#2928=EDGE_CURVE('',#3536,#3538,#237,.T.);
#2929=EDGE_CURVE('',#3537,#3539,#238,.T.);
#2930=EDGE_CURVE('',#3540,#3539,#4092,.T.);
#2931=EDGE_CURVE('',#3538,#3540,#239,.T.);
#2932=EDGE_CURVE('',#3539,#3541,#4093,.T.);
#2933=EDGE_CURVE('',#3542,#3541,#4094,.T.);
#2934=EDGE_CURVE('',#3540,#3542,#4095,.T.);
#2935=EDGE_CURVE('',#3543,#3544,#4096,.T.);
#2936=EDGE_CURVE('',#3545,#3544,#4097,.T.);
#2937=EDGE_CURVE('',#3546,#3545,#4098,.T.);
#2938=EDGE_CURVE('',#3546,#3543,#4099,.T.);
#2939=EDGE_CURVE('',#3544,#3547,#4100,.T.);
#2940=EDGE_CURVE('',#3548,#3547,#4101,.T.);
#2941=EDGE_CURVE('',#3545,#3548,#4102,.T.);
#2942=EDGE_CURVE('',#3547,#3549,#4103,.T.);
#2943=EDGE_CURVE('',#3550,#3549,#4104,.T.);
#2944=EDGE_CURVE('',#3548,#3550,#4105,.T.);
#2945=EDGE_CURVE('',#3551,#3552,#4106,.T.);
#2946=EDGE_CURVE('',#3553,#3552,#4107,.T.);
#2947=EDGE_CURVE('',#3554,#3553,#4108,.T.);
#2948=EDGE_CURVE('',#3554,#3551,#4109,.T.);
#2949=EDGE_CURVE('',#3552,#3555,#4110,.T.);
#2950=EDGE_CURVE('',#3556,#3555,#4111,.T.);
#2951=EDGE_CURVE('',#3553,#3556,#4112,.T.);
#2952=EDGE_CURVE('',#3555,#3557,#4113,.T.);
#2953=EDGE_CURVE('',#3558,#3557,#4114,.T.);
#2954=EDGE_CURVE('',#3556,#3558,#4115,.T.);
#2955=EDGE_CURVE('',#3559,#3560,#4116,.T.);
#2956=EDGE_CURVE('',#3561,#3559,#4117,.T.);
#2957=EDGE_CURVE('',#3561,#3562,#4118,.T.);
#2958=EDGE_CURVE('',#3562,#3560,#4119,.T.);
#2959=EDGE_CURVE('',#3559,#3563,#4120,.T.);
#2960=EDGE_CURVE('',#3564,#3563,#4121,.T.);
#2961=EDGE_CURVE('',#3561,#3564,#4122,.T.);
#2962=EDGE_CURVE('',#3563,#3565,#4123,.T.);
#2963=EDGE_CURVE('',#3566,#3565,#4124,.T.);
#2964=EDGE_CURVE('',#3564,#3566,#4125,.T.);
#2965=EDGE_CURVE('',#3493,#3455,#4126,.T.);
#2966=EDGE_CURVE('',#3494,#3458,#4127,.T.);
#2967=EDGE_CURVE('',#3541,#3495,#4128,.T.);
#2968=EDGE_CURVE('',#3542,#3498,#4129,.T.);
#2969=EDGE_CURVE('',#3549,#3543,#4130,.T.);
#2970=EDGE_CURVE('',#3550,#3546,#4131,.T.);
#2971=EDGE_CURVE('',#3557,#3551,#4132,.T.);
#2972=EDGE_CURVE('',#3558,#3554,#4133,.T.);
#2973=EDGE_CURVE('',#3560,#3565,#4134,.T.);
#2974=EDGE_CURVE('',#3562,#3566,#4135,.T.);
#2975=EDGE_CURVE('',#3453,#3437,#240,.T.);
#2976=EDGE_CURVE('',#3454,#3440,#241,.T.);
#2977=EDGE_CURVE('',#2991,#3078,#4136,.T.);
#2978=EDGE_CURVE('',#3015,#3009,#4137,.T.);
#2979=EDGE_CURVE('',#3027,#3021,#4138,.T.);
#2980=EDGE_CURVE('',#3001,#3080,#4139,.F.);
#2981=EDGE_CURVE('',#2992,#3077,#4140,.T.);
#2982=EDGE_CURVE('',#3002,#3079,#4141,.F.);
#2983=EDGE_CURVE('',#3016,#3008,#4142,.T.);
#2984=EDGE_CURVE('',#3028,#3020,#4143,.T.);
#2985=VERTEX_POINT('',#7513);
#2986=VERTEX_POINT('',#7514);
#2987=VERTEX_POINT('',#7516);
#2988=VERTEX_POINT('',#7518);
#2989=VERTEX_POINT('',#7522);
#2990=VERTEX_POINT('',#7524);
#2991=VERTEX_POINT('',#7526);
#2992=VERTEX_POINT('',#7528);
#2993=VERTEX_POINT('',#7532);
#2994=VERTEX_POINT('',#7533);
#2995=VERTEX_POINT('',#7538);
#2996=VERTEX_POINT('',#7539);
#2997=VERTEX_POINT('',#7541);
#2998=VERTEX_POINT('',#7543);
#2999=VERTEX_POINT('',#7547);
#3000=VERTEX_POINT('',#7549);
#3001=VERTEX_POINT('',#7551);
#3002=VERTEX_POINT('',#7553);
#3003=VERTEX_POINT('',#7557);
#3004=VERTEX_POINT('',#7558);
#3005=VERTEX_POINT('',#7563);
#3006=VERTEX_POINT('',#7564);
#3007=VERTEX_POINT('',#7566);
#3008=VERTEX_POINT('',#7568);
#3009=VERTEX_POINT('',#7570);
#3010=VERTEX_POINT('',#7572);
#3011=VERTEX_POINT('',#7576);
#3012=VERTEX_POINT('',#7578);
#3013=VERTEX_POINT('',#7582);
#3014=VERTEX_POINT('',#7584);
#3015=VERTEX_POINT('',#7586);
#3016=VERTEX_POINT('',#7588);
#3017=VERTEX_POINT('',#7592);
#3018=VERTEX_POINT('',#7593);
#3019=VERTEX_POINT('',#7595);
#3020=VERTEX_POINT('',#7597);
#3021=VERTEX_POINT('',#7599);
#3022=VERTEX_POINT('',#7601);
#3023=VERTEX_POINT('',#7605);
#3024=VERTEX_POINT('',#7607);
#3025=VERTEX_POINT('',#7611);
#3026=VERTEX_POINT('',#7613);
#3027=VERTEX_POINT('',#7615);
#3028=VERTEX_POINT('',#7617);
#3029=VERTEX_POINT('',#7621);
#3030=VERTEX_POINT('',#7622);
#3031=VERTEX_POINT('',#7624);
#3032=VERTEX_POINT('',#7626);
#3033=VERTEX_POINT('',#7639);
#3034=VERTEX_POINT('',#7641);
#3035=VERTEX_POINT('',#7647);
#3036=VERTEX_POINT('',#7649);
#3037=VERTEX_POINT('',#7662);
#3038=VERTEX_POINT('',#7664);
#3039=VERTEX_POINT('',#7670);
#3040=VERTEX_POINT('',#7672);
#3041=VERTEX_POINT('',#7685);
#3042=VERTEX_POINT('',#7687);
#3043=VERTEX_POINT('',#7693);
#3044=VERTEX_POINT('',#7695);
#3045=VERTEX_POINT('',#7708);
#3046=VERTEX_POINT('',#7710);
#3047=VERTEX_POINT('',#7716);
#3048=VERTEX_POINT('',#7718);
#3049=VERTEX_POINT('',#7722);
#3050=VERTEX_POINT('',#7723);
#3051=VERTEX_POINT('',#7725);
#3052=VERTEX_POINT('',#7727);
#3053=VERTEX_POINT('',#7731);
#3054=VERTEX_POINT('',#7733);
#3055=VERTEX_POINT('',#7737);
#3056=VERTEX_POINT('',#7739);
#3057=VERTEX_POINT('',#7743);
#3058=VERTEX_POINT('',#7745);
#3059=VERTEX_POINT('',#7749);
#3060=VERTEX_POINT('',#7751);
#3061=VERTEX_POINT('',#7755);
#3062=VERTEX_POINT('',#7757);
#3063=VERTEX_POINT('',#7761);
#3064=VERTEX_POINT('',#7763);
#3065=VERTEX_POINT('',#7767);
#3066=VERTEX_POINT('',#7769);
#3067=VERTEX_POINT('',#7772);
#3068=VERTEX_POINT('',#7774);
#3069=VERTEX_POINT('',#7777);
#3070=VERTEX_POINT('',#7779);
#3071=VERTEX_POINT('',#7782);
#3072=VERTEX_POINT('',#7784);
#3073=VERTEX_POINT('',#7787);
#3074=VERTEX_POINT('',#7789);
#3075=VERTEX_POINT('',#7792);
#3076=VERTEX_POINT('',#7794);
#3077=VERTEX_POINT('',#7798);
#3078=VERTEX_POINT('',#7800);
#3079=VERTEX_POINT('',#7805);
#3080=VERTEX_POINT('',#7807);
#3081=VERTEX_POINT('',#7811);
#3082=VERTEX_POINT('',#7813);
#3083=VERTEX_POINT('',#7816);
#3084=VERTEX_POINT('',#7818);
#3085=VERTEX_POINT('',#7821);
#3086=VERTEX_POINT('',#7823);
#3087=VERTEX_POINT('',#7826);
#3088=VERTEX_POINT('',#7828);
#3089=VERTEX_POINT('',#7831);
#3090=VERTEX_POINT('',#7833);
#3091=VERTEX_POINT('',#7845);
#3092=VERTEX_POINT('',#7847);
#3093=VERTEX_POINT('',#7850);
#3094=VERTEX_POINT('',#7852);
#3095=VERTEX_POINT('',#7855);
#3096=VERTEX_POINT('',#7857);
#3097=VERTEX_POINT('',#7860);
#3098=VERTEX_POINT('',#7862);
#3099=VERTEX_POINT('',#7868);
#3100=VERTEX_POINT('',#7870);
#3101=VERTEX_POINT('',#7873);
#3102=VERTEX_POINT('',#7875);
#3103=VERTEX_POINT('',#7877);
#3104=VERTEX_POINT('',#7879);
#3105=VERTEX_POINT('',#7882);
#3106=VERTEX_POINT('',#7883);
#3107=VERTEX_POINT('',#7885);
#3108=VERTEX_POINT('',#7887);
#3109=VERTEX_POINT('',#7891);
#3110=VERTEX_POINT('',#7893);
#3111=VERTEX_POINT('',#7897);
#3112=VERTEX_POINT('',#7899);
#3113=VERTEX_POINT('',#7903);
#3114=VERTEX_POINT('',#7904);
#3115=VERTEX_POINT('',#7906);
#3116=VERTEX_POINT('',#7908);
#3117=VERTEX_POINT('',#7912);
#3118=VERTEX_POINT('',#7914);
#3119=VERTEX_POINT('',#7927);
#3120=VERTEX_POINT('',#7929);
#3121=VERTEX_POINT('',#7935);
#3122=VERTEX_POINT('',#7937);
#3123=VERTEX_POINT('',#7941);
#3124=VERTEX_POINT('',#7943);
#3125=VERTEX_POINT('',#7947);
#3126=VERTEX_POINT('',#7949);
#3127=VERTEX_POINT('',#7953);
#3128=VERTEX_POINT('',#7955);
#3129=VERTEX_POINT('',#7959);
#3130=VERTEX_POINT('',#7961);
#3131=VERTEX_POINT('',#7965);
#3132=VERTEX_POINT('',#7967);
#3133=VERTEX_POINT('',#7971);
#3134=VERTEX_POINT('',#7973);
#3135=VERTEX_POINT('',#7977);
#3136=VERTEX_POINT('',#7979);
#3137=VERTEX_POINT('',#7983);
#3138=VERTEX_POINT('',#7985);
#3139=VERTEX_POINT('',#7989);
#3140=VERTEX_POINT('',#7991);
#3141=VERTEX_POINT('',#7995);
#3142=VERTEX_POINT('',#7997);
#3143=VERTEX_POINT('',#8010);
#3144=VERTEX_POINT('',#8012);
#3145=VERTEX_POINT('',#8027);
#3146=VERTEX_POINT('',#8029);
#3147=VERTEX_POINT('',#8035);
#3148=VERTEX_POINT('',#8036);
#3149=VERTEX_POINT('',#8038);
#3150=VERTEX_POINT('',#8040);
#3151=VERTEX_POINT('',#8053);
#3152=VERTEX_POINT('',#8055);
#3153=VERTEX_POINT('',#8070);
#3154=VERTEX_POINT('',#8072);
#3155=VERTEX_POINT('',#8087);
#3156=VERTEX_POINT('',#8089);
#3157=VERTEX_POINT('',#8095);
#3158=VERTEX_POINT('',#8097);
#3159=VERTEX_POINT('',#8101);
#3160=VERTEX_POINT('',#8103);
#3161=VERTEX_POINT('',#8116);
#3162=VERTEX_POINT('',#8118);
#3163=VERTEX_POINT('',#8133);
#3164=VERTEX_POINT('',#8135);
#3165=VERTEX_POINT('',#8150);
#3166=VERTEX_POINT('',#8152);
#3167=VERTEX_POINT('',#8167);
#3168=VERTEX_POINT('',#8169);
#3169=VERTEX_POINT('',#8184);
#3170=VERTEX_POINT('',#8186);
#3171=VERTEX_POINT('',#8201);
#3172=VERTEX_POINT('',#8203);
#3173=VERTEX_POINT('',#8218);
#3174=VERTEX_POINT('',#8219);
#3175=VERTEX_POINT('',#8221);
#3176=VERTEX_POINT('',#8225);
#3177=VERTEX_POINT('',#8238);
#3178=VERTEX_POINT('',#8240);
#3179=VERTEX_POINT('',#8255);
#3180=VERTEX_POINT('',#8257);
#3181=VERTEX_POINT('',#8272);
#3182=VERTEX_POINT('',#8274);
#3183=VERTEX_POINT('',#8289);
#3184=VERTEX_POINT('',#8291);
#3185=VERTEX_POINT('',#8297);
#3186=VERTEX_POINT('',#8299);
#3187=VERTEX_POINT('',#8312);
#3188=VERTEX_POINT('',#8314);
#3189=VERTEX_POINT('',#8329);
#3190=VERTEX_POINT('',#8331);
#3191=VERTEX_POINT('',#8346);
#3192=VERTEX_POINT('',#8348);
#3193=VERTEX_POINT('',#8363);
#3194=VERTEX_POINT('',#8365);
#3195=VERTEX_POINT('',#8380);
#3196=VERTEX_POINT('',#8382);
#3197=VERTEX_POINT('',#8388);
#3198=VERTEX_POINT('',#8390);
#3199=VERTEX_POINT('',#8394);
#3200=VERTEX_POINT('',#8396);
#3201=VERTEX_POINT('',#8400);
#3202=VERTEX_POINT('',#8402);
#3203=VERTEX_POINT('',#8415);
#3204=VERTEX_POINT('',#8417);
#3205=VERTEX_POINT('',#8432);
#3206=VERTEX_POINT('',#8434);
#3207=VERTEX_POINT('',#8449);
#3208=VERTEX_POINT('',#8451);
#3209=VERTEX_POINT('',#8466);
#3210=VERTEX_POINT('',#8468);
#3211=VERTEX_POINT('',#8483);
#3212=VERTEX_POINT('',#8485);
#3213=VERTEX_POINT('',#8500);
#3214=VERTEX_POINT('',#8502);
#3215=VERTEX_POINT('',#8508);
#3216=VERTEX_POINT('',#8510);
#3217=VERTEX_POINT('',#8523);
#3218=VERTEX_POINT('',#8525);
#3219=VERTEX_POINT('',#8540);
#3220=VERTEX_POINT('',#8542);
#3221=VERTEX_POINT('',#8557);
#3222=VERTEX_POINT('',#8559);
#3223=VERTEX_POINT('',#8574);
#3224=VERTEX_POINT('',#8576);
#3225=VERTEX_POINT('',#8591);
#3226=VERTEX_POINT('',#8593);
#3227=VERTEX_POINT('',#8608);
#3228=VERTEX_POINT('',#8610);
#3229=VERTEX_POINT('',#8616);
#3230=VERTEX_POINT('',#8618);
#3231=VERTEX_POINT('',#8622);
#3232=VERTEX_POINT('',#8623);
#3233=VERTEX_POINT('',#8625);
#3234=VERTEX_POINT('',#8627);
#3235=VERTEX_POINT('',#8631);
#3236=VERTEX_POINT('',#8633);
#3237=VERTEX_POINT('',#8637);
#3238=VERTEX_POINT('',#8639);
#3239=VERTEX_POINT('',#8643);
#3240=VERTEX_POINT('',#8645);
#3241=VERTEX_POINT('',#8649);
#3242=VERTEX_POINT('',#8651);
#3243=VERTEX_POINT('',#8655);
#3244=VERTEX_POINT('',#8657);
#3245=VERTEX_POINT('',#8661);
#3246=VERTEX_POINT('',#8663);
#3247=VERTEX_POINT('',#8667);
#3248=VERTEX_POINT('',#8669);
#3249=VERTEX_POINT('',#8673);
#3250=VERTEX_POINT('',#8675);
#3251=VERTEX_POINT('',#8679);
#3252=VERTEX_POINT('',#8681);
#3253=VERTEX_POINT('',#8685);
#3254=VERTEX_POINT('',#8686);
#3255=VERTEX_POINT('',#8688);
#3256=VERTEX_POINT('',#8690);
#3257=VERTEX_POINT('',#8703);
#3258=VERTEX_POINT('',#8705);
#3259=VERTEX_POINT('',#8711);
#3260=VERTEX_POINT('',#8713);
#3261=VERTEX_POINT('',#8717);
#3262=VERTEX_POINT('',#8719);
#3263=VERTEX_POINT('',#8723);
#3264=VERTEX_POINT('',#8725);
#3265=VERTEX_POINT('',#8738);
#3266=VERTEX_POINT('',#8740);
#3267=VERTEX_POINT('',#8755);
#3268=VERTEX_POINT('',#8757);
#3269=VERTEX_POINT('',#8763);
#3270=VERTEX_POINT('',#8765);
#3271=VERTEX_POINT('',#8769);
#3272=VERTEX_POINT('',#8771);
#3273=VERTEX_POINT('',#8775);
#3274=VERTEX_POINT('',#8776);
#3275=VERTEX_POINT('',#8778);
#3276=VERTEX_POINT('',#8780);
#3277=VERTEX_POINT('',#8793);
#3278=VERTEX_POINT('',#8795);
#3279=VERTEX_POINT('',#8810);
#3280=VERTEX_POINT('',#8812);
#3281=VERTEX_POINT('',#8827);
#3282=VERTEX_POINT('',#8829);
#3283=VERTEX_POINT('',#8844);
#3284=VERTEX_POINT('',#8846);
#3285=VERTEX_POINT('',#8852);
#3286=VERTEX_POINT('',#8854);
#3287=VERTEX_POINT('',#8858);
#3288=VERTEX_POINT('',#8860);
#3289=VERTEX_POINT('',#8864);
#3290=VERTEX_POINT('',#8866);
#3291=VERTEX_POINT('',#8879);
#3292=VERTEX_POINT('',#8881);
#3293=VERTEX_POINT('',#8887);
#3294=VERTEX_POINT('',#8889);
#3295=VERTEX_POINT('',#8902);
#3296=VERTEX_POINT('',#8904);
#3297=VERTEX_POINT('',#8919);
#3298=VERTEX_POINT('',#8921);
#3299=VERTEX_POINT('',#8936);
#3300=VERTEX_POINT('',#8938);
#3301=VERTEX_POINT('',#8944);
#3302=VERTEX_POINT('',#8946);
#3303=VERTEX_POINT('',#8950);
#3304=VERTEX_POINT('',#8952);
#3305=VERTEX_POINT('',#8956);
#3306=VERTEX_POINT('',#8958);
#3307=VERTEX_POINT('',#8962);
#3308=VERTEX_POINT('',#8964);
#3309=VERTEX_POINT('',#8968);
#3310=VERTEX_POINT('',#8970);
#3311=VERTEX_POINT('',#8974);
#3312=VERTEX_POINT('',#8976);
#3313=VERTEX_POINT('',#8980);
#3314=VERTEX_POINT('',#8981);
#3315=VERTEX_POINT('',#8983);
#3316=VERTEX_POINT('',#8985);
#3317=VERTEX_POINT('',#8989);
#3318=VERTEX_POINT('',#8991);
#3319=VERTEX_POINT('',#8995);
#3320=VERTEX_POINT('',#8997);
#3321=VERTEX_POINT('',#9001);
#3322=VERTEX_POINT('',#9003);
#3323=VERTEX_POINT('',#9007);
#3324=VERTEX_POINT('',#9009);
#3325=VERTEX_POINT('',#9013);
#3326=VERTEX_POINT('',#9015);
#3327=VERTEX_POINT('',#9019);
#3328=VERTEX_POINT('',#9021);
#3329=VERTEX_POINT('',#9025);
#3330=VERTEX_POINT('',#9027);
#3331=VERTEX_POINT('',#9031);
#3332=VERTEX_POINT('',#9033);
#3333=VERTEX_POINT('',#9037);
#3334=VERTEX_POINT('',#9039);
#3335=VERTEX_POINT('',#9043);
#3336=VERTEX_POINT('',#9045);
#3337=VERTEX_POINT('',#9058);
#3338=VERTEX_POINT('',#9059);
#3339=VERTEX_POINT('',#9061);
#3340=VERTEX_POINT('',#9065);
#3341=VERTEX_POINT('',#9078);
#3342=VERTEX_POINT('',#9080);
#3343=VERTEX_POINT('',#9095);
#3344=VERTEX_POINT('',#9097);
#3345=VERTEX_POINT('',#9112);
#3346=VERTEX_POINT('',#9114);
#3347=VERTEX_POINT('',#9129);
#3348=VERTEX_POINT('',#9131);
#3349=VERTEX_POINT('',#9137);
#3350=VERTEX_POINT('',#9139);
#3351=VERTEX_POINT('',#9143);
#3352=VERTEX_POINT('',#9145);
#3353=VERTEX_POINT('',#9158);
#3354=VERTEX_POINT('',#9160);
#3355=VERTEX_POINT('',#9175);
#3356=VERTEX_POINT('',#9177);
#3357=VERTEX_POINT('',#9192);
#3358=VERTEX_POINT('',#9194);
#3359=VERTEX_POINT('',#9209);
#3360=VERTEX_POINT('',#9211);
#3361=VERTEX_POINT('',#9217);
#3362=VERTEX_POINT('',#9219);
#3363=VERTEX_POINT('',#9232);
#3364=VERTEX_POINT('',#9234);
#3365=VERTEX_POINT('',#9249);
#3366=VERTEX_POINT('',#9251);
#3367=VERTEX_POINT('',#9266);
#3368=VERTEX_POINT('',#9268);
#3369=VERTEX_POINT('',#9274);
#3370=VERTEX_POINT('',#9276);
#3371=VERTEX_POINT('',#9289);
#3372=VERTEX_POINT('',#9291);
#3373=VERTEX_POINT('',#9306);
#3374=VERTEX_POINT('',#9308);
#3375=VERTEX_POINT('',#9314);
#3376=VERTEX_POINT('',#9316);
#3377=VERTEX_POINT('',#9320);
#3378=VERTEX_POINT('',#9322);
#3379=VERTEX_POINT('',#9326);
#3380=VERTEX_POINT('',#9328);
#3381=VERTEX_POINT('',#9341);
#3382=VERTEX_POINT('',#9343);
#3383=VERTEX_POINT('',#9358);
#3384=VERTEX_POINT('',#9360);
#3385=VERTEX_POINT('',#9366);
#3386=VERTEX_POINT('',#9368);
#3387=VERTEX_POINT('',#9372);
#3388=VERTEX_POINT('',#9373);
#3389=VERTEX_POINT('',#9375);
#3390=VERTEX_POINT('',#9377);
#3391=VERTEX_POINT('',#9381);
#3392=VERTEX_POINT('',#9383);
#3393=VERTEX_POINT('',#9387);
#3394=VERTEX_POINT('',#9389);
#3395=VERTEX_POINT('',#9393);
#3396=VERTEX_POINT('',#9395);
#3397=VERTEX_POINT('',#9399);
#3398=VERTEX_POINT('',#9401);
#3399=VERTEX_POINT('',#9405);
#3400=VERTEX_POINT('',#9407);
#3401=VERTEX_POINT('',#9411);
#3402=VERTEX_POINT('',#9413);
#3403=VERTEX_POINT('',#9417);
#3404=VERTEX_POINT('',#9419);
#3405=VERTEX_POINT('',#9423);
#3406=VERTEX_POINT('',#9425);
#3407=VERTEX_POINT('',#9429);
#3408=VERTEX_POINT('',#9431);
#3409=VERTEX_POINT('',#9435);
#3410=VERTEX_POINT('',#9437);
#3411=VERTEX_POINT('',#9441);
#3412=VERTEX_POINT('',#9443);
#3413=VERTEX_POINT('',#9447);
#3414=VERTEX_POINT('',#9449);
#3415=VERTEX_POINT('',#9453);
#3416=VERTEX_POINT('',#9455);
#3417=VERTEX_POINT('',#9459);
#3418=VERTEX_POINT('',#9461);
#3419=VERTEX_POINT('',#9465);
#3420=VERTEX_POINT('',#9467);
#3421=VERTEX_POINT('',#9471);
#3422=VERTEX_POINT('',#9473);
#3423=VERTEX_POINT('',#9477);
#3424=VERTEX_POINT('',#9479);
#3425=VERTEX_POINT('',#9483);
#3426=VERTEX_POINT('',#9485);
#3427=VERTEX_POINT('',#9489);
#3428=VERTEX_POINT('',#9491);
#3429=VERTEX_POINT('',#9495);
#3430=VERTEX_POINT('',#9497);
#3431=VERTEX_POINT('',#9501);
#3432=VERTEX_POINT('',#9503);
#3433=VERTEX_POINT('',#9569);
#3434=VERTEX_POINT('',#9572);
#3435=VERTEX_POINT('',#9575);
#3436=VERTEX_POINT('',#9578);
#3437=VERTEX_POINT('',#9590);
#3438=VERTEX_POINT('',#9591);
#3439=VERTEX_POINT('',#9593);
#3440=VERTEX_POINT('',#9597);
#3441=VERTEX_POINT('',#9610);
#3442=VERTEX_POINT('',#9612);
#3443=VERTEX_POINT('',#9627);
#3444=VERTEX_POINT('',#9629);
#3445=VERTEX_POINT('',#9635);
#3446=VERTEX_POINT('',#9637);
#3447=VERTEX_POINT('',#9641);
#3448=VERTEX_POINT('',#9643);
#3449=VERTEX_POINT('',#9647);
#3450=VERTEX_POINT('',#9649);
#3451=VERTEX_POINT('',#9653);
#3452=VERTEX_POINT('',#9655);
#3453=VERTEX_POINT('',#9659);
#3454=VERTEX_POINT('',#9661);
#3455=VERTEX_POINT('',#9665);
#3456=VERTEX_POINT('',#9666);
#3457=VERTEX_POINT('',#9668);
#3458=VERTEX_POINT('',#9670);
#3459=VERTEX_POINT('',#9674);
#3460=VERTEX_POINT('',#9676);
#3461=VERTEX_POINT('',#9680);
#3462=VERTEX_POINT('',#9682);
#3463=VERTEX_POINT('',#9695);
#3464=VERTEX_POINT('',#9697);
#3465=VERTEX_POINT('',#9703);
#3466=VERTEX_POINT('',#9705);
#3467=VERTEX_POINT('',#9718);
#3468=VERTEX_POINT('',#9720);
#3469=VERTEX_POINT('',#9726);
#3470=VERTEX_POINT('',#9728);
#3471=VERTEX_POINT('',#9732);
#3472=VERTEX_POINT('',#9734);
#3473=VERTEX_POINT('',#9738);
#3474=VERTEX_POINT('',#9740);
#3475=VERTEX_POINT('',#9744);
#3476=VERTEX_POINT('',#9746);
#3477=VERTEX_POINT('',#9750);
#3478=VERTEX_POINT('',#9752);
#3479=VERTEX_POINT('',#9756);
#3480=VERTEX_POINT('',#9758);
#3481=VERTEX_POINT('',#9771);
#3482=VERTEX_POINT('',#9773);
#3483=VERTEX_POINT('',#9779);
#3484=VERTEX_POINT('',#9781);
#3485=VERTEX_POINT('',#9785);
#3486=VERTEX_POINT('',#9787);
#3487=VERTEX_POINT('',#9800);
#3488=VERTEX_POINT('',#9802);
#3489=VERTEX_POINT('',#9808);
#3490=VERTEX_POINT('',#9810);
#3491=VERTEX_POINT('',#9814);
#3492=VERTEX_POINT('',#9816);
#3493=VERTEX_POINT('',#9829);
#3494=VERTEX_POINT('',#9831);
#3495=VERTEX_POINT('',#9837);
#3496=VERTEX_POINT('',#9838);
#3497=VERTEX_POINT('',#9840);
#3498=VERTEX_POINT('',#9842);
#3499=VERTEX_POINT('',#9846);
#3500=VERTEX_POINT('',#9848);
#3501=VERTEX_POINT('',#9861);
#3502=VERTEX_POINT('',#9863);
#3503=VERTEX_POINT('',#9869);
#3504=VERTEX_POINT('',#9871);
#3505=VERTEX_POINT('',#9875);
#3506=VERTEX_POINT('',#9877);
#3507=VERTEX_POINT('',#9881);
#3508=VERTEX_POINT('',#9883);
#3509=VERTEX_POINT('',#9896);
#3510=VERTEX_POINT('',#9898);
#3511=VERTEX_POINT('',#9913);
#3512=VERTEX_POINT('',#9915);
#3513=VERTEX_POINT('',#9930);
#3514=VERTEX_POINT('',#9932);
#3515=VERTEX_POINT('',#9947);
#3516=VERTEX_POINT('',#9949);
#3517=VERTEX_POINT('',#9964);
#3518=VERTEX_POINT('',#9966);
#3519=VERTEX_POINT('',#9981);
#3520=VERTEX_POINT('',#9983);
#3521=VERTEX_POINT('',#9989);
#3522=VERTEX_POINT('',#9991);
#3523=VERTEX_POINT('',#10004);
#3524=VERTEX_POINT('',#10006);
#3525=VERTEX_POINT('',#10021);
#3526=VERTEX_POINT('',#10023);
#3527=VERTEX_POINT('',#10038);
#3528=VERTEX_POINT('',#10040);
#3529=VERTEX_POINT('',#10055);
#3530=VERTEX_POINT('',#10057);
#3531=VERTEX_POINT('',#10072);
#3532=VERTEX_POINT('',#10074);
#3533=VERTEX_POINT('',#10089);
#3534=VERTEX_POINT('',#10091);
#3535=VERTEX_POINT('',#10106);
#3536=VERTEX_POINT('',#10108);
#3537=VERTEX_POINT('',#10123);
#3538=VERTEX_POINT('',#10125);
#3539=VERTEX_POINT('',#10140);
#3540=VERTEX_POINT('',#10142);
#3541=VERTEX_POINT('',#10148);
#3542=VERTEX_POINT('',#10150);
#3543=VERTEX_POINT('',#10154);
#3544=VERTEX_POINT('',#10155);
#3545=VERTEX_POINT('',#10157);
#3546=VERTEX_POINT('',#10159);
#3547=VERTEX_POINT('',#10163);
#3548=VERTEX_POINT('',#10165);
#3549=VERTEX_POINT('',#10169);
#3550=VERTEX_POINT('',#10171);
#3551=VERTEX_POINT('',#10175);
#3552=VERTEX_POINT('',#10176);
#3553=VERTEX_POINT('',#10178);
#3554=VERTEX_POINT('',#10180);
#3555=VERTEX_POINT('',#10184);
#3556=VERTEX_POINT('',#10186);
#3557=VERTEX_POINT('',#10190);
#3558=VERTEX_POINT('',#10192);
#3559=VERTEX_POINT('',#10196);
#3560=VERTEX_POINT('',#10197);
#3561=VERTEX_POINT('',#10199);
#3562=VERTEX_POINT('',#10201);
#3563=VERTEX_POINT('',#10205);
#3564=VERTEX_POINT('',#10207);
#3565=VERTEX_POINT('',#10211);
#3566=VERTEX_POINT('',#10213);
#3567=LINE('',#7512,#4144);
#3568=LINE('',#7515,#4145);
#3569=LINE('',#7517,#4146);
#3570=LINE('',#7519,#4147);
#3571=LINE('',#7521,#4148);
#3572=LINE('',#7523,#4149);
#3573=LINE('',#7527,#4150);
#3574=LINE('',#7529,#4151);
#3575=LINE('',#7531,#4152);
#3576=LINE('',#7534,#4153);
#3577=LINE('',#7535,#4154);
#3578=LINE('',#7537,#4155);
#3579=LINE('',#7540,#4156);
#3580=LINE('',#7542,#4157);
#3581=LINE('',#7544,#4158);
#3582=LINE('',#7546,#4159);
#3583=LINE('',#7548,#4160);
#3584=LINE('',#7552,#4161);
#3585=LINE('',#7554,#4162);
#3586=LINE('',#7556,#4163);
#3587=LINE('',#7559,#4164);
#3588=LINE('',#7560,#4165);
#3589=LINE('',#7562,#4166);
#3590=LINE('',#7565,#4167);
#3591=LINE('',#7567,#4168);
#3592=LINE('',#7569,#4169);
#3593=LINE('',#7573,#4170);
#3594=LINE('',#7575,#4171);
#3595=LINE('',#7577,#4172);
#3596=LINE('',#7579,#4173);
#3597=LINE('',#7581,#4174);
#3598=LINE('',#7583,#4175);
#3599=LINE('',#7587,#4176);
#3600=LINE('',#7589,#4177);
#3601=LINE('',#7591,#4178);
#3602=LINE('',#7594,#4179);
#3603=LINE('',#7596,#4180);
#3604=LINE('',#7598,#4181);
#3605=LINE('',#7602,#4182);
#3606=LINE('',#7604,#4183);
#3607=LINE('',#7606,#4184);
#3608=LINE('',#7608,#4185);
#3609=LINE('',#7610,#4186);
#3610=LINE('',#7612,#4187);
#3611=LINE('',#7616,#4188);
#3612=LINE('',#7618,#4189);
#3613=LINE('',#7620,#4190);
#3614=LINE('',#7623,#4191);
#3615=LINE('',#7625,#4192);
#3616=LINE('',#7627,#4193);
#3617=LINE('',#7640,#4194);
#3618=LINE('',#7646,#4195);
#3619=LINE('',#7648,#4196);
#3620=LINE('',#7650,#4197);
#3621=LINE('',#7663,#4198);
#3622=LINE('',#7669,#4199);
#3623=LINE('',#7671,#4200);
#3624=LINE('',#7673,#4201);
#3625=LINE('',#7686,#4202);
#3626=LINE('',#7692,#4203);
#3627=LINE('',#7694,#4204);
#3628=LINE('',#7696,#4205);
#3629=LINE('',#7709,#4206);
#3630=LINE('',#7715,#4207);
#3631=LINE('',#7717,#4208);
#3632=LINE('',#7719,#4209);
#3633=LINE('',#7721,#4210);
#3634=LINE('',#7724,#4211);
#3635=LINE('',#7726,#4212);
#3636=LINE('',#7728,#4213);
#3637=LINE('',#7730,#4214);
#3638=LINE('',#7732,#4215);
#3639=LINE('',#7734,#4216);
#3640=LINE('',#7736,#4217);
#3641=LINE('',#7738,#4218);
#3642=LINE('',#7740,#4219);
#3643=LINE('',#7742,#4220);
#3644=LINE('',#7744,#4221);
#3645=LINE('',#7746,#4222);
#3646=LINE('',#7748,#4223);
#3647=LINE('',#7750,#4224);
#3648=LINE('',#7752,#4225);
#3649=LINE('',#7754,#4226);
#3650=LINE('',#7756,#4227);
#3651=LINE('',#7758,#4228);
#3652=LINE('',#7760,#4229);
#3653=LINE('',#7762,#4230);
#3654=LINE('',#7764,#4231);
#3655=LINE('',#7796,#4232);
#3656=LINE('',#7797,#4233);
#3657=LINE('',#7799,#4234);
#3658=LINE('',#7803,#4235);
#3659=LINE('',#7804,#4236);
#3660=LINE('',#7806,#4237);
#3661=LINE('',#7835,#4238);
#3662=LINE('',#7836,#4239);
#3663=LINE('',#7838,#4240);
#3664=LINE('',#7839,#4241);
#3665=LINE('',#7841,#4242);
#3666=LINE('',#7842,#4243);
#3667=LINE('',#7864,#4244);
#3668=LINE('',#7865,#4245);
#3669=LINE('',#7881,#4246);
#3670=LINE('',#7884,#4247);
#3671=LINE('',#7886,#4248);
#3672=LINE('',#7888,#4249);
#3673=LINE('',#7890,#4250);
#3674=LINE('',#7892,#4251);
#3675=LINE('',#7894,#4252);
#3676=LINE('',#7896,#4253);
#3677=LINE('',#7898,#4254);
#3678=LINE('',#7900,#4255);
#3679=LINE('',#7902,#4256);
#3680=LINE('',#7905,#4257);
#3681=LINE('',#7907,#4258);
#3682=LINE('',#7909,#4259);
#3683=LINE('',#7913,#4260);
#3684=LINE('',#7928,#4261);
#3685=LINE('',#7934,#4262);
#3686=LINE('',#7936,#4263);
#3687=LINE('',#7938,#4264);
#3688=LINE('',#7940,#4265);
#3689=LINE('',#7942,#4266);
#3690=LINE('',#7944,#4267);
#3691=LINE('',#7946,#4268);
#3692=LINE('',#7948,#4269);
#3693=LINE('',#7950,#4270);
#3694=LINE('',#7952,#4271);
#3695=LINE('',#7954,#4272);
#3696=LINE('',#7956,#4273);
#3697=LINE('',#7958,#4274);
#3698=LINE('',#7960,#4275);
#3699=LINE('',#7962,#4276);
#3700=LINE('',#7964,#4277);
#3701=LINE('',#7966,#4278);
#3702=LINE('',#7968,#4279);
#3703=LINE('',#7970,#4280);
#3704=LINE('',#7972,#4281);
#3705=LINE('',#7974,#4282);
#3706=LINE('',#7976,#4283);
#3707=LINE('',#7978,#4284);
#3708=LINE('',#7980,#4285);
#3709=LINE('',#7982,#4286);
#3710=LINE('',#7984,#4287);
#3711=LINE('',#7986,#4288);
#3712=LINE('',#7988,#4289);
#3713=LINE('',#7990,#4290);
#3714=LINE('',#7992,#4291);
#3715=LINE('',#7994,#4292);
#3716=LINE('',#7996,#4293);
#3717=LINE('',#7998,#4294);
#3718=LINE('',#8011,#4295);
#3719=LINE('',#8028,#4296);
#3720=LINE('',#8034,#4297);
#3721=LINE('',#8037,#4298);
#3722=LINE('',#8039,#4299);
#3723=LINE('',#8041,#4300);
#3724=LINE('',#8054,#4301);
#3725=LINE('',#8071,#4302);
#3726=LINE('',#8088,#4303);
#3727=LINE('',#8096,#4304);
#3728=LINE('',#8100,#4305);
#3729=LINE('',#8102,#4306);
#3730=LINE('',#8104,#4307);
#3731=LINE('',#8117,#4308);
#3732=LINE('',#8134,#4309);
#3733=LINE('',#8151,#4310);
#3734=LINE('',#8168,#4311);
#3735=LINE('',#8185,#4312);
#3736=LINE('',#8202,#4313);
#3737=LINE('',#8220,#4314);
#3738=LINE('',#8226,#4315);
#3739=LINE('',#8239,#4316);
#3740=LINE('',#8256,#4317);
#3741=LINE('',#8273,#4318);
#3742=LINE('',#8290,#4319);
#3743=LINE('',#8296,#4320);
#3744=LINE('',#8298,#4321);
#3745=LINE('',#8300,#4322);
#3746=LINE('',#8313,#4323);
#3747=LINE('',#8330,#4324);
#3748=LINE('',#8347,#4325);
#3749=LINE('',#8364,#4326);
#3750=LINE('',#8381,#4327);
#3751=LINE('',#8387,#4328);
#3752=LINE('',#8389,#4329);
#3753=LINE('',#8391,#4330);
#3754=LINE('',#8393,#4331);
#3755=LINE('',#8395,#4332);
#3756=LINE('',#8397,#4333);
#3757=LINE('',#8399,#4334);
#3758=LINE('',#8401,#4335);
#3759=LINE('',#8403,#4336);
#3760=LINE('',#8416,#4337);
#3761=LINE('',#8433,#4338);
#3762=LINE('',#8450,#4339);
#3763=LINE('',#8467,#4340);
#3764=LINE('',#8484,#4341);
#3765=LINE('',#8501,#4342);
#3766=LINE('',#8507,#4343);
#3767=LINE('',#8509,#4344);
#3768=LINE('',#8511,#4345);
#3769=LINE('',#8524,#4346);
#3770=LINE('',#8541,#4347);
#3771=LINE('',#8558,#4348);
#3772=LINE('',#8575,#4349);
#3773=LINE('',#8592,#4350);
#3774=LINE('',#8609,#4351);
#3775=LINE('',#8615,#4352);
#3776=LINE('',#8617,#4353);
#3777=LINE('',#8619,#4354);
#3778=LINE('',#8621,#4355);
#3779=LINE('',#8624,#4356);
#3780=LINE('',#8626,#4357);
#3781=LINE('',#8628,#4358);
#3782=LINE('',#8630,#4359);
#3783=LINE('',#8632,#4360);
#3784=LINE('',#8634,#4361);
#3785=LINE('',#8636,#4362);
#3786=LINE('',#8638,#4363);
#3787=LINE('',#8640,#4364);
#3788=LINE('',#8642,#4365);
#3789=LINE('',#8644,#4366);
#3790=LINE('',#8646,#4367);
#3791=LINE('',#8648,#4368);
#3792=LINE('',#8650,#4369);
#3793=LINE('',#8652,#4370);
#3794=LINE('',#8654,#4371);
#3795=LINE('',#8656,#4372);
#3796=LINE('',#8658,#4373);
#3797=LINE('',#8660,#4374);
#3798=LINE('',#8662,#4375);
#3799=LINE('',#8664,#4376);
#3800=LINE('',#8666,#4377);
#3801=LINE('',#8668,#4378);
#3802=LINE('',#8670,#4379);
#3803=LINE('',#8672,#4380);
#3804=LINE('',#8674,#4381);
#3805=LINE('',#8676,#4382);
#3806=LINE('',#8678,#4383);
#3807=LINE('',#8680,#4384);
#3808=LINE('',#8682,#4385);
#3809=LINE('',#8684,#4386);
#3810=LINE('',#8687,#4387);
#3811=LINE('',#8689,#4388);
#3812=LINE('',#8691,#4389);
#3813=LINE('',#8704,#4390);
#3814=LINE('',#8712,#4391);
#3815=LINE('',#8718,#4392);
#3816=LINE('',#8722,#4393);
#3817=LINE('',#8724,#4394);
#3818=LINE('',#8726,#4395);
#3819=LINE('',#8739,#4396);
#3820=LINE('',#8756,#4397);
#3821=LINE('',#8762,#4398);
#3822=LINE('',#8764,#4399);
#3823=LINE('',#8766,#4400);
#3824=LINE('',#8768,#4401);
#3825=LINE('',#8770,#4402);
#3826=LINE('',#8772,#4403);
#3827=LINE('',#8774,#4404);
#3828=LINE('',#8777,#4405);
#3829=LINE('',#8779,#4406);
#3830=LINE('',#8781,#4407);
#3831=LINE('',#8794,#4408);
#3832=LINE('',#8811,#4409);
#3833=LINE('',#8828,#4410);
#3834=LINE('',#8845,#4411);
#3835=LINE('',#8851,#4412);
#3836=LINE('',#8853,#4413);
#3837=LINE('',#8855,#4414);
#3838=LINE('',#8857,#4415);
#3839=LINE('',#8859,#4416);
#3840=LINE('',#8861,#4417);
#3841=LINE('',#8863,#4418);
#3842=LINE('',#8865,#4419);
#3843=LINE('',#8867,#4420);
#3844=LINE('',#8880,#4421);
#3845=LINE('',#8888,#4422);
#3846=LINE('',#8903,#4423);
#3847=LINE('',#8920,#4424);
#3848=LINE('',#8937,#4425);
#3849=LINE('',#8943,#4426);
#3850=LINE('',#8945,#4427);
#3851=LINE('',#8947,#4428);
#3852=LINE('',#8949,#4429);
#3853=LINE('',#8951,#4430);
#3854=LINE('',#8953,#4431);
#3855=LINE('',#8955,#4432);
#3856=LINE('',#8957,#4433);
#3857=LINE('',#8959,#4434);
#3858=LINE('',#8961,#4435);
#3859=LINE('',#8963,#4436);
#3860=LINE('',#8965,#4437);
#3861=LINE('',#8967,#4438);
#3862=LINE('',#8969,#4439);
#3863=LINE('',#8971,#4440);
#3864=LINE('',#8975,#4441);
#3865=LINE('',#8979,#4442);
#3866=LINE('',#8982,#4443);
#3867=LINE('',#8984,#4444);
#3868=LINE('',#8986,#4445);
#3869=LINE('',#8988,#4446);
#3870=LINE('',#8990,#4447);
#3871=LINE('',#8992,#4448);
#3872=LINE('',#8994,#4449);
#3873=LINE('',#8996,#4450);
#3874=LINE('',#8998,#4451);
#3875=LINE('',#9000,#4452);
#3876=LINE('',#9002,#4453);
#3877=LINE('',#9004,#4454);
#3878=LINE('',#9006,#4455);
#3879=LINE('',#9008,#4456);
#3880=LINE('',#9010,#4457);
#3881=LINE('',#9012,#4458);
#3882=LINE('',#9014,#4459);
#3883=LINE('',#9016,#4460);
#3884=LINE('',#9018,#4461);
#3885=LINE('',#9020,#4462);
#3886=LINE('',#9022,#4463);
#3887=LINE('',#9024,#4464);
#3888=LINE('',#9026,#4465);
#3889=LINE('',#9028,#4466);
#3890=LINE('',#9030,#4467);
#3891=LINE('',#9032,#4468);
#3892=LINE('',#9034,#4469);
#3893=LINE('',#9036,#4470);
#3894=LINE('',#9038,#4471);
#3895=LINE('',#9040,#4472);
#3896=LINE('',#9042,#4473);
#3897=LINE('',#9044,#4474);
#3898=LINE('',#9046,#4475);
#3899=LINE('',#9060,#4476);
#3900=LINE('',#9066,#4477);
#3901=LINE('',#9079,#4478);
#3902=LINE('',#9096,#4479);
#3903=LINE('',#9113,#4480);
#3904=LINE('',#9130,#4481);
#3905=LINE('',#9136,#4482);
#3906=LINE('',#9138,#4483);
#3907=LINE('',#9140,#4484);
#3908=LINE('',#9142,#4485);
#3909=LINE('',#9144,#4486);
#3910=LINE('',#9146,#4487);
#3911=LINE('',#9159,#4488);
#3912=LINE('',#9176,#4489);
#3913=LINE('',#9193,#4490);
#3914=LINE('',#9210,#4491);
#3915=LINE('',#9216,#4492);
#3916=LINE('',#9218,#4493);
#3917=LINE('',#9220,#4494);
#3918=LINE('',#9233,#4495);
#3919=LINE('',#9250,#4496);
#3920=LINE('',#9267,#4497);
#3921=LINE('',#9273,#4498);
#3922=LINE('',#9275,#4499);
#3923=LINE('',#9277,#4500);
#3924=LINE('',#9290,#4501);
#3925=LINE('',#9307,#4502);
#3926=LINE('',#9315,#4503);
#3927=LINE('',#9319,#4504);
#3928=LINE('',#9321,#4505);
#3929=LINE('',#9323,#4506);
#3930=LINE('',#9327,#4507);
#3931=LINE('',#9342,#4508);
#3932=LINE('',#9359,#4509);
#3933=LINE('',#9365,#4510);
#3934=LINE('',#9367,#4511);
#3935=LINE('',#9369,#4512);
#3936=LINE('',#9371,#4513);
#3937=LINE('',#9374,#4514);
#3938=LINE('',#9376,#4515);
#3939=LINE('',#9378,#4516);
#3940=LINE('',#9380,#4517);
#3941=LINE('',#9382,#4518);
#3942=LINE('',#9384,#4519);
#3943=LINE('',#9388,#4520);
#3944=LINE('',#9394,#4521);
#3945=LINE('',#9398,#4522);
#3946=LINE('',#9400,#4523);
#3947=LINE('',#9402,#4524);
#3948=LINE('',#9404,#4525);
#3949=LINE('',#9406,#4526);
#3950=LINE('',#9408,#4527);
#3951=LINE('',#9410,#4528);
#3952=LINE('',#9412,#4529);
#3953=LINE('',#9414,#4530);
#3954=LINE('',#9416,#4531);
#3955=LINE('',#9418,#4532);
#3956=LINE('',#9420,#4533);
#3957=LINE('',#9422,#4534);
#3958=LINE('',#9424,#4535);
#3959=LINE('',#9426,#4536);
#3960=LINE('',#9428,#4537);
#3961=LINE('',#9430,#4538);
#3962=LINE('',#9432,#4539);
#3963=LINE('',#9434,#4540);
#3964=LINE('',#9436,#4541);
#3965=LINE('',#9438,#4542);
#3966=LINE('',#9440,#4543);
#3967=LINE('',#9442,#4544);
#3968=LINE('',#9444,#4545);
#3969=LINE('',#9446,#4546);
#3970=LINE('',#9448,#4547);
#3971=LINE('',#9450,#4548);
#3972=LINE('',#9452,#4549);
#3973=LINE('',#9454,#4550);
#3974=LINE('',#9456,#4551);
#3975=LINE('',#9458,#4552);
#3976=LINE('',#9460,#4553);
#3977=LINE('',#9462,#4554);
#3978=LINE('',#9464,#4555);
#3979=LINE('',#9466,#4556);
#3980=LINE('',#9468,#4557);
#3981=LINE('',#9472,#4558);
#3982=LINE('',#9478,#4559);
#3983=LINE('',#9484,#4560);
#3984=LINE('',#9490,#4561);
#3985=LINE('',#9494,#4562);
#3986=LINE('',#9496,#4563);
#3987=LINE('',#9498,#4564);
#3988=LINE('',#9500,#4565);
#3989=LINE('',#9502,#4566);
#3990=LINE('',#9504,#4567);
#3991=LINE('',#9509,#4568);
#3992=LINE('',#9510,#4569);
#3993=LINE('',#9526,#4570);
#3994=LINE('',#9527,#4571);
#3995=LINE('',#9529,#4572);
#3996=LINE('',#9530,#4573);
#3997=LINE('',#9532,#4574);
#3998=LINE('',#9533,#4575);
#3999=LINE('',#9535,#4576);
#4000=LINE('',#9536,#4577);
#4001=LINE('',#9552,#4578);
#4002=LINE('',#9553,#4579);
#4003=LINE('',#9555,#4580);
#4004=LINE('',#9556,#4581);
#4005=LINE('',#9592,#4582);
#4006=LINE('',#9598,#4583);
#4007=LINE('',#9611,#4584);
#4008=LINE('',#9628,#4585);
#4009=LINE('',#9634,#4586);
#4010=LINE('',#9636,#4587);
#4011=LINE('',#9638,#4588);
#4012=LINE('',#9640,#4589);
#4013=LINE('',#9642,#4590);
#4014=LINE('',#9644,#4591);
#4015=LINE('',#9646,#4592);
#4016=LINE('',#9648,#4593);
#4017=LINE('',#9650,#4594);
#4018=LINE('',#9652,#4595);
#4019=LINE('',#9654,#4596);
#4020=LINE('',#9656,#4597);
#4021=LINE('',#9658,#4598);
#4022=LINE('',#9660,#4599);
#4023=LINE('',#9662,#4600);
#4024=LINE('',#9664,#4601);
#4025=LINE('',#9667,#4602);
#4026=LINE('',#9669,#4603);
#4027=LINE('',#9671,#4604);
#4028=LINE('',#9673,#4605);
#4029=LINE('',#9675,#4606);
#4030=LINE('',#9677,#4607);
#4031=LINE('',#9679,#4608);
#4032=LINE('',#9681,#4609);
#4033=LINE('',#9683,#4610);
#4034=LINE('',#9696,#4611);
#4035=LINE('',#9704,#4612);
#4036=LINE('',#9719,#4613);
#4037=LINE('',#9725,#4614);
#4038=LINE('',#9727,#4615);
#4039=LINE('',#9729,#4616);
#4040=LINE('',#9731,#4617);
#4041=LINE('',#9733,#4618);
#4042=LINE('',#9735,#4619);
#4043=LINE('',#9737,#4620);
#4044=LINE('',#9739,#4621);
#4045=LINE('',#9741,#4622);
#4046=LINE('',#9743,#4623);
#4047=LINE('',#9745,#4624);
#4048=LINE('',#9747,#4625);
#4049=LINE('',#9751,#4626);
#4050=LINE('',#9757,#4627);
#4051=LINE('',#9772,#4628);
#4052=LINE('',#9778,#4629);
#4053=LINE('',#9780,#4630);
#4054=LINE('',#9782,#4631);
#4055=LINE('',#9784,#4632);
#4056=LINE('',#9786,#4633);
#4057=LINE('',#9788,#4634);
#4058=LINE('',#9801,#4635);
#4059=LINE('',#9807,#4636);
#4060=LINE('',#9809,#4637);
#4061=LINE('',#9811,#4638);
#4062=LINE('',#9815,#4639);
#4063=LINE('',#9830,#4640);
#4064=LINE('',#9836,#4641);
#4065=LINE('',#9839,#4642);
#4066=LINE('',#9841,#4643);
#4067=LINE('',#9843,#4644);
#4068=LINE('',#9845,#4645);
#4069=LINE('',#9847,#4646);
#4070=LINE('',#9849,#4647);
#4071=LINE('',#9862,#4648);
#4072=LINE('',#9870,#4649);
#4073=LINE('',#9876,#4650);
#4074=LINE('',#9882,#4651);
#4075=LINE('',#9897,#4652);
#4076=LINE('',#9914,#4653);
#4077=LINE('',#9931,#4654);
#4078=LINE('',#9948,#4655);
#4079=LINE('',#9965,#4656);
#4080=LINE('',#9982,#4657);
#4081=LINE('',#9988,#4658);
#4082=LINE('',#9990,#4659);
#4083=LINE('',#9992,#4660);
#4084=LINE('',#10005,#4661);
#4085=LINE('',#10022,#4662);
#4086=LINE('',#10039,#4663);
#4087=LINE('',#10056,#4664);
#4088=LINE('',#10073,#4665);
#4089=LINE('',#10090,#4666);
#4090=LINE('',#10107,#4667);
#4091=LINE('',#10124,#4668);
#4092=LINE('',#10141,#4669);
#4093=LINE('',#10147,#4670);
#4094=LINE('',#10149,#4671);
#4095=LINE('',#10151,#4672);
#4096=LINE('',#10153,#4673);
#4097=LINE('',#10156,#4674);
#4098=LINE('',#10158,#4675);
#4099=LINE('',#10160,#4676);
#4100=LINE('',#10162,#4677);
#4101=LINE('',#10164,#4678);
#4102=LINE('',#10166,#4679);
#4103=LINE('',#10168,#4680);
#4104=LINE('',#10170,#4681);
#4105=LINE('',#10172,#4682);
#4106=LINE('',#10174,#4683);
#4107=LINE('',#10177,#4684);
#4108=LINE('',#10179,#4685);
#4109=LINE('',#10181,#4686);
#4110=LINE('',#10183,#4687);
#4111=LINE('',#10185,#4688);
#4112=LINE('',#10187,#4689);
#4113=LINE('',#10189,#4690);
#4114=LINE('',#10191,#4691);
#4115=LINE('',#10193,#4692);
#4116=LINE('',#10195,#4693);
#4117=LINE('',#10198,#4694);
#4118=LINE('',#10200,#4695);
#4119=LINE('',#10202,#4696);
#4120=LINE('',#10204,#4697);
#4121=LINE('',#10206,#4698);
#4122=LINE('',#10208,#4699);
#4123=LINE('',#10210,#4700);
#4124=LINE('',#10212,#4701);
#4125=LINE('',#10214,#4702);
#4126=LINE('',#10216,#4703);
#4127=LINE('',#10217,#4704);
#4128=LINE('',#10219,#4705);
#4129=LINE('',#10220,#4706);
#4130=LINE('',#10222,#4707);
#4131=LINE('',#10223,#4708);
#4132=LINE('',#10225,#4709);
#4133=LINE('',#10226,#4710);
#4134=LINE('',#10228,#4711);
#4135=LINE('',#10229,#4712);
#4136=LINE('',#10251,#4713);
#4137=LINE('',#10253,#4714);
#4138=LINE('',#10255,#4715);
#4139=LINE('',#10257,#4716);
#4140=LINE('',#10259,#4717);
#4141=LINE('',#10261,#4718);
#4142=LINE('',#10263,#4719);
#4143=LINE('',#10265,#4720);
#4144=VECTOR('',#6317,1.);
#4145=VECTOR('',#6318,1.);
#4146=VECTOR('',#6319,1.);
#4147=VECTOR('',#6320,1.);
#4148=VECTOR('',#6323,1.);
#4149=VECTOR('',#6324,1.);
#4150=VECTOR('',#6327,1.);
#4151=VECTOR('',#6328,1.);
#4152=VECTOR('',#6331,1.);
#4153=VECTOR('',#6332,1.);
#4154=VECTOR('',#6333,1.);
#4155=VECTOR('',#6336,1.);
#4156=VECTOR('',#6337,1.);
#4157=VECTOR('',#6338,1.);
#4158=VECTOR('',#6339,1.);
#4159=VECTOR('',#6342,1.);
#4160=VECTOR('',#6343,1.);
#4161=VECTOR('',#6346,1.);
#4162=VECTOR('',#6347,1.);
#4163=VECTOR('',#6350,1.);
#4164=VECTOR('',#6351,1.);
#4165=VECTOR('',#6352,1.);
#4166=VECTOR('',#6355,1.);
#4167=VECTOR('',#6356,1.);
#4168=VECTOR('',#6357,1.);
#4169=VECTOR('',#6358,1.);
#4170=VECTOR('',#6361,1.);
#4171=VECTOR('',#6364,1.);
#4172=VECTOR('',#6365,1.);
#4173=VECTOR('',#6366,1.);
#4174=VECTOR('',#6369,1.);
#4175=VECTOR('',#6370,1.);
#4176=VECTOR('',#6373,1.);
#4177=VECTOR('',#6374,1.);
#4178=VECTOR('',#6377,1.);
#4179=VECTOR('',#6378,1.);
#4180=VECTOR('',#6379,1.);
#4181=VECTOR('',#6380,1.);
#4182=VECTOR('',#6383,1.);
#4183=VECTOR('',#6386,1.);
#4184=VECTOR('',#6387,1.);
#4185=VECTOR('',#6388,1.);
#4186=VECTOR('',#6391,1.);
#4187=VECTOR('',#6392,1.);
#4188=VECTOR('',#6395,1.);
#4189=VECTOR('',#6396,1.);
#4190=VECTOR('',#6399,1.);
#4191=VECTOR('',#6400,1.);
#4192=VECTOR('',#6401,1.);
#4193=VECTOR('',#6402,1.);
#4194=VECTOR('',#6403,1.);
#4195=VECTOR('',#6406,1.);
#4196=VECTOR('',#6407,1.);
#4197=VECTOR('',#6408,1.);
#4198=VECTOR('',#6409,1.);
#4199=VECTOR('',#6412,1.);
#4200=VECTOR('',#6413,1.);
#4201=VECTOR('',#6414,1.);
#4202=VECTOR('',#6415,1.);
#4203=VECTOR('',#6418,1.);
#4204=VECTOR('',#6419,1.);
#4205=VECTOR('',#6420,1.);
#4206=VECTOR('',#6421,1.);
#4207=VECTOR('',#6424,1.);
#4208=VECTOR('',#6425,1.);
#4209=VECTOR('',#6426,1.);
#4210=VECTOR('',#6429,1.);
#4211=VECTOR('',#6430,1.);
#4212=VECTOR('',#6431,1.);
#4213=VECTOR('',#6432,1.);
#4214=VECTOR('',#6435,1.);
#4215=VECTOR('',#6436,1.);
#4216=VECTOR('',#6437,1.);
#4217=VECTOR('',#6440,1.);
#4218=VECTOR('',#6441,1.);
#4219=VECTOR('',#6442,1.);
#4220=VECTOR('',#6445,1.);
#4221=VECTOR('',#6446,1.);
#4222=VECTOR('',#6447,1.);
#4223=VECTOR('',#6450,1.);
#4224=VECTOR('',#6451,1.);
#4225=VECTOR('',#6452,1.);
#4226=VECTOR('',#6455,1.);
#4227=VECTOR('',#6456,1.);
#4228=VECTOR('',#6457,1.);
#4229=VECTOR('',#6460,1.);
#4230=VECTOR('',#6461,1.);
#4231=VECTOR('',#6462,1.);
#4232=VECTOR('',#6501,1.);
#4233=VECTOR('',#6502,1.);
#4234=VECTOR('',#6503,1.);
#4235=VECTOR('',#6508,1.);
#4236=VECTOR('',#6509,1.);
#4237=VECTOR('',#6510,1.);
#4238=VECTOR('',#6545,1.);
#4239=VECTOR('',#6546,1.);
#4240=VECTOR('',#6549,1.);
#4241=VECTOR('',#6550,1.);
#4242=VECTOR('',#6553,1.);
#4243=VECTOR('',#6554,1.);
#4244=VECTOR('',#6581,1.);
#4245=VECTOR('',#6582,1.);
#4246=VECTOR('',#6601,1.);
#4247=VECTOR('',#6602,1.);
#4248=VECTOR('',#6603,1.);
#4249=VECTOR('',#6604,1.);
#4250=VECTOR('',#6607,1.);
#4251=VECTOR('',#6608,1.);
#4252=VECTOR('',#6609,1.);
#4253=VECTOR('',#6612,1.);
#4254=VECTOR('',#6613,1.);
#4255=VECTOR('',#6614,1.);
#4256=VECTOR('',#6617,1.);
#4257=VECTOR('',#6618,1.);
#4258=VECTOR('',#6619,1.);
#4259=VECTOR('',#6620,1.);
#4260=VECTOR('',#6625,1.);
#4261=VECTOR('',#6628,1.);
#4262=VECTOR('',#6631,1.);
#4263=VECTOR('',#6632,1.);
#4264=VECTOR('',#6633,1.);
#4265=VECTOR('',#6636,1.);
#4266=VECTOR('',#6637,1.);
#4267=VECTOR('',#6638,1.);
#4268=VECTOR('',#6641,1.);
#4269=VECTOR('',#6642,1.);
#4270=VECTOR('',#6643,1.);
#4271=VECTOR('',#6646,1.);
#4272=VECTOR('',#6647,1.);
#4273=VECTOR('',#6648,1.);
#4274=VECTOR('',#6651,1.);
#4275=VECTOR('',#6652,1.);
#4276=VECTOR('',#6653,1.);
#4277=VECTOR('',#6656,1.);
#4278=VECTOR('',#6657,1.);
#4279=VECTOR('',#6658,1.);
#4280=VECTOR('',#6661,1.);
#4281=VECTOR('',#6662,1.);
#4282=VECTOR('',#6663,1.);
#4283=VECTOR('',#6666,1.);
#4284=VECTOR('',#6667,1.);
#4285=VECTOR('',#6668,1.);
#4286=VECTOR('',#6671,1.);
#4287=VECTOR('',#6672,1.);
#4288=VECTOR('',#6673,1.);
#4289=VECTOR('',#6676,1.);
#4290=VECTOR('',#6677,1.);
#4291=VECTOR('',#6678,1.);
#4292=VECTOR('',#6681,1.);
#4293=VECTOR('',#6682,1.);
#4294=VECTOR('',#6683,1.);
#4295=VECTOR('',#6684,1.);
#4296=VECTOR('',#6685,1.);
#4297=VECTOR('',#6688,1.);
#4298=VECTOR('',#6689,1.);
#4299=VECTOR('',#6690,1.);
#4300=VECTOR('',#6691,1.);
#4301=VECTOR('',#6692,1.);
#4302=VECTOR('',#6693,1.);
#4303=VECTOR('',#6694,1.);
#4304=VECTOR('',#6699,1.);
#4305=VECTOR('',#6704,1.);
#4306=VECTOR('',#6705,1.);
#4307=VECTOR('',#6706,1.);
#4308=VECTOR('',#6707,1.);
#4309=VECTOR('',#6708,1.);
#4310=VECTOR('',#6709,1.);
#4311=VECTOR('',#6710,1.);
#4312=VECTOR('',#6711,1.);
#4313=VECTOR('',#6712,1.);
#4314=VECTOR('',#6713,1.);
#4315=VECTOR('',#6714,1.);
#4316=VECTOR('',#6715,1.);
#4317=VECTOR('',#6716,1.);
#4318=VECTOR('',#6717,1.);
#4319=VECTOR('',#6718,1.);
#4320=VECTOR('',#6721,1.);
#4321=VECTOR('',#6722,1.);
#4322=VECTOR('',#6723,1.);
#4323=VECTOR('',#6724,1.);
#4324=VECTOR('',#6725,1.);
#4325=VECTOR('',#6726,1.);
#4326=VECTOR('',#6727,1.);
#4327=VECTOR('',#6728,1.);
#4328=VECTOR('',#6731,1.);
#4329=VECTOR('',#6732,1.);
#4330=VECTOR('',#6733,1.);
#4331=VECTOR('',#6736,1.);
#4332=VECTOR('',#6737,1.);
#4333=VECTOR('',#6738,1.);
#4334=VECTOR('',#6741,1.);
#4335=VECTOR('',#6742,1.);
#4336=VECTOR('',#6743,1.);
#4337=VECTOR('',#6744,1.);
#4338=VECTOR('',#6745,1.);
#4339=VECTOR('',#6746,1.);
#4340=VECTOR('',#6747,1.);
#4341=VECTOR('',#6748,1.);
#4342=VECTOR('',#6749,1.);
#4343=VECTOR('',#6752,1.);
#4344=VECTOR('',#6753,1.);
#4345=VECTOR('',#6754,1.);
#4346=VECTOR('',#6755,1.);
#4347=VECTOR('',#6756,1.);
#4348=VECTOR('',#6757,1.);
#4349=VECTOR('',#6758,1.);
#4350=VECTOR('',#6759,1.);
#4351=VECTOR('',#6760,1.);
#4352=VECTOR('',#6763,1.);
#4353=VECTOR('',#6764,1.);
#4354=VECTOR('',#6765,1.);
#4355=VECTOR('',#6768,1.);
#4356=VECTOR('',#6769,1.);
#4357=VECTOR('',#6770,1.);
#4358=VECTOR('',#6771,1.);
#4359=VECTOR('',#6774,1.);
#4360=VECTOR('',#6775,1.);
#4361=VECTOR('',#6776,1.);
#4362=VECTOR('',#6779,1.);
#4363=VECTOR('',#6780,1.);
#4364=VECTOR('',#6781,1.);
#4365=VECTOR('',#6784,1.);
#4366=VECTOR('',#6785,1.);
#4367=VECTOR('',#6786,1.);
#4368=VECTOR('',#6789,1.);
#4369=VECTOR('',#6790,1.);
#4370=VECTOR('',#6791,1.);
#4371=VECTOR('',#6794,1.);
#4372=VECTOR('',#6795,1.);
#4373=VECTOR('',#6796,1.);
#4374=VECTOR('',#6799,1.);
#4375=VECTOR('',#6800,1.);
#4376=VECTOR('',#6801,1.);
#4377=VECTOR('',#6804,1.);
#4378=VECTOR('',#6805,1.);
#4379=VECTOR('',#6806,1.);
#4380=VECTOR('',#6809,1.);
#4381=VECTOR('',#6810,1.);
#4382=VECTOR('',#6811,1.);
#4383=VECTOR('',#6814,1.);
#4384=VECTOR('',#6815,1.);
#4385=VECTOR('',#6816,1.);
#4386=VECTOR('',#6819,1.);
#4387=VECTOR('',#6820,1.);
#4388=VECTOR('',#6821,1.);
#4389=VECTOR('',#6822,1.);
#4390=VECTOR('',#6823,1.);
#4391=VECTOR('',#6828,1.);
#4392=VECTOR('',#6835,1.);
#4393=VECTOR('',#6840,1.);
#4394=VECTOR('',#6841,1.);
#4395=VECTOR('',#6842,1.);
#4396=VECTOR('',#6843,1.);
#4397=VECTOR('',#6844,1.);
#4398=VECTOR('',#6847,1.);
#4399=VECTOR('',#6848,1.);
#4400=VECTOR('',#6849,1.);
#4401=VECTOR('',#6852,1.);
#4402=VECTOR('',#6853,1.);
#4403=VECTOR('',#6854,1.);
#4404=VECTOR('',#6857,1.);
#4405=VECTOR('',#6858,1.);
#4406=VECTOR('',#6859,1.);
#4407=VECTOR('',#6860,1.);
#4408=VECTOR('',#6861,1.);
#4409=VECTOR('',#6862,1.);
#4410=VECTOR('',#6863,1.);
#4411=VECTOR('',#6864,1.);
#4412=VECTOR('',#6867,1.);
#4413=VECTOR('',#6868,1.);
#4414=VECTOR('',#6869,1.);
#4415=VECTOR('',#6872,1.);
#4416=VECTOR('',#6873,1.);
#4417=VECTOR('',#6874,1.);
#4418=VECTOR('',#6877,1.);
#4419=VECTOR('',#6878,1.);
#4420=VECTOR('',#6879,1.);
#4421=VECTOR('',#6880,1.);
#4422=VECTOR('',#6885,1.);
#4423=VECTOR('',#6888,1.);
#4424=VECTOR('',#6889,1.);
#4425=VECTOR('',#6890,1.);
#4426=VECTOR('',#6893,1.);
#4427=VECTOR('',#6894,1.);
#4428=VECTOR('',#6895,1.);
#4429=VECTOR('',#6898,1.);
#4430=VECTOR('',#6899,1.);
#4431=VECTOR('',#6900,1.);
#4432=VECTOR('',#6903,1.);
#4433=VECTOR('',#6904,1.);
#4434=VECTOR('',#6905,1.);
#4435=VECTOR('',#6908,1.);
#4436=VECTOR('',#6909,1.);
#4437=VECTOR('',#6910,1.);
#4438=VECTOR('',#6913,1.);
#4439=VECTOR('',#6914,1.);
#4440=VECTOR('',#6915,1.);
#4441=VECTOR('',#6920,1.);
#4442=VECTOR('',#6925,1.);
#4443=VECTOR('',#6926,1.);
#4444=VECTOR('',#6927,1.);
#4445=VECTOR('',#6928,1.);
#4446=VECTOR('',#6931,1.);
#4447=VECTOR('',#6932,1.);
#4448=VECTOR('',#6933,1.);
#4449=VECTOR('',#6936,1.);
#4450=VECTOR('',#6937,1.);
#4451=VECTOR('',#6938,1.);
#4452=VECTOR('',#6941,1.);
#4453=VECTOR('',#6942,1.);
#4454=VECTOR('',#6943,1.);
#4455=VECTOR('',#6946,1.);
#4456=VECTOR('',#6947,1.);
#4457=VECTOR('',#6948,1.);
#4458=VECTOR('',#6951,1.);
#4459=VECTOR('',#6952,1.);
#4460=VECTOR('',#6953,1.);
#4461=VECTOR('',#6956,1.);
#4462=VECTOR('',#6957,1.);
#4463=VECTOR('',#6958,1.);
#4464=VECTOR('',#6961,1.);
#4465=VECTOR('',#6962,1.);
#4466=VECTOR('',#6963,1.);
#4467=VECTOR('',#6966,1.);
#4468=VECTOR('',#6967,1.);
#4469=VECTOR('',#6968,1.);
#4470=VECTOR('',#6971,1.);
#4471=VECTOR('',#6972,1.);
#4472=VECTOR('',#6973,1.);
#4473=VECTOR('',#6976,1.);
#4474=VECTOR('',#6977,1.);
#4475=VECTOR('',#6978,1.);
#4476=VECTOR('',#6979,1.);
#4477=VECTOR('',#6980,1.);
#4478=VECTOR('',#6981,1.);
#4479=VECTOR('',#6982,1.);
#4480=VECTOR('',#6983,1.);
#4481=VECTOR('',#6984,1.);
#4482=VECTOR('',#6987,1.);
#4483=VECTOR('',#6988,1.);
#4484=VECTOR('',#6989,1.);
#4485=VECTOR('',#6992,1.);
#4486=VECTOR('',#6993,1.);
#4487=VECTOR('',#6994,1.);
#4488=VECTOR('',#6995,1.);
#4489=VECTOR('',#6996,1.);
#4490=VECTOR('',#6997,1.);
#4491=VECTOR('',#6998,1.);
#4492=VECTOR('',#7001,1.);
#4493=VECTOR('',#7002,1.);
#4494=VECTOR('',#7003,1.);
#4495=VECTOR('',#7004,1.);
#4496=VECTOR('',#7005,1.);
#4497=VECTOR('',#7006,1.);
#4498=VECTOR('',#7009,1.);
#4499=VECTOR('',#7010,1.);
#4500=VECTOR('',#7011,1.);
#4501=VECTOR('',#7012,1.);
#4502=VECTOR('',#7013,1.);
#4503=VECTOR('',#7018,1.);
#4504=VECTOR('',#7023,1.);
#4505=VECTOR('',#7024,1.);
#4506=VECTOR('',#7025,1.);
#4507=VECTOR('',#7030,1.);
#4508=VECTOR('',#7033,1.);
#4509=VECTOR('',#7034,1.);
#4510=VECTOR('',#7037,1.);
#4511=VECTOR('',#7038,1.);
#4512=VECTOR('',#7039,1.);
#4513=VECTOR('',#7042,1.);
#4514=VECTOR('',#7043,1.);
#4515=VECTOR('',#7044,1.);
#4516=VECTOR('',#7045,1.);
#4517=VECTOR('',#7048,1.);
#4518=VECTOR('',#7049,1.);
#4519=VECTOR('',#7050,1.);
#4520=VECTOR('',#7055,1.);
#4521=VECTOR('',#7062,1.);
#4522=VECTOR('',#7067,1.);
#4523=VECTOR('',#7068,1.);
#4524=VECTOR('',#7069,1.);
#4525=VECTOR('',#7072,1.);
#4526=VECTOR('',#7073,1.);
#4527=VECTOR('',#7074,1.);
#4528=VECTOR('',#7077,1.);
#4529=VECTOR('',#7078,1.);
#4530=VECTOR('',#7079,1.);
#4531=VECTOR('',#7082,1.);
#4532=VECTOR('',#7083,1.);
#4533=VECTOR('',#7084,1.);
#4534=VECTOR('',#7087,1.);
#4535=VECTOR('',#7088,1.);
#4536=VECTOR('',#7089,1.);
#4537=VECTOR('',#7092,1.);
#4538=VECTOR('',#7093,1.);
#4539=VECTOR('',#7094,1.);
#4540=VECTOR('',#7097,1.);
#4541=VECTOR('',#7098,1.);
#4542=VECTOR('',#7099,1.);
#4543=VECTOR('',#7102,1.);
#4544=VECTOR('',#7103,1.);
#4545=VECTOR('',#7104,1.);
#4546=VECTOR('',#7107,1.);
#4547=VECTOR('',#7108,1.);
#4548=VECTOR('',#7109,1.);
#4549=VECTOR('',#7112,1.);
#4550=VECTOR('',#7113,1.);
#4551=VECTOR('',#7114,1.);
#4552=VECTOR('',#7117,1.);
#4553=VECTOR('',#7118,1.);
#4554=VECTOR('',#7119,1.);
#4555=VECTOR('',#7122,1.);
#4556=VECTOR('',#7123,1.);
#4557=VECTOR('',#7124,1.);
#4558=VECTOR('',#7129,1.);
#4559=VECTOR('',#7136,1.);
#4560=VECTOR('',#7143,1.);
#4561=VECTOR('',#7150,1.);
#4562=VECTOR('',#7155,1.);
#4563=VECTOR('',#7156,1.);
#4564=VECTOR('',#7157,1.);
#4565=VECTOR('',#7160,1.);
#4566=VECTOR('',#7161,1.);
#4567=VECTOR('',#7162,1.);
#4568=VECTOR('',#7171,1.);
#4569=VECTOR('',#7172,1.);
#4570=VECTOR('',#7175,1.);
#4571=VECTOR('',#7176,1.);
#4572=VECTOR('',#7179,1.);
#4573=VECTOR('',#7180,1.);
#4574=VECTOR('',#7183,1.);
#4575=VECTOR('',#7184,1.);
#4576=VECTOR('',#7187,1.);
#4577=VECTOR('',#7188,1.);
#4578=VECTOR('',#7191,1.);
#4579=VECTOR('',#7192,1.);
#4580=VECTOR('',#7195,1.);
#4581=VECTOR('',#7196,1.);
#4582=VECTOR('',#7233,1.);
#4583=VECTOR('',#7234,1.);
#4584=VECTOR('',#7235,1.);
#4585=VECTOR('',#7236,1.);
#4586=VECTOR('',#7239,1.);
#4587=VECTOR('',#7240,1.);
#4588=VECTOR('',#7241,1.);
#4589=VECTOR('',#7244,1.);
#4590=VECTOR('',#7245,1.);
#4591=VECTOR('',#7246,1.);
#4592=VECTOR('',#7249,1.);
#4593=VECTOR('',#7250,1.);
#4594=VECTOR('',#7251,1.);
#4595=VECTOR('',#7254,1.);
#4596=VECTOR('',#7255,1.);
#4597=VECTOR('',#7256,1.);
#4598=VECTOR('',#7259,1.);
#4599=VECTOR('',#7260,1.);
#4600=VECTOR('',#7261,1.);
#4601=VECTOR('',#7264,1.);
#4602=VECTOR('',#7265,1.);
#4603=VECTOR('',#7266,1.);
#4604=VECTOR('',#7267,1.);
#4605=VECTOR('',#7270,1.);
#4606=VECTOR('',#7271,1.);
#4607=VECTOR('',#7272,1.);
#4608=VECTOR('',#7275,1.);
#4609=VECTOR('',#7276,1.);
#4610=VECTOR('',#7277,1.);
#4611=VECTOR('',#7278,1.);
#4612=VECTOR('',#7283,1.);
#4613=VECTOR('',#7286,1.);
#4614=VECTOR('',#7289,1.);
#4615=VECTOR('',#7290,1.);
#4616=VECTOR('',#7291,1.);
#4617=VECTOR('',#7294,1.);
#4618=VECTOR('',#7295,1.);
#4619=VECTOR('',#7296,1.);
#4620=VECTOR('',#7299,1.);
#4621=VECTOR('',#7300,1.);
#4622=VECTOR('',#7301,1.);
#4623=VECTOR('',#7304,1.);
#4624=VECTOR('',#7305,1.);
#4625=VECTOR('',#7306,1.);
#4626=VECTOR('',#7311,1.);
#4627=VECTOR('',#7318,1.);
#4628=VECTOR('',#7321,1.);
#4629=VECTOR('',#7324,1.);
#4630=VECTOR('',#7325,1.);
#4631=VECTOR('',#7326,1.);
#4632=VECTOR('',#7329,1.);
#4633=VECTOR('',#7330,1.);
#4634=VECTOR('',#7331,1.);
#4635=VECTOR('',#7332,1.);
#4636=VECTOR('',#7335,1.);
#4637=VECTOR('',#7336,1.);
#4638=VECTOR('',#7337,1.);
#4639=VECTOR('',#7342,1.);
#4640=VECTOR('',#7345,1.);
#4641=VECTOR('',#7348,1.);
#4642=VECTOR('',#7349,1.);
#4643=VECTOR('',#7350,1.);
#4644=VECTOR('',#7351,1.);
#4645=VECTOR('',#7354,1.);
#4646=VECTOR('',#7355,1.);
#4647=VECTOR('',#7356,1.);
#4648=VECTOR('',#7357,1.);
#4649=VECTOR('',#7362,1.);
#4650=VECTOR('',#7369,1.);
#4651=VECTOR('',#7376,1.);
#4652=VECTOR('',#7379,1.);
#4653=VECTOR('',#7380,1.);
#4654=VECTOR('',#7381,1.);
#4655=VECTOR('',#7382,1.);
#4656=VECTOR('',#7383,1.);
#4657=VECTOR('',#7384,1.);
#4658=VECTOR('',#7387,1.);
#4659=VECTOR('',#7388,1.);
#4660=VECTOR('',#7389,1.);
#4661=VECTOR('',#7390,1.);
#4662=VECTOR('',#7391,1.);
#4663=VECTOR('',#7392,1.);
#4664=VECTOR('',#7393,1.);
#4665=VECTOR('',#7394,1.);
#4666=VECTOR('',#7395,1.);
#4667=VECTOR('',#7396,1.);
#4668=VECTOR('',#7397,1.);
#4669=VECTOR('',#7398,1.);
#4670=VECTOR('',#7401,1.);
#4671=VECTOR('',#7402,1.);
#4672=VECTOR('',#7403,1.);
#4673=VECTOR('',#7406,1.);
#4674=VECTOR('',#7407,1.);
#4675=VECTOR('',#7408,1.);
#4676=VECTOR('',#7409,1.);
#4677=VECTOR('',#7412,1.);
#4678=VECTOR('',#7413,1.);
#4679=VECTOR('',#7414,1.);
#4680=VECTOR('',#7417,1.);
#4681=VECTOR('',#7418,1.);
#4682=VECTOR('',#7419,1.);
#4683=VECTOR('',#7422,1.);
#4684=VECTOR('',#7423,1.);
#4685=VECTOR('',#7424,1.);
#4686=VECTOR('',#7425,1.);
#4687=VECTOR('',#7428,1.);
#4688=VECTOR('',#7429,1.);
#4689=VECTOR('',#7430,1.);
#4690=VECTOR('',#7433,1.);
#4691=VECTOR('',#7434,1.);
#4692=VECTOR('',#7435,1.);
#4693=VECTOR('',#7438,1.);
#4694=VECTOR('',#7439,1.);
#4695=VECTOR('',#7440,1.);
#4696=VECTOR('',#7441,1.);
#4697=VECTOR('',#7444,1.);
#4698=VECTOR('',#7445,1.);
#4699=VECTOR('',#7446,1.);
#4700=VECTOR('',#7449,1.);
#4701=VECTOR('',#7450,1.);
#4702=VECTOR('',#7451,1.);
#4703=VECTOR('',#7454,1.);
#4704=VECTOR('',#7455,1.);
#4705=VECTOR('',#7458,1.);
#4706=VECTOR('',#7459,1.);
#4707=VECTOR('',#7462,1.);
#4708=VECTOR('',#7463,1.);
#4709=VECTOR('',#7466,1.);
#4710=VECTOR('',#7467,1.);
#4711=VECTOR('',#7470,1.);
#4712=VECTOR('',#7471,1.);
#4713=VECTOR('',#7486,1.);
#4714=VECTOR('',#7489,1.);
#4715=VECTOR('',#7492,1.);
#4716=VECTOR('',#7495,1.);
#4717=VECTOR('',#7498,1.);
#4718=VECTOR('',#7501,1.);
#4719=VECTOR('',#7504,1.);
#4720=VECTOR('',#7507,1.);
#4721=EDGE_LOOP('',(#426,#427,#428,#429));
#4722=EDGE_LOOP('',(#430,#431,#432,#433,#434,#435));
#4723=EDGE_LOOP('',(#436,#437,#438,#439));
#4724=EDGE_LOOP('',(#440,#441,#442,#443));
#4725=EDGE_LOOP('',(#444,#445,#446,#447,#448,#449));
#4726=EDGE_LOOP('',(#450,#451,#452,#453));
#4727=EDGE_LOOP('',(#454,#455,#456,#457,#458,#459));
#4728=EDGE_LOOP('',(#460,#461,#462,#463));
#4729=EDGE_LOOP('',(#464,#465,#466,#467,#468,#469));
#4730=EDGE_LOOP('',(#470,#471,#472,#473,#474,#475));
#4731=EDGE_LOOP('',(#476,#477,#478,#479));
#4732=EDGE_LOOP('',(#480,#481,#482,#483,#484,#485));
#4733=EDGE_LOOP('',(#486,#487,#488,#489));
#4734=EDGE_LOOP('',(#490,#491,#492,#493));
#4735=EDGE_LOOP('',(#494,#495,#496,#497));
#4736=EDGE_LOOP('',(#498,#499,#500,#501));
#4737=EDGE_LOOP('',(#502,#503,#504,#505));
#4738=EDGE_LOOP('',(#506,#507,#508,#509));
#4739=EDGE_LOOP('',(#510,#511,#512,#513));
#4740=EDGE_LOOP('',(#514,#515,#516,#517));
#4741=EDGE_LOOP('',(#518,#519,#520,#521));
#4742=EDGE_LOOP('',(#522,#523,#524,#525));
#4743=EDGE_LOOP('',(#526,#527,#528,#529));
#4744=EDGE_LOOP('',(#530,#531,#532,#533));
#4745=EDGE_LOOP('',(#534,#535,#536,#537));
#4746=EDGE_LOOP('',(#538,#539,#540,#541));
#4747=EDGE_LOOP('',(#542,#543,#544,#545));
#4748=EDGE_LOOP('',(#546,#547,#548,#549));
#4749=EDGE_LOOP('',(#550));
#4750=EDGE_LOOP('',(#551));
#4751=EDGE_LOOP('',(#552));
#4752=EDGE_LOOP('',(#553));
#4753=EDGE_LOOP('',(#554));
#4754=EDGE_LOOP('',(#555));
#4755=EDGE_LOOP('',(#556));
#4756=EDGE_LOOP('',(#557));
#4757=EDGE_LOOP('',(#558));
#4758=EDGE_LOOP('',(#559));
#4759=EDGE_LOOP('',(#560));
#4760=EDGE_LOOP('',(#561));
#4761=EDGE_LOOP('',(#562,#563,#564,#565,#566,#567));
#4762=EDGE_LOOP('',(#568,#569,#570,#571,#572,#573));
#4763=EDGE_LOOP('',(#574));
#4764=EDGE_LOOP('',(#575));
#4765=EDGE_LOOP('',(#576));
#4766=EDGE_LOOP('',(#577));
#4767=EDGE_LOOP('',(#578));
#4768=EDGE_LOOP('',(#579));
#4769=EDGE_LOOP('',(#580));
#4770=EDGE_LOOP('',(#581));
#4771=EDGE_LOOP('',(#582));
#4772=EDGE_LOOP('',(#583));
#4773=EDGE_LOOP('',(#584,#585,#586,#587));
#4774=EDGE_LOOP('',(#588,#589,#590,#591));
#4775=EDGE_LOOP('',(#592,#593,#594,#595));
#4776=EDGE_LOOP('',(#596));
#4777=EDGE_LOOP('',(#597));
#4778=EDGE_LOOP('',(#598));
#4779=EDGE_LOOP('',(#599));
#4780=EDGE_LOOP('',(#600));
#4781=EDGE_LOOP('',(#601));
#4782=EDGE_LOOP('',(#602));
#4783=EDGE_LOOP('',(#603));
#4784=EDGE_LOOP('',(#604,#605,#606,#607));
#4785=EDGE_LOOP('',(#608));
#4786=EDGE_LOOP('',(#609));
#4787=EDGE_LOOP('',(#610));
#4788=EDGE_LOOP('',(#611));
#4789=EDGE_LOOP('',(#612));
#4790=EDGE_LOOP('',(#613));
#4791=EDGE_LOOP('',(#614,#615,#616,#617,#618,#619,#620,#621));
#4792=EDGE_LOOP('',(#622));
#4793=EDGE_LOOP('',(#623));
#4794=EDGE_LOOP('',(#624));
#4795=EDGE_LOOP('',(#625));
#4796=EDGE_LOOP('',(#626,#627,#628,#629,#630,#631,#632,#633,#634,#635));
#4797=EDGE_LOOP('',(#636,#637,#638,#639));
#4798=EDGE_LOOP('',(#640,#641,#642,#643));
#4799=EDGE_LOOP('',(#644));
#4800=EDGE_LOOP('',(#645));
#4801=EDGE_LOOP('',(#646));
#4802=EDGE_LOOP('',(#647));
#4803=EDGE_LOOP('',(#648));
#4804=EDGE_LOOP('',(#649,#650,#651,#652));
#4805=EDGE_LOOP('',(#653,#654,#655,#656));
#4806=EDGE_LOOP('',(#657));
#4807=EDGE_LOOP('',(#658));
#4808=EDGE_LOOP('',(#659));
#4809=EDGE_LOOP('',(#660));
#4810=EDGE_LOOP('',(#661));
#4811=EDGE_LOOP('',(#662));
#4812=EDGE_LOOP('',(#663));
#4813=EDGE_LOOP('',(#664,#665,#666,#667));
#4814=EDGE_LOOP('',(#668,#669,#670,#671));
#4815=EDGE_LOOP('',(#672,#673,#674,#675));
#4816=EDGE_LOOP('',(#676,#677,#678,#679));
#4817=EDGE_LOOP('',(#680,#681,#682,#683));
#4818=EDGE_LOOP('',(#684,#685,#686,#687));
#4819=EDGE_LOOP('',(#688,#689,#690,#691));
#4820=EDGE_LOOP('',(#692,#693,#694,#695));
#4821=EDGE_LOOP('',(#696,#697,#698,#699));
#4822=EDGE_LOOP('',(#700,#701,#702,#703));
#4823=EDGE_LOOP('',(#704,#705,#706,#707));
#4824=EDGE_LOOP('',(#708,#709,#710,#711));
#4825=EDGE_LOOP('',(#712,#713,#714,#715));
#4826=EDGE_LOOP('',(#716,#717,#718,#719));
#4827=EDGE_LOOP('',(#720,#721,#722,#723));
#4828=EDGE_LOOP('',(#724,#725,#726,#727));
#4829=EDGE_LOOP('',(#728,#729,#730,#731));
#4830=EDGE_LOOP('',(#732,#733,#734,#735));
#4831=EDGE_LOOP('',(#736,#737,#738,#739));
#4832=EDGE_LOOP('',(#740,#741,#742,#743));
#4833=EDGE_LOOP('',(#744,#745,#746,#747));
#4834=EDGE_LOOP('',(#748,#749,#750,#751));
#4835=EDGE_LOOP('',(#752,#753,#754,#755));
#4836=EDGE_LOOP('',(#756,#757,#758,#759));
#4837=EDGE_LOOP('',(#760,#761,#762,#763));
#4838=EDGE_LOOP('',(#764,#765,#766,#767));
#4839=EDGE_LOOP('',(#768,#769,#770,#771));
#4840=EDGE_LOOP('',(#772,#773,#774,#775));
#4841=EDGE_LOOP('',(#776,#777,#778,#779));
#4842=EDGE_LOOP('',(#780,#781,#782,#783));
#4843=EDGE_LOOP('',(#784,#785,#786,#787));
#4844=EDGE_LOOP('',(#788,#789,#790,#791));
#4845=EDGE_LOOP('',(#792,#793,#794,#795));
#4846=EDGE_LOOP('',(#796,#797,#798,#799));
#4847=EDGE_LOOP('',(#800,#801,#802,#803));
#4848=EDGE_LOOP('',(#804,#805,#806,#807));
#4849=EDGE_LOOP('',(#808,#809,#810,#811));
#4850=EDGE_LOOP('',(#812,#813,#814,#815));
#4851=EDGE_LOOP('',(#816,#817,#818,#819));
#4852=EDGE_LOOP('',(#820,#821,#822,#823));
#4853=EDGE_LOOP('',(#824,#825,#826,#827));
#4854=EDGE_LOOP('',(#828,#829,#830,#831));
#4855=EDGE_LOOP('',(#832,#833,#834,#835));
#4856=EDGE_LOOP('',(#836,#837,#838,#839));
#4857=EDGE_LOOP('',(#840,#841,#842,#843));
#4858=EDGE_LOOP('',(#844,#845,#846,#847));
#4859=EDGE_LOOP('',(#848,#849,#850,#851));
#4860=EDGE_LOOP('',(#852,#853,#854,#855));
#4861=EDGE_LOOP('',(#856,#857,#858,#859));
#4862=EDGE_LOOP('',(#860,#861,#862,#863));
#4863=EDGE_LOOP('',(#864,#865,#866,#867));
#4864=EDGE_LOOP('',(#868,#869,#870,#871));
#4865=EDGE_LOOP('',(#872,#873,#874,#875));
#4866=EDGE_LOOP('',(#876,#877,#878,#879));
#4867=EDGE_LOOP('',(#880,#881,#882,#883));
#4868=EDGE_LOOP('',(#884,#885,#886,#887));
#4869=EDGE_LOOP('',(#888,#889,#890,#891));
#4870=EDGE_LOOP('',(#892,#893,#894,#895));
#4871=EDGE_LOOP('',(#896,#897,#898,#899));
#4872=EDGE_LOOP('',(#900,#901,#902,#903));
#4873=EDGE_LOOP('',(#904,#905,#906,#907));
#4874=EDGE_LOOP('',(#908,#909,#910,#911));
#4875=EDGE_LOOP('',(#912,#913,#914,#915));
#4876=EDGE_LOOP('',(#916,#917,#918,#919));
#4877=EDGE_LOOP('',(#920,#921,#922,#923));
#4878=EDGE_LOOP('',(#924,#925,#926,#927));
#4879=EDGE_LOOP('',(#928,#929,#930,#931));
#4880=EDGE_LOOP('',(#932,#933,#934,#935));
#4881=EDGE_LOOP('',(#936,#937,#938,#939));
#4882=EDGE_LOOP('',(#940,#941,#942,#943));
#4883=EDGE_LOOP('',(#944,#945,#946,#947));
#4884=EDGE_LOOP('',(#948,#949,#950,#951));
#4885=EDGE_LOOP('',(#952,#953,#954,#955));
#4886=EDGE_LOOP('',(#956,#957,#958,#959));
#4887=EDGE_LOOP('',(#960,#961,#962,#963));
#4888=EDGE_LOOP('',(#964,#965,#966,#967));
#4889=EDGE_LOOP('',(#968,#969,#970,#971));
#4890=EDGE_LOOP('',(#972,#973,#974,#975));
#4891=EDGE_LOOP('',(#976,#977,#978,#979));
#4892=EDGE_LOOP('',(#980,#981,#982,#983));
#4893=EDGE_LOOP('',(#984,#985,#986,#987));
#4894=EDGE_LOOP('',(#988,#989,#990,#991));
#4895=EDGE_LOOP('',(#992,#993,#994,#995));
#4896=EDGE_LOOP('',(#996,#997,#998,#999));
#4897=EDGE_LOOP('',(#1000,#1001,#1002,#1003));
#4898=EDGE_LOOP('',(#1004,#1005,#1006,#1007));
#4899=EDGE_LOOP('',(#1008,#1009,#1010,#1011));
#4900=EDGE_LOOP('',(#1012,#1013,#1014,#1015));
#4901=EDGE_LOOP('',(#1016,#1017,#1018,#1019));
#4902=EDGE_LOOP('',(#1020,#1021,#1022,#1023));
#4903=EDGE_LOOP('',(#1024,#1025,#1026,#1027));
#4904=EDGE_LOOP('',(#1028,#1029,#1030,#1031));
#4905=EDGE_LOOP('',(#1032,#1033,#1034,#1035));
#4906=EDGE_LOOP('',(#1036,#1037,#1038,#1039));
#4907=EDGE_LOOP('',(#1040,#1041,#1042,#1043));
#4908=EDGE_LOOP('',(#1044,#1045,#1046,#1047));
#4909=EDGE_LOOP('',(#1048,#1049,#1050,#1051));
#4910=EDGE_LOOP('',(#1052,#1053,#1054,#1055));
#4911=EDGE_LOOP('',(#1056,#1057,#1058,#1059));
#4912=EDGE_LOOP('',(#1060,#1061,#1062,#1063));
#4913=EDGE_LOOP('',(#1064,#1065,#1066,#1067));
#4914=EDGE_LOOP('',(#1068,#1069,#1070,#1071));
#4915=EDGE_LOOP('',(#1072,#1073,#1074,#1075));
#4916=EDGE_LOOP('',(#1076,#1077,#1078,#1079));
#4917=EDGE_LOOP('',(#1080,#1081,#1082,#1083));
#4918=EDGE_LOOP('',(#1084,#1085,#1086,#1087));
#4919=EDGE_LOOP('',(#1088,#1089,#1090,#1091));
#4920=EDGE_LOOP('',(#1092,#1093,#1094,#1095));
#4921=EDGE_LOOP('',(#1096,#1097,#1098,#1099));
#4922=EDGE_LOOP('',(#1100,#1101,#1102,#1103));
#4923=EDGE_LOOP('',(#1104,#1105,#1106,#1107));
#4924=EDGE_LOOP('',(#1108,#1109,#1110,#1111));
#4925=EDGE_LOOP('',(#1112,#1113,#1114,#1115));
#4926=EDGE_LOOP('',(#1116,#1117,#1118,#1119));
#4927=EDGE_LOOP('',(#1120,#1121,#1122,#1123));
#4928=EDGE_LOOP('',(#1124,#1125,#1126,#1127));
#4929=EDGE_LOOP('',(#1128,#1129,#1130,#1131));
#4930=EDGE_LOOP('',(#1132,#1133,#1134,#1135));
#4931=EDGE_LOOP('',(#1136,#1137,#1138,#1139));
#4932=EDGE_LOOP('',(#1140,#1141,#1142,#1143));
#4933=EDGE_LOOP('',(#1144,#1145,#1146,#1147));
#4934=EDGE_LOOP('',(#1148,#1149,#1150,#1151));
#4935=EDGE_LOOP('',(#1152,#1153,#1154,#1155));
#4936=EDGE_LOOP('',(#1156,#1157,#1158,#1159));
#4937=EDGE_LOOP('',(#1160,#1161,#1162,#1163));
#4938=EDGE_LOOP('',(#1164,#1165,#1166,#1167));
#4939=EDGE_LOOP('',(#1168,#1169,#1170,#1171));
#4940=EDGE_LOOP('',(#1172,#1173,#1174,#1175));
#4941=EDGE_LOOP('',(#1176,#1177,#1178,#1179));
#4942=EDGE_LOOP('',(#1180,#1181,#1182,#1183));
#4943=EDGE_LOOP('',(#1184,#1185,#1186,#1187));
#4944=EDGE_LOOP('',(#1188,#1189,#1190,#1191));
#4945=EDGE_LOOP('',(#1192,#1193,#1194,#1195));
#4946=EDGE_LOOP('',(#1196,#1197,#1198,#1199));
#4947=EDGE_LOOP('',(#1200,#1201,#1202,#1203));
#4948=EDGE_LOOP('',(#1204,#1205,#1206,#1207));
#4949=EDGE_LOOP('',(#1208,#1209,#1210,#1211));
#4950=EDGE_LOOP('',(#1212,#1213,#1214,#1215));
#4951=EDGE_LOOP('',(#1216,#1217,#1218,#1219));
#4952=EDGE_LOOP('',(#1220,#1221,#1222,#1223));
#4953=EDGE_LOOP('',(#1224,#1225,#1226,#1227));
#4954=EDGE_LOOP('',(#1228,#1229,#1230,#1231));
#4955=EDGE_LOOP('',(#1232,#1233,#1234,#1235));
#4956=EDGE_LOOP('',(#1236,#1237,#1238,#1239));
#4957=EDGE_LOOP('',(#1240,#1241,#1242,#1243));
#4958=EDGE_LOOP('',(#1244,#1245,#1246,#1247));
#4959=EDGE_LOOP('',(#1248,#1249,#1250,#1251));
#4960=EDGE_LOOP('',(#1252,#1253,#1254,#1255));
#4961=EDGE_LOOP('',(#1256,#1257,#1258,#1259));
#4962=EDGE_LOOP('',(#1260,#1261,#1262,#1263));
#4963=EDGE_LOOP('',(#1264,#1265,#1266,#1267));
#4964=EDGE_LOOP('',(#1268,#1269,#1270,#1271));
#4965=EDGE_LOOP('',(#1272,#1273,#1274,#1275));
#4966=EDGE_LOOP('',(#1276,#1277,#1278,#1279));
#4967=EDGE_LOOP('',(#1280,#1281,#1282,#1283));
#4968=EDGE_LOOP('',(#1284,#1285,#1286,#1287));
#4969=EDGE_LOOP('',(#1288,#1289,#1290,#1291));
#4970=EDGE_LOOP('',(#1292,#1293,#1294,#1295));
#4971=EDGE_LOOP('',(#1296,#1297,#1298,#1299));
#4972=EDGE_LOOP('',(#1300,#1301,#1302,#1303));
#4973=EDGE_LOOP('',(#1304,#1305,#1306,#1307));
#4974=EDGE_LOOP('',(#1308,#1309,#1310,#1311));
#4975=EDGE_LOOP('',(#1312,#1313,#1314,#1315));
#4976=EDGE_LOOP('',(#1316,#1317,#1318,#1319));
#4977=EDGE_LOOP('',(#1320,#1321,#1322,#1323,#1324,#1325,#1326,#1327,#1328,
#1329,#1330,#1331,#1332,#1333,#1334,#1335,#1336,#1337,#1338,#1339,#1340,
#1341,#1342));
#4978=EDGE_LOOP('',(#1343,#1344,#1345,#1346,#1347,#1348,#1349,#1350,#1351,
#1352,#1353,#1354,#1355,#1356,#1357,#1358,#1359,#1360,#1361,#1362,#1363,
#1364,#1365,#1366,#1367));
#4979=EDGE_LOOP('',(#1368,#1369,#1370,#1371,#1372,#1373,#1374,#1375,#1376,
#1377,#1378,#1379));
#4980=EDGE_LOOP('',(#1380,#1381,#1382,#1383,#1384,#1385,#1386,#1387,#1388,
#1389,#1390,#1391,#1392,#1393,#1394,#1395,#1396,#1397,#1398,#1399));
#4981=EDGE_LOOP('',(#1400,#1401,#1402,#1403,#1404,#1405,#1406,#1407,#1408,
#1409));
#4982=EDGE_LOOP('',(#1410,#1411,#1412,#1413,#1414,#1415,#1416,#1417,#1418,
#1419,#1420));
#4983=EDGE_LOOP('',(#1421));
#4984=EDGE_LOOP('',(#1422));
#4985=EDGE_LOOP('',(#1423));
#4986=EDGE_LOOP('',(#1424));
#4987=EDGE_LOOP('',(#1425,#1426,#1427,#1428,#1429,#1430,#1431,#1432,#1433,
#1434,#1435,#1436,#1437,#1438,#1439,#1440,#1441,#1442,#1443,#1444,#1445,
#1446,#1447,#1448,#1449,#1450,#1451,#1452,#1453));
#4988=EDGE_LOOP('',(#1454,#1455,#1456,#1457,#1458,#1459,#1460,#1461,#1462,
#1463,#1464,#1465,#1466));
#4989=EDGE_LOOP('',(#1467,#1468,#1469,#1470,#1471,#1472,#1473,#1474,#1475,
#1476,#1477,#1478,#1479,#1480,#1481,#1482,#1483));
#4990=EDGE_LOOP('',(#1484,#1485,#1486,#1487));
#4991=EDGE_LOOP('',(#1488,#1489,#1490,#1491,#1492,#1493,#1494,#1495,#1496,
#1497,#1498,#1499,#1500,#1501,#1502,#1503,#1504,#1505,#1506,#1507,#1508,
#1509,#1510));
#4992=EDGE_LOOP('',(#1511,#1512,#1513,#1514,#1515,#1516,#1517,#1518,#1519,
#1520,#1521,#1522,#1523,#1524,#1525,#1526,#1527,#1528,#1529,#1530,#1531,
#1532,#1533,#1534,#1535));
#4993=EDGE_LOOP('',(#1536,#1537,#1538,#1539,#1540,#1541,#1542,#1543,#1544,
#1545,#1546,#1547));
#4994=EDGE_LOOP('',(#1548,#1549,#1550,#1551,#1552,#1553,#1554,#1555,#1556,
#1557,#1558,#1559,#1560,#1561,#1562,#1563,#1564,#1565,#1566,#1567));
#4995=EDGE_LOOP('',(#1568,#1569,#1570,#1571,#1572,#1573,#1574,#1575,#1576,
#1577));
#4996=EDGE_LOOP('',(#1578,#1579,#1580,#1581,#1582,#1583,#1584,#1585,#1586,
#1587,#1588));
#4997=EDGE_LOOP('',(#1589,#1590,#1591,#1592,#1593,#1594,#1595,#1596,#1597,
#1598,#1599,#1600,#1601,#1602,#1603,#1604,#1605,#1606,#1607,#1608,#1609,
#1610,#1611,#1612,#1613,#1614,#1615,#1616,#1617));
#4998=EDGE_LOOP('',(#1618,#1619,#1620,#1621,#1622,#1623,#1624,#1625,#1626,
#1627,#1628,#1629,#1630));
#4999=EDGE_LOOP('',(#1631,#1632,#1633,#1634,#1635,#1636,#1637,#1638,#1639,
#1640,#1641,#1642,#1643,#1644,#1645,#1646,#1647));
#5000=EDGE_LOOP('',(#1648));
#5001=EDGE_LOOP('',(#1649));
#5002=EDGE_LOOP('',(#1650));
#5003=EDGE_LOOP('',(#1651));
#5004=EDGE_LOOP('',(#1652));
#5005=EDGE_LOOP('',(#1653));
#5006=EDGE_LOOP('',(#1654));
#5007=EDGE_LOOP('',(#1655));
#5008=EDGE_LOOP('',(#1656,#1657,#1658,#1659));
#5009=EDGE_LOOP('',(#1660,#1661,#1662,#1663));
#5010=EDGE_LOOP('',(#1664,#1665,#1666,#1667));
#5011=EDGE_LOOP('',(#1668,#1669,#1670,#1671));
#5012=EDGE_LOOP('',(#1672,#1673,#1674,#1675));
#5013=EDGE_LOOP('',(#1676,#1677,#1678,#1679));
#5014=EDGE_LOOP('',(#1680,#1681,#1682,#1683));
#5015=EDGE_LOOP('',(#1684,#1685,#1686,#1687));
#5016=EDGE_LOOP('',(#1688,#1689,#1690,#1691));
#5017=EDGE_LOOP('',(#1692,#1693,#1694,#1695));
#5018=EDGE_LOOP('',(#1696,#1697,#1698,#1699));
#5019=EDGE_LOOP('',(#1700,#1701,#1702,#1703));
#5020=EDGE_LOOP('',(#1704,#1705,#1706,#1707));
#5021=EDGE_LOOP('',(#1708,#1709,#1710,#1711));
#5022=EDGE_LOOP('',(#1712,#1713,#1714,#1715));
#5023=EDGE_LOOP('',(#1716,#1717,#1718,#1719));
#5024=EDGE_LOOP('',(#1720,#1721,#1722,#1723));
#5025=EDGE_LOOP('',(#1724,#1725,#1726,#1727));
#5026=EDGE_LOOP('',(#1728,#1729,#1730,#1731));
#5027=EDGE_LOOP('',(#1732,#1733,#1734,#1735));
#5028=EDGE_LOOP('',(#1736,#1737,#1738,#1739));
#5029=EDGE_LOOP('',(#1740,#1741,#1742,#1743));
#5030=EDGE_LOOP('',(#1744,#1745,#1746,#1747));
#5031=EDGE_LOOP('',(#1748,#1749,#1750,#1751));
#5032=EDGE_LOOP('',(#1752,#1753,#1754,#1755));
#5033=EDGE_LOOP('',(#1756,#1757,#1758,#1759));
#5034=EDGE_LOOP('',(#1760,#1761,#1762,#1763));
#5035=EDGE_LOOP('',(#1764,#1765,#1766,#1767));
#5036=EDGE_LOOP('',(#1768,#1769,#1770,#1771));
#5037=EDGE_LOOP('',(#1772,#1773,#1774,#1775));
#5038=EDGE_LOOP('',(#1776,#1777,#1778,#1779));
#5039=EDGE_LOOP('',(#1780,#1781,#1782,#1783));
#5040=EDGE_LOOP('',(#1784,#1785,#1786,#1787));
#5041=EDGE_LOOP('',(#1788,#1789,#1790,#1791));
#5042=EDGE_LOOP('',(#1792,#1793,#1794,#1795));
#5043=EDGE_LOOP('',(#1796,#1797,#1798,#1799));
#5044=EDGE_LOOP('',(#1800,#1801,#1802,#1803));
#5045=EDGE_LOOP('',(#1804,#1805,#1806,#1807));
#5046=EDGE_LOOP('',(#1808,#1809,#1810,#1811));
#5047=EDGE_LOOP('',(#1812,#1813,#1814,#1815));
#5048=EDGE_LOOP('',(#1816,#1817,#1818,#1819));
#5049=EDGE_LOOP('',(#1820,#1821,#1822,#1823));
#5050=EDGE_LOOP('',(#1824,#1825,#1826,#1827));
#5051=EDGE_LOOP('',(#1828,#1829,#1830,#1831));
#5052=EDGE_LOOP('',(#1832,#1833,#1834,#1835));
#5053=EDGE_LOOP('',(#1836,#1837,#1838,#1839));
#5054=EDGE_LOOP('',(#1840,#1841,#1842,#1843));
#5055=EDGE_LOOP('',(#1844,#1845,#1846,#1847));
#5056=EDGE_LOOP('',(#1848,#1849,#1850,#1851));
#5057=EDGE_LOOP('',(#1852,#1853,#1854,#1855));
#5058=EDGE_LOOP('',(#1856,#1857,#1858,#1859));
#5059=EDGE_LOOP('',(#1860,#1861,#1862,#1863));
#5060=EDGE_LOOP('',(#1864,#1865,#1866,#1867));
#5061=EDGE_LOOP('',(#1868,#1869,#1870,#1871));
#5062=EDGE_LOOP('',(#1872,#1873,#1874,#1875));
#5063=EDGE_LOOP('',(#1876,#1877,#1878,#1879));
#5064=EDGE_LOOP('',(#1880,#1881,#1882,#1883));
#5065=EDGE_LOOP('',(#1884,#1885,#1886,#1887));
#5066=EDGE_LOOP('',(#1888,#1889,#1890,#1891));
#5067=EDGE_LOOP('',(#1892,#1893,#1894,#1895));
#5068=EDGE_LOOP('',(#1896,#1897,#1898,#1899));
#5069=EDGE_LOOP('',(#1900,#1901,#1902,#1903));
#5070=EDGE_LOOP('',(#1904,#1905,#1906,#1907));
#5071=EDGE_LOOP('',(#1908,#1909,#1910,#1911));
#5072=EDGE_LOOP('',(#1912,#1913,#1914,#1915));
#5073=EDGE_LOOP('',(#1916));
#5074=EDGE_LOOP('',(#1917));
#5075=EDGE_LOOP('',(#1918));
#5076=EDGE_LOOP('',(#1919));
#5077=EDGE_LOOP('',(#1920,#1921,#1922,#1923));
#5078=EDGE_LOOP('',(#1924,#1925,#1926,#1927));
#5079=EDGE_LOOP('',(#1928,#1929,#1930,#1931));
#5080=EDGE_LOOP('',(#1932,#1933,#1934,#1935,#1936,#1937,#1938,#1939,#1940,
#1941,#1942,#1943,#1944,#1945,#1946,#1947,#1948,#1949,#1950,#1951,#1952,
#1953,#1954,#1955));
#5081=EDGE_LOOP('',(#1956,#1957,#1958,#1959,#1960,#1961,#1962,#1963,#1964,
#1965,#1966,#1967,#1968,#1969,#1970,#1971,#1972,#1973,#1974,#1975));
#5082=EDGE_LOOP('',(#1976,#1977,#1978,#1979,#1980,#1981,#1982,#1983,#1984));
#5083=EDGE_LOOP('',(#1985,#1986,#1987,#1988,#1989,#1990,#1991,#1992,#1993));
#5084=EDGE_LOOP('',(#1994,#1995,#1996,#1997));
#5085=EDGE_LOOP('',(#1998,#1999,#2000,#2001));
#5086=EDGE_LOOP('',(#2002,#2003,#2004,#2005,#2006,#2007,#2008,#2009,#2010,
#2011,#2012,#2013,#2014,#2015,#2016,#2017,#2018,#2019,#2020,#2021,#2022,
#2023,#2024,#2025));
#5087=EDGE_LOOP('',(#2026,#2027,#2028,#2029,#2030,#2031,#2032,#2033,#2034,
#2035,#2036,#2037,#2038,#2039,#2040,#2041,#2042,#2043,#2044,#2045));
#5088=EDGE_LOOP('',(#2046,#2047,#2048,#2049));
#5089=EDGE_LOOP('',(#2050,#2051,#2052,#2053));
#5090=EDGE_LOOP('',(#2054,#2055,#2056,#2057));
#5091=EDGE_LOOP('',(#2058,#2059,#2060,#2061));
#5092=EDGE_LOOP('',(#2062,#2063,#2064,#2065));
#5093=EDGE_LOOP('',(#2066,#2067,#2068,#2069));
#5094=EDGE_LOOP('',(#2070,#2071,#2072,#2073));
#5095=EDGE_LOOP('',(#2074,#2075,#2076,#2077));
#5096=EDGE_LOOP('',(#2078,#2079,#2080,#2081));
#5097=EDGE_LOOP('',(#2082,#2083,#2084,#2085));
#5098=EDGE_LOOP('',(#2086,#2087,#2088,#2089,#2090,#2091,#2092,#2093));
#5099=EDGE_LOOP('',(#2094));
#5100=EDGE_LOOP('',(#2095));
#5101=EDGE_LOOP('',(#2096,#2097,#2098,#2099,#2100,#2101,#2102,#2103,#2104,
#2105));
#5102=EDGE_LOOP('',(#2106,#2107,#2108,#2109));
#5103=EDGE_LOOP('',(#2110,#2111,#2112,#2113));
#5104=EDGE_LOOP('',(#2114));
#5105=EDGE_LOOP('',(#2115));
#5106=EDGE_LOOP('',(#2116));
#5107=EDGE_LOOP('',(#2117,#2118,#2119,#2120));
#5108=EDGE_LOOP('',(#2121,#2122,#2123,#2124));
#5109=EDGE_LOOP('',(#2125));
#5110=EDGE_LOOP('',(#2126));
#5111=EDGE_LOOP('',(#2127));
#5112=EDGE_LOOP('',(#2128));
#5113=EDGE_LOOP('',(#2129));
#5114=EDGE_LOOP('',(#2130));
#5115=EDGE_LOOP('',(#2131));
#5116=FACE_BOUND('',#4721,.T.);
#5117=FACE_BOUND('',#4722,.T.);
#5118=FACE_BOUND('',#4723,.T.);
#5119=FACE_BOUND('',#4724,.T.);
#5120=FACE_BOUND('',#4725,.T.);
#5121=FACE_BOUND('',#4726,.T.);
#5122=FACE_BOUND('',#4727,.T.);
#5123=FACE_BOUND('',#4728,.T.);
#5124=FACE_BOUND('',#4729,.T.);
#5125=FACE_BOUND('',#4730,.T.);
#5126=FACE_BOUND('',#4731,.T.);
#5127=FACE_BOUND('',#4732,.T.);
#5128=FACE_BOUND('',#4733,.T.);
#5129=FACE_BOUND('',#4734,.T.);
#5130=FACE_BOUND('',#4735,.T.);
#5131=FACE_BOUND('',#4736,.T.);
#5132=FACE_BOUND('',#4737,.T.);
#5133=FACE_BOUND('',#4738,.T.);
#5134=FACE_BOUND('',#4739,.T.);
#5135=FACE_BOUND('',#4740,.T.);
#5136=FACE_BOUND('',#4741,.T.);
#5137=FACE_BOUND('',#4742,.T.);
#5138=FACE_BOUND('',#4743,.T.);
#5139=FACE_BOUND('',#4744,.T.);
#5140=FACE_BOUND('',#4745,.T.);
#5141=FACE_BOUND('',#4746,.T.);
#5142=FACE_BOUND('',#4747,.T.);
#5143=FACE_BOUND('',#4748,.T.);
#5144=FACE_BOUND('',#4749,.T.);
#5145=FACE_BOUND('',#4750,.T.);
#5146=FACE_BOUND('',#4751,.T.);
#5147=FACE_BOUND('',#4752,.T.);
#5148=FACE_BOUND('',#4753,.T.);
#5149=FACE_BOUND('',#4754,.T.);
#5150=FACE_BOUND('',#4755,.T.);
#5151=FACE_BOUND('',#4756,.T.);
#5152=FACE_BOUND('',#4757,.T.);
#5153=FACE_BOUND('',#4758,.T.);
#5154=FACE_BOUND('',#4759,.T.);
#5155=FACE_BOUND('',#4760,.T.);
#5156=FACE_BOUND('',#4761,.T.);
#5157=FACE_BOUND('',#4762,.T.);
#5158=FACE_BOUND('',#4763,.T.);
#5159=FACE_BOUND('',#4764,.T.);
#5160=FACE_BOUND('',#4765,.T.);
#5161=FACE_BOUND('',#4766,.T.);
#5162=FACE_BOUND('',#4767,.T.);
#5163=FACE_BOUND('',#4768,.T.);
#5164=FACE_BOUND('',#4769,.T.);
#5165=FACE_BOUND('',#4770,.T.);
#5166=FACE_BOUND('',#4771,.T.);
#5167=FACE_BOUND('',#4772,.T.);
#5168=FACE_BOUND('',#4773,.T.);
#5169=FACE_BOUND('',#4774,.T.);
#5170=FACE_BOUND('',#4775,.T.);
#5171=FACE_BOUND('',#4776,.T.);
#5172=FACE_BOUND('',#4777,.T.);
#5173=FACE_BOUND('',#4778,.T.);
#5174=FACE_BOUND('',#4779,.T.);
#5175=FACE_BOUND('',#4780,.T.);
#5176=FACE_BOUND('',#4781,.T.);
#5177=FACE_BOUND('',#4782,.T.);
#5178=FACE_BOUND('',#4783,.T.);
#5179=FACE_BOUND('',#4784,.T.);
#5180=FACE_BOUND('',#4785,.T.);
#5181=FACE_BOUND('',#4786,.T.);
#5182=FACE_BOUND('',#4787,.T.);
#5183=FACE_BOUND('',#4788,.T.);
#5184=FACE_BOUND('',#4789,.T.);
#5185=FACE_BOUND('',#4790,.T.);
#5186=FACE_BOUND('',#4791,.T.);
#5187=FACE_BOUND('',#4792,.T.);
#5188=FACE_BOUND('',#4793,.T.);
#5189=FACE_BOUND('',#4794,.T.);
#5190=FACE_BOUND('',#4795,.T.);
#5191=FACE_BOUND('',#4796,.T.);
#5192=FACE_BOUND('',#4797,.T.);
#5193=FACE_BOUND('',#4798,.T.);
#5194=FACE_BOUND('',#4799,.T.);
#5195=FACE_BOUND('',#4800,.T.);
#5196=FACE_BOUND('',#4801,.T.);
#5197=FACE_BOUND('',#4802,.T.);
#5198=FACE_BOUND('',#4803,.T.);
#5199=FACE_BOUND('',#4804,.T.);
#5200=FACE_BOUND('',#4805,.T.);
#5201=FACE_BOUND('',#4806,.T.);
#5202=FACE_BOUND('',#4807,.T.);
#5203=FACE_BOUND('',#4808,.T.);
#5204=FACE_BOUND('',#4809,.T.);
#5205=FACE_BOUND('',#4810,.T.);
#5206=FACE_BOUND('',#4811,.T.);
#5207=FACE_BOUND('',#4812,.T.);
#5208=FACE_BOUND('',#4813,.T.);
#5209=FACE_BOUND('',#4814,.T.);
#5210=FACE_BOUND('',#4815,.T.);
#5211=FACE_BOUND('',#4816,.T.);
#5212=FACE_BOUND('',#4817,.T.);
#5213=FACE_BOUND('',#4818,.T.);
#5214=FACE_BOUND('',#4819,.T.);
#5215=FACE_BOUND('',#4820,.T.);
#5216=FACE_BOUND('',#4821,.T.);
#5217=FACE_BOUND('',#4822,.T.);
#5218=FACE_BOUND('',#4823,.T.);
#5219=FACE_BOUND('',#4824,.T.);
#5220=FACE_BOUND('',#4825,.T.);
#5221=FACE_BOUND('',#4826,.T.);
#5222=FACE_BOUND('',#4827,.T.);
#5223=FACE_BOUND('',#4828,.T.);
#5224=FACE_BOUND('',#4829,.T.);
#5225=FACE_BOUND('',#4830,.T.);
#5226=FACE_BOUND('',#4831,.T.);
#5227=FACE_BOUND('',#4832,.T.);
#5228=FACE_BOUND('',#4833,.T.);
#5229=FACE_BOUND('',#4834,.T.);
#5230=FACE_BOUND('',#4835,.T.);
#5231=FACE_BOUND('',#4836,.T.);
#5232=FACE_BOUND('',#4837,.T.);
#5233=FACE_BOUND('',#4838,.T.);
#5234=FACE_BOUND('',#4839,.T.);
#5235=FACE_BOUND('',#4840,.T.);
#5236=FACE_BOUND('',#4841,.T.);
#5237=FACE_BOUND('',#4842,.T.);
#5238=FACE_BOUND('',#4843,.T.);
#5239=FACE_BOUND('',#4844,.T.);
#5240=FACE_BOUND('',#4845,.T.);
#5241=FACE_BOUND('',#4846,.T.);
#5242=FACE_BOUND('',#4847,.T.);
#5243=FACE_BOUND('',#4848,.T.);
#5244=FACE_BOUND('',#4849,.T.);
#5245=FACE_BOUND('',#4850,.T.);
#5246=FACE_BOUND('',#4851,.T.);
#5247=FACE_BOUND('',#4852,.T.);
#5248=FACE_BOUND('',#4853,.T.);
#5249=FACE_BOUND('',#4854,.T.);
#5250=FACE_BOUND('',#4855,.T.);
#5251=FACE_BOUND('',#4856,.T.);
#5252=FACE_BOUND('',#4857,.T.);
#5253=FACE_BOUND('',#4858,.T.);
#5254=FACE_BOUND('',#4859,.T.);
#5255=FACE_BOUND('',#4860,.T.);
#5256=FACE_BOUND('',#4861,.T.);
#5257=FACE_BOUND('',#4862,.T.);
#5258=FACE_BOUND('',#4863,.T.);
#5259=FACE_BOUND('',#4864,.T.);
#5260=FACE_BOUND('',#4865,.T.);
#5261=FACE_BOUND('',#4866,.T.);
#5262=FACE_BOUND('',#4867,.T.);
#5263=FACE_BOUND('',#4868,.T.);
#5264=FACE_BOUND('',#4869,.T.);
#5265=FACE_BOUND('',#4870,.T.);
#5266=FACE_BOUND('',#4871,.T.);
#5267=FACE_BOUND('',#4872,.T.);
#5268=FACE_BOUND('',#4873,.T.);
#5269=FACE_BOUND('',#4874,.T.);
#5270=FACE_BOUND('',#4875,.T.);
#5271=FACE_BOUND('',#4876,.T.);
#5272=FACE_BOUND('',#4877,.T.);
#5273=FACE_BOUND('',#4878,.T.);
#5274=FACE_BOUND('',#4879,.T.);
#5275=FACE_BOUND('',#4880,.T.);
#5276=FACE_BOUND('',#4881,.T.);
#5277=FACE_BOUND('',#4882,.T.);
#5278=FACE_BOUND('',#4883,.T.);
#5279=FACE_BOUND('',#4884,.T.);
#5280=FACE_BOUND('',#4885,.T.);
#5281=FACE_BOUND('',#4886,.T.);
#5282=FACE_BOUND('',#4887,.T.);
#5283=FACE_BOUND('',#4888,.T.);
#5284=FACE_BOUND('',#4889,.T.);
#5285=FACE_BOUND('',#4890,.T.);
#5286=FACE_BOUND('',#4891,.T.);
#5287=FACE_BOUND('',#4892,.T.);
#5288=FACE_BOUND('',#4893,.T.);
#5289=FACE_BOUND('',#4894,.T.);
#5290=FACE_BOUND('',#4895,.T.);
#5291=FACE_BOUND('',#4896,.T.);
#5292=FACE_BOUND('',#4897,.T.);
#5293=FACE_BOUND('',#4898,.T.);
#5294=FACE_BOUND('',#4899,.T.);
#5295=FACE_BOUND('',#4900,.T.);
#5296=FACE_BOUND('',#4901,.T.);
#5297=FACE_BOUND('',#4902,.T.);
#5298=FACE_BOUND('',#4903,.T.);
#5299=FACE_BOUND('',#4904,.T.);
#5300=FACE_BOUND('',#4905,.T.);
#5301=FACE_BOUND('',#4906,.T.);
#5302=FACE_BOUND('',#4907,.T.);
#5303=FACE_BOUND('',#4908,.T.);
#5304=FACE_BOUND('',#4909,.T.);
#5305=FACE_BOUND('',#4910,.T.);
#5306=FACE_BOUND('',#4911,.T.);
#5307=FACE_BOUND('',#4912,.T.);
#5308=FACE_BOUND('',#4913,.T.);
#5309=FACE_BOUND('',#4914,.T.);
#5310=FACE_BOUND('',#4915,.T.);
#5311=FACE_BOUND('',#4916,.T.);
#5312=FACE_BOUND('',#4917,.T.);
#5313=FACE_BOUND('',#4918,.T.);
#5314=FACE_BOUND('',#4919,.T.);
#5315=FACE_BOUND('',#4920,.T.);
#5316=FACE_BOUND('',#4921,.T.);
#5317=FACE_BOUND('',#4922,.T.);
#5318=FACE_BOUND('',#4923,.T.);
#5319=FACE_BOUND('',#4924,.T.);
#5320=FACE_BOUND('',#4925,.T.);
#5321=FACE_BOUND('',#4926,.T.);
#5322=FACE_BOUND('',#4927,.T.);
#5323=FACE_BOUND('',#4928,.T.);
#5324=FACE_BOUND('',#4929,.T.);
#5325=FACE_BOUND('',#4930,.T.);
#5326=FACE_BOUND('',#4931,.T.);
#5327=FACE_BOUND('',#4932,.T.);
#5328=FACE_BOUND('',#4933,.T.);
#5329=FACE_BOUND('',#4934,.T.);
#5330=FACE_BOUND('',#4935,.T.);
#5331=FACE_BOUND('',#4936,.T.);
#5332=FACE_BOUND('',#4937,.T.);
#5333=FACE_BOUND('',#4938,.T.);
#5334=FACE_BOUND('',#4939,.T.);
#5335=FACE_BOUND('',#4940,.T.);
#5336=FACE_BOUND('',#4941,.T.);
#5337=FACE_BOUND('',#4942,.T.);
#5338=FACE_BOUND('',#4943,.T.);
#5339=FACE_BOUND('',#4944,.T.);
#5340=FACE_BOUND('',#4945,.T.);
#5341=FACE_BOUND('',#4946,.T.);
#5342=FACE_BOUND('',#4947,.T.);
#5343=FACE_BOUND('',#4948,.T.);
#5344=FACE_BOUND('',#4949,.T.);
#5345=FACE_BOUND('',#4950,.T.);
#5346=FACE_BOUND('',#4951,.T.);
#5347=FACE_BOUND('',#4952,.T.);
#5348=FACE_BOUND('',#4953,.T.);
#5349=FACE_BOUND('',#4954,.T.);
#5350=FACE_BOUND('',#4955,.T.);
#5351=FACE_BOUND('',#4956,.T.);
#5352=FACE_BOUND('',#4957,.T.);
#5353=FACE_BOUND('',#4958,.T.);
#5354=FACE_BOUND('',#4959,.T.);
#5355=FACE_BOUND('',#4960,.T.);
#5356=FACE_BOUND('',#4961,.T.);
#5357=FACE_BOUND('',#4962,.T.);
#5358=FACE_BOUND('',#4963,.T.);
#5359=FACE_BOUND('',#4964,.T.);
#5360=FACE_BOUND('',#4965,.T.);
#5361=FACE_BOUND('',#4966,.T.);
#5362=FACE_BOUND('',#4967,.T.);
#5363=FACE_BOUND('',#4968,.T.);
#5364=FACE_BOUND('',#4969,.T.);
#5365=FACE_BOUND('',#4970,.T.);
#5366=FACE_BOUND('',#4971,.T.);
#5367=FACE_BOUND('',#4972,.T.);
#5368=FACE_BOUND('',#4973,.T.);
#5369=FACE_BOUND('',#4974,.T.);
#5370=FACE_BOUND('',#4975,.T.);
#5371=FACE_BOUND('',#4976,.T.);
#5372=FACE_BOUND('',#4977,.T.);
#5373=FACE_BOUND('',#4978,.T.);
#5374=FACE_BOUND('',#4979,.T.);
#5375=FACE_BOUND('',#4980,.T.);
#5376=FACE_BOUND('',#4981,.T.);
#5377=FACE_BOUND('',#4982,.T.);
#5378=FACE_BOUND('',#4983,.T.);
#5379=FACE_BOUND('',#4984,.T.);
#5380=FACE_BOUND('',#4985,.T.);
#5381=FACE_BOUND('',#4986,.T.);
#5382=FACE_BOUND('',#4987,.T.);
#5383=FACE_BOUND('',#4988,.T.);
#5384=FACE_BOUND('',#4989,.T.);
#5385=FACE_BOUND('',#4990,.T.);
#5386=FACE_BOUND('',#4991,.T.);
#5387=FACE_BOUND('',#4992,.T.);
#5388=FACE_BOUND('',#4993,.T.);
#5389=FACE_BOUND('',#4994,.T.);
#5390=FACE_BOUND('',#4995,.T.);
#5391=FACE_BOUND('',#4996,.T.);
#5392=FACE_BOUND('',#4997,.T.);
#5393=FACE_BOUND('',#4998,.T.);
#5394=FACE_BOUND('',#4999,.T.);
#5395=FACE_BOUND('',#5000,.T.);
#5396=FACE_BOUND('',#5001,.T.);
#5397=FACE_BOUND('',#5002,.T.);
#5398=FACE_BOUND('',#5003,.T.);
#5399=FACE_BOUND('',#5004,.T.);
#5400=FACE_BOUND('',#5005,.T.);
#5401=FACE_BOUND('',#5006,.T.);
#5402=FACE_BOUND('',#5007,.T.);
#5403=FACE_BOUND('',#5008,.T.);
#5404=FACE_BOUND('',#5009,.T.);
#5405=FACE_BOUND('',#5010,.T.);
#5406=FACE_BOUND('',#5011,.T.);
#5407=FACE_BOUND('',#5012,.T.);
#5408=FACE_BOUND('',#5013,.T.);
#5409=FACE_BOUND('',#5014,.T.);
#5410=FACE_BOUND('',#5015,.T.);
#5411=FACE_BOUND('',#5016,.T.);
#5412=FACE_BOUND('',#5017,.T.);
#5413=FACE_BOUND('',#5018,.T.);
#5414=FACE_BOUND('',#5019,.T.);
#5415=FACE_BOUND('',#5020,.T.);
#5416=FACE_BOUND('',#5021,.T.);
#5417=FACE_BOUND('',#5022,.T.);
#5418=FACE_BOUND('',#5023,.T.);
#5419=FACE_BOUND('',#5024,.T.);
#5420=FACE_BOUND('',#5025,.T.);
#5421=FACE_BOUND('',#5026,.T.);
#5422=FACE_BOUND('',#5027,.T.);
#5423=FACE_BOUND('',#5028,.T.);
#5424=FACE_BOUND('',#5029,.T.);
#5425=FACE_BOUND('',#5030,.T.);
#5426=FACE_BOUND('',#5031,.T.);
#5427=FACE_BOUND('',#5032,.T.);
#5428=FACE_BOUND('',#5033,.T.);
#5429=FACE_BOUND('',#5034,.T.);
#5430=FACE_BOUND('',#5035,.T.);
#5431=FACE_BOUND('',#5036,.T.);
#5432=FACE_BOUND('',#5037,.T.);
#5433=FACE_BOUND('',#5038,.T.);
#5434=FACE_BOUND('',#5039,.T.);
#5435=FACE_BOUND('',#5040,.T.);
#5436=FACE_BOUND('',#5041,.T.);
#5437=FACE_BOUND('',#5042,.T.);
#5438=FACE_BOUND('',#5043,.T.);
#5439=FACE_BOUND('',#5044,.T.);
#5440=FACE_BOUND('',#5045,.T.);
#5441=FACE_BOUND('',#5046,.T.);
#5442=FACE_BOUND('',#5047,.T.);
#5443=FACE_BOUND('',#5048,.T.);
#5444=FACE_BOUND('',#5049,.T.);
#5445=FACE_BOUND('',#5050,.T.);
#5446=FACE_BOUND('',#5051,.T.);
#5447=FACE_BOUND('',#5052,.T.);
#5448=FACE_BOUND('',#5053,.T.);
#5449=FACE_BOUND('',#5054,.T.);
#5450=FACE_BOUND('',#5055,.T.);
#5451=FACE_BOUND('',#5056,.T.);
#5452=FACE_BOUND('',#5057,.T.);
#5453=FACE_BOUND('',#5058,.T.);
#5454=FACE_BOUND('',#5059,.T.);
#5455=FACE_BOUND('',#5060,.T.);
#5456=FACE_BOUND('',#5061,.T.);
#5457=FACE_BOUND('',#5062,.T.);
#5458=FACE_BOUND('',#5063,.T.);
#5459=FACE_BOUND('',#5064,.T.);
#5460=FACE_BOUND('',#5065,.T.);
#5461=FACE_BOUND('',#5066,.T.);
#5462=FACE_BOUND('',#5067,.T.);
#5463=FACE_BOUND('',#5068,.T.);
#5464=FACE_BOUND('',#5069,.T.);
#5465=FACE_BOUND('',#5070,.T.);
#5466=FACE_BOUND('',#5071,.T.);
#5467=FACE_BOUND('',#5072,.T.);
#5468=FACE_BOUND('',#5073,.T.);
#5469=FACE_BOUND('',#5074,.T.);
#5470=FACE_BOUND('',#5075,.T.);
#5471=FACE_BOUND('',#5076,.T.);
#5472=FACE_BOUND('',#5077,.T.);
#5473=FACE_BOUND('',#5078,.T.);
#5474=FACE_BOUND('',#5079,.T.);
#5475=FACE_BOUND('',#5080,.T.);
#5476=FACE_BOUND('',#5081,.T.);
#5477=FACE_BOUND('',#5082,.T.);
#5478=FACE_BOUND('',#5083,.T.);
#5479=FACE_BOUND('',#5084,.T.);
#5480=FACE_BOUND('',#5085,.T.);
#5481=FACE_BOUND('',#5086,.T.);
#5482=FACE_BOUND('',#5087,.T.);
#5483=FACE_BOUND('',#5088,.T.);
#5484=FACE_BOUND('',#5089,.T.);
#5485=FACE_BOUND('',#5090,.T.);
#5486=FACE_BOUND('',#5091,.T.);
#5487=FACE_BOUND('',#5092,.T.);
#5488=FACE_BOUND('',#5093,.T.);
#5489=FACE_BOUND('',#5094,.T.);
#5490=FACE_BOUND('',#5095,.T.);
#5491=FACE_BOUND('',#5096,.T.);
#5492=FACE_BOUND('',#5097,.T.);
#5493=FACE_BOUND('',#5098,.T.);
#5494=FACE_BOUND('',#5099,.T.);
#5495=FACE_BOUND('',#5100,.T.);
#5496=FACE_BOUND('',#5101,.T.);
#5497=FACE_BOUND('',#5102,.T.);
#5498=FACE_BOUND('',#5103,.T.);
#5499=FACE_BOUND('',#5104,.T.);
#5500=FACE_BOUND('',#5105,.T.);
#5501=FACE_BOUND('',#5106,.T.);
#5502=FACE_BOUND('',#5107,.T.);
#5503=FACE_BOUND('',#5108,.T.);
#5504=FACE_BOUND('',#5109,.T.);
#5505=FACE_BOUND('',#5110,.T.);
#5506=FACE_BOUND('',#5111,.T.);
#5507=FACE_BOUND('',#5112,.T.);
#5508=FACE_BOUND('',#5113,.T.);
#5509=FACE_BOUND('',#5114,.T.);
#5510=FACE_BOUND('',#5115,.T.);
#5511=PLANE('',#6004);
#5512=PLANE('',#6005);
#5513=PLANE('',#6007);
#5514=PLANE('',#6008);
#5515=PLANE('',#6009);
#5516=PLANE('',#6011);
#5517=PLANE('',#6012);
#5518=PLANE('',#6014);
#5519=PLANE('',#6015);
#5520=PLANE('',#6017);
#5521=PLANE('',#6019);
#5522=PLANE('',#6020);
#5523=PLANE('',#6022);
#5524=PLANE('',#6023);
#5525=PLANE('',#6024);
#5526=PLANE('',#6025);
#5527=PLANE('',#6026);
#5528=PLANE('',#6027);
#5529=PLANE('',#6028);
#5530=PLANE('',#6029);
#5531=PLANE('',#6030);
#5532=PLANE('',#6031);
#5533=PLANE('',#6032);
#5534=PLANE('',#6033);
#5535=PLANE('',#6052);
#5536=PLANE('',#6054);
#5537=PLANE('',#6071);
#5538=PLANE('',#6072);
#5539=PLANE('',#6073);
#5540=PLANE('',#6086);
#5541=PLANE('',#6090);
#5542=PLANE('',#6095);
#5543=PLANE('',#6096);
#5544=PLANE('',#6097);
#5545=PLANE('',#6098);
#5546=PLANE('',#6102);
#5547=PLANE('',#6103);
#5548=PLANE('',#6104);
#5549=PLANE('',#6105);
#5550=PLANE('',#6106);
#5551=PLANE('',#6107);
#5552=PLANE('',#6108);
#5553=PLANE('',#6109);
#5554=PLANE('',#6110);
#5555=PLANE('',#6111);
#5556=PLANE('',#6112);
#5557=PLANE('',#6113);
#5558=PLANE('',#6117);
#5559=PLANE('',#6118);
#5560=PLANE('',#6119);
#5561=PLANE('',#6120);
#5562=PLANE('',#6121);
#5563=PLANE('',#6122);
#5564=PLANE('',#6123);
#5565=PLANE('',#6124);
#5566=PLANE('',#6125);
#5567=PLANE('',#6126);
#5568=PLANE('',#6127);
#5569=PLANE('',#6128);
#5570=PLANE('',#6129);
#5571=PLANE('',#6130);
#5572=PLANE('',#6131);
#5573=PLANE('',#6132);
#5574=PLANE('',#6133);
#5575=PLANE('',#6134);
#5576=PLANE('',#6141);
#5577=PLANE('',#6142);
#5578=PLANE('',#6143);
#5579=PLANE('',#6144);
#5580=PLANE('',#6145);
#5581=PLANE('',#6146);
#5582=PLANE('',#6147);
#5583=PLANE('',#6151);
#5584=PLANE('',#6152);
#5585=PLANE('',#6153);
#5586=PLANE('',#6154);
#5587=PLANE('',#6155);
#5588=PLANE('',#6159);
#5589=PLANE('',#6160);
#5590=PLANE('',#6161);
#5591=PLANE('',#6162);
#5592=PLANE('',#6163);
#5593=PLANE('',#6164);
#5594=PLANE('',#6165);
#5595=PLANE('',#6166);
#5596=PLANE('',#6167);
#5597=PLANE('',#6168);
#5598=PLANE('',#6169);
#5599=PLANE('',#6170);
#5600=PLANE('',#6171);
#5601=PLANE('',#6172);
#5602=PLANE('',#6173);
#5603=PLANE('',#6177);
#5604=PLANE('',#6181);
#5605=PLANE('',#6182);
#5606=PLANE('',#6183);
#5607=PLANE('',#6190);
#5608=PLANE('',#6191);
#5609=PLANE('',#6192);
#5610=PLANE('',#6193);
#5611=PLANE('',#6194);
#5612=PLANE('',#6195);
#5613=PLANE('',#6196);
#5614=PLANE('',#6197);
#5615=PLANE('',#6198);
#5616=PLANE('',#6199);
#5617=PLANE('',#6200);
#5618=PLANE('',#6201);
#5619=PLANE('',#6214);
#5620=PLANE('',#6215);
#5621=PLANE('',#6219);
#5622=PLANE('',#6220);
#5623=PLANE('',#6221);
#5624=PLANE('',#6222);
#5625=PLANE('',#6223);
#5626=PLANE('',#6224);
#5627=PLANE('',#6225);
#5628=PLANE('',#6226);
#5629=PLANE('',#6227);
#5630=PLANE('',#6228);
#5631=PLANE('',#6229);
#5632=PLANE('',#6230);
#5633=PLANE('',#6231);
#5634=PLANE('',#6232);
#5635=PLANE('',#6233);
#5636=PLANE('',#6234);
#5637=PLANE('',#6235);
#5638=PLANE('',#6244);
#5639=PLANE('',#6245);
#5640=PLANE('',#6246);
#5641=PLANE('',#6247);
#5642=PLANE('',#6248);
#5643=PLANE('',#6249);
#5644=PLANE('',#6250);
#5645=PLANE('',#6251);
#5646=PLANE('',#6255);
#5647=PLANE('',#6256);
#5648=PLANE('',#6257);
#5649=PLANE('',#6258);
#5650=PLANE('',#6265);
#5651=PLANE('',#6266);
#5652=PLANE('',#6267);
#5653=PLANE('',#6271);
#5654=PLANE('',#6272);
#5655=PLANE('',#6282);
#5656=PLANE('',#6283);
#5657=PLANE('',#6284);
#5658=PLANE('',#6285);
#5659=PLANE('',#6286);
#5660=PLANE('',#6287);
#5661=PLANE('',#6288);
#5662=PLANE('',#6289);
#5663=PLANE('',#6290);
#5664=PLANE('',#6291);
#5665=PLANE('',#6292);
#5666=PLANE('',#6293);
#5667=PLANE('',#6294);
#5668=PLANE('',#6295);
#5669=PLANE('',#6296);
#5670=PLANE('',#6297);
#5671=PLANE('',#6298);
#5672=PLANE('',#6299);
#5673=PLANE('',#6300);
#5674=PLANE('',#6301);
#5675=PLANE('',#6302);
#5676=PLANE('',#6303);
#5677=PLANE('',#6308);
#5678=PLANE('',#6309);
#5679=PLANE('',#6310);
#5680=PLANE('',#6311);
#5681=PLANE('',#6312);
#5682=ADVANCED_FACE('',(#5116),#5511,.T.);
#5683=ADVANCED_FACE('',(#5117),#5512,.F.);
#5684=ADVANCED_FACE('',(#5118),#5513,.F.);
#5685=ADVANCED_FACE('',(#5119),#5514,.T.);
#5686=ADVANCED_FACE('',(#5120),#5515,.T.);
#5687=ADVANCED_FACE('',(#5121),#5516,.T.);
#5688=ADVANCED_FACE('',(#5122),#5517,.F.);
#5689=ADVANCED_FACE('',(#5123),#5518,.F.);
#5690=ADVANCED_FACE('',(#5124),#5519,.F.);
#5691=ADVANCED_FACE('',(#5125),#5520,.F.);
#5692=ADVANCED_FACE('',(#5126),#5521,.F.);
#5693=ADVANCED_FACE('',(#5127),#5522,.F.);
#5694=ADVANCED_FACE('',(#5128),#5523,.F.);
#5695=ADVANCED_FACE('',(#5129),#242,.F.);
#5696=ADVANCED_FACE('',(#5130),#5524,.F.);
#5697=ADVANCED_FACE('',(#5131),#243,.F.);
#5698=ADVANCED_FACE('',(#5132),#5525,.F.);
#5699=ADVANCED_FACE('',(#5133),#244,.F.);
#5700=ADVANCED_FACE('',(#5134),#5526,.F.);
#5701=ADVANCED_FACE('',(#5135),#245,.F.);
#5702=ADVANCED_FACE('',(#5136),#5527,.F.);
#5703=ADVANCED_FACE('',(#5137),#5528,.F.);
#5704=ADVANCED_FACE('',(#5138),#5529,.T.);
#5705=ADVANCED_FACE('',(#5139),#5530,.F.);
#5706=ADVANCED_FACE('',(#5140),#5531,.F.);
#5707=ADVANCED_FACE('',(#5141),#5532,.F.);
#5708=ADVANCED_FACE('',(#5142),#5533,.T.);
#5709=ADVANCED_FACE('',(#5143),#5534,.T.);
#5710=ADVANCED_FACE('',(#5144,#5145),#12,.F.);
#5711=ADVANCED_FACE('',(#5146,#5147),#13,.F.);
#5712=ADVANCED_FACE('',(#5148,#5149),#14,.F.);
#5713=ADVANCED_FACE('',(#5150,#5151),#15,.F.);
#5714=ADVANCED_FACE('',(#5152,#5153),#16,.F.);
#5715=ADVANCED_FACE('',(#5154,#5155),#17,.F.);
#5716=ADVANCED_FACE('',(#5156),#5535,.F.);
#5717=ADVANCED_FACE('',(#5157),#5536,.T.);
#5718=ADVANCED_FACE('',(#5158,#5159),#18,.F.);
#5719=ADVANCED_FACE('',(#5160,#5161),#19,.F.);
#5720=ADVANCED_FACE('',(#5162,#5163),#20,.F.);
#5721=ADVANCED_FACE('',(#5164,#5165),#21,.F.);
#5722=ADVANCED_FACE('',(#5166,#5167),#22,.F.);
#5723=ADVANCED_FACE('',(#5168),#5537,.F.);
#5724=ADVANCED_FACE('',(#5169),#5538,.F.);
#5725=ADVANCED_FACE('',(#5170),#5539,.F.);
#5726=ADVANCED_FACE('',(#5171,#5172),#23,.F.);
#5727=ADVANCED_FACE('',(#5173,#5174),#24,.F.);
#5728=ADVANCED_FACE('',(#5175,#5176),#25,.F.);
#5729=ADVANCED_FACE('',(#5177,#5178),#26,.F.);
#5730=ADVANCED_FACE('',(#5179),#5540,.F.);
#5731=ADVANCED_FACE('',(#5180,#5181),#27,.F.);
#5732=ADVANCED_FACE('',(#5182,#5183,#5184,#5185,#5186,#5187,#5188,#5189,
#5190,#5191,#5192,#5193,#5194,#5195,#5196,#5197,#5198,#5199,#5200,#5201,
#5202,#5203,#5204,#5205,#5206,#5207),#5541,.F.);
#5733=ADVANCED_FACE('',(#5208),#5542,.T.);
#5734=ADVANCED_FACE('',(#5209),#5543,.F.);
#5735=ADVANCED_FACE('',(#5210),#5544,.F.);
#5736=ADVANCED_FACE('',(#5211),#5545,.F.);
#5737=ADVANCED_FACE('',(#5212),#28,.F.);
#5738=ADVANCED_FACE('',(#5213),#246,.F.);
#5739=ADVANCED_FACE('',(#5214),#5546,.F.);
#5740=ADVANCED_FACE('',(#5215),#5547,.F.);
#5741=ADVANCED_FACE('',(#5216),#5548,.F.);
#5742=ADVANCED_FACE('',(#5217),#5549,.F.);
#5743=ADVANCED_FACE('',(#5218),#5550,.F.);
#5744=ADVANCED_FACE('',(#5219),#5551,.F.);
#5745=ADVANCED_FACE('',(#5220),#5552,.F.);
#5746=ADVANCED_FACE('',(#5221),#5553,.F.);
#5747=ADVANCED_FACE('',(#5222),#5554,.F.);
#5748=ADVANCED_FACE('',(#5223),#5555,.F.);
#5749=ADVANCED_FACE('',(#5224),#5556,.F.);
#5750=ADVANCED_FACE('',(#5225),#247,.F.);
#5751=ADVANCED_FACE('',(#5226),#248,.F.);
#5752=ADVANCED_FACE('',(#5227),#5557,.F.);
#5753=ADVANCED_FACE('',(#5228),#249,.F.);
#5754=ADVANCED_FACE('',(#5229),#250,.F.);
#5755=ADVANCED_FACE('',(#5230),#251,.F.);
#5756=ADVANCED_FACE('',(#5231),#29,.T.);
#5757=ADVANCED_FACE('',(#5232),#5558,.F.);
#5758=ADVANCED_FACE('',(#5233),#252,.F.);
#5759=ADVANCED_FACE('',(#5234),#253,.F.);
#5760=ADVANCED_FACE('',(#5235),#254,.F.);
#5761=ADVANCED_FACE('',(#5236),#255,.F.);
#5762=ADVANCED_FACE('',(#5237),#256,.F.);
#5763=ADVANCED_FACE('',(#5238),#257,.F.);
#5764=ADVANCED_FACE('',(#5239),#258,.F.);
#5765=ADVANCED_FACE('',(#5240),#259,.F.);
#5766=ADVANCED_FACE('',(#5241),#260,.F.);
#5767=ADVANCED_FACE('',(#5242),#261,.F.);
#5768=ADVANCED_FACE('',(#5243),#262,.F.);
#5769=ADVANCED_FACE('',(#5244),#5559,.F.);
#5770=ADVANCED_FACE('',(#5245),#263,.F.);
#5771=ADVANCED_FACE('',(#5246),#264,.F.);
#5772=ADVANCED_FACE('',(#5247),#265,.F.);
#5773=ADVANCED_FACE('',(#5248),#266,.F.);
#5774=ADVANCED_FACE('',(#5249),#267,.F.);
#5775=ADVANCED_FACE('',(#5250),#5560,.F.);
#5776=ADVANCED_FACE('',(#5251),#5561,.F.);
#5777=ADVANCED_FACE('',(#5252),#5562,.F.);
#5778=ADVANCED_FACE('',(#5253),#268,.F.);
#5779=ADVANCED_FACE('',(#5254),#269,.F.);
#5780=ADVANCED_FACE('',(#5255),#270,.F.);
#5781=ADVANCED_FACE('',(#5256),#271,.F.);
#5782=ADVANCED_FACE('',(#5257),#272,.F.);
#5783=ADVANCED_FACE('',(#5258),#273,.F.);
#5784=ADVANCED_FACE('',(#5259),#5563,.F.);
#5785=ADVANCED_FACE('',(#5260),#274,.F.);
#5786=ADVANCED_FACE('',(#5261),#275,.F.);
#5787=ADVANCED_FACE('',(#5262),#276,.F.);
#5788=ADVANCED_FACE('',(#5263),#277,.F.);
#5789=ADVANCED_FACE('',(#5264),#278,.F.);
#5790=ADVANCED_FACE('',(#5265),#279,.F.);
#5791=ADVANCED_FACE('',(#5266),#5564,.F.);
#5792=ADVANCED_FACE('',(#5267),#5565,.F.);
#5793=ADVANCED_FACE('',(#5268),#5566,.F.);
#5794=ADVANCED_FACE('',(#5269),#5567,.F.);
#5795=ADVANCED_FACE('',(#5270),#5568,.F.);
#5796=ADVANCED_FACE('',(#5271),#5569,.F.);
#5797=ADVANCED_FACE('',(#5272),#5570,.F.);
#5798=ADVANCED_FACE('',(#5273),#5571,.F.);
#5799=ADVANCED_FACE('',(#5274),#5572,.F.);
#5800=ADVANCED_FACE('',(#5275),#5573,.F.);
#5801=ADVANCED_FACE('',(#5276),#5574,.F.);
#5802=ADVANCED_FACE('',(#5277),#5575,.F.);
#5803=ADVANCED_FACE('',(#5278),#280,.F.);
#5804=ADVANCED_FACE('',(#5279),#30,.T.);
#5805=ADVANCED_FACE('',(#5280),#31,.T.);
#5806=ADVANCED_FACE('',(#5281),#5576,.F.);
#5807=ADVANCED_FACE('',(#5282),#281,.F.);
#5808=ADVANCED_FACE('',(#5283),#282,.F.);
#5809=ADVANCED_FACE('',(#5284),#5577,.F.);
#5810=ADVANCED_FACE('',(#5285),#5578,.F.);
#5811=ADVANCED_FACE('',(#5286),#5579,.F.);
#5812=ADVANCED_FACE('',(#5287),#283,.F.);
#5813=ADVANCED_FACE('',(#5288),#284,.F.);
#5814=ADVANCED_FACE('',(#5289),#285,.F.);
#5815=ADVANCED_FACE('',(#5290),#286,.F.);
#5816=ADVANCED_FACE('',(#5291),#5580,.F.);
#5817=ADVANCED_FACE('',(#5292),#5581,.F.);
#5818=ADVANCED_FACE('',(#5293),#5582,.F.);
#5819=ADVANCED_FACE('',(#5294),#287,.F.);
#5820=ADVANCED_FACE('',(#5295),#32,.T.);
#5821=ADVANCED_FACE('',(#5296),#288,.F.);
#5822=ADVANCED_FACE('',(#5297),#289,.F.);
#5823=ADVANCED_FACE('',(#5298),#290,.F.);
#5824=ADVANCED_FACE('',(#5299),#5583,.F.);
#5825=ADVANCED_FACE('',(#5300),#5584,.F.);
#5826=ADVANCED_FACE('',(#5301),#5585,.F.);
#5827=ADVANCED_FACE('',(#5302),#5586,.F.);
#5828=ADVANCED_FACE('',(#5303),#5587,.F.);
#5829=ADVANCED_FACE('',(#5304),#33,.F.);
#5830=ADVANCED_FACE('',(#5305),#5588,.F.);
#5831=ADVANCED_FACE('',(#5306),#5589,.F.);
#5832=ADVANCED_FACE('',(#5307),#5590,.F.);
#5833=ADVANCED_FACE('',(#5308),#5591,.F.);
#5834=ADVANCED_FACE('',(#5309),#5592,.F.);
#5835=ADVANCED_FACE('',(#5310),#5593,.F.);
#5836=ADVANCED_FACE('',(#5311),#5594,.F.);
#5837=ADVANCED_FACE('',(#5312),#5595,.F.);
#5838=ADVANCED_FACE('',(#5313),#5596,.F.);
#5839=ADVANCED_FACE('',(#5314),#5597,.F.);
#5840=ADVANCED_FACE('',(#5315),#5598,.F.);
#5841=ADVANCED_FACE('',(#5316),#291,.F.);
#5842=ADVANCED_FACE('',(#5317),#292,.F.);
#5843=ADVANCED_FACE('',(#5318),#293,.F.);
#5844=ADVANCED_FACE('',(#5319),#294,.F.);
#5845=ADVANCED_FACE('',(#5320),#295,.F.);
#5846=ADVANCED_FACE('',(#5321),#5599,.F.);
#5847=ADVANCED_FACE('',(#5322),#5600,.F.);
#5848=ADVANCED_FACE('',(#5323),#296,.F.);
#5849=ADVANCED_FACE('',(#5324),#297,.F.);
#5850=ADVANCED_FACE('',(#5325),#298,.F.);
#5851=ADVANCED_FACE('',(#5326),#299,.F.);
#5852=ADVANCED_FACE('',(#5327),#5601,.F.);
#5853=ADVANCED_FACE('',(#5328),#300,.F.);
#5854=ADVANCED_FACE('',(#5329),#301,.F.);
#5855=ADVANCED_FACE('',(#5330),#302,.F.);
#5856=ADVANCED_FACE('',(#5331),#5602,.F.);
#5857=ADVANCED_FACE('',(#5332),#303,.F.);
#5858=ADVANCED_FACE('',(#5333),#304,.F.);
#5859=ADVANCED_FACE('',(#5334),#34,.T.);
#5860=ADVANCED_FACE('',(#5335),#5603,.F.);
#5861=ADVANCED_FACE('',(#5336),#35,.F.);
#5862=ADVANCED_FACE('',(#5337),#305,.F.);
#5863=ADVANCED_FACE('',(#5338),#306,.F.);
#5864=ADVANCED_FACE('',(#5339),#5604,.F.);
#5865=ADVANCED_FACE('',(#5340),#5605,.F.);
#5866=ADVANCED_FACE('',(#5341),#5606,.F.);
#5867=ADVANCED_FACE('',(#5342),#36,.F.);
#5868=ADVANCED_FACE('',(#5343),#37,.F.);
#5869=ADVANCED_FACE('',(#5344),#5607,.F.);
#5870=ADVANCED_FACE('',(#5345),#5608,.F.);
#5871=ADVANCED_FACE('',(#5346),#5609,.F.);
#5872=ADVANCED_FACE('',(#5347),#5610,.F.);
#5873=ADVANCED_FACE('',(#5348),#5611,.F.);
#5874=ADVANCED_FACE('',(#5349),#5612,.F.);
#5875=ADVANCED_FACE('',(#5350),#5613,.F.);
#5876=ADVANCED_FACE('',(#5351),#5614,.F.);
#5877=ADVANCED_FACE('',(#5352),#5615,.F.);
#5878=ADVANCED_FACE('',(#5353),#5616,.F.);
#5879=ADVANCED_FACE('',(#5354),#5617,.F.);
#5880=ADVANCED_FACE('',(#5355),#5618,.F.);
#5881=ADVANCED_FACE('',(#5356),#38,.F.);
#5882=ADVANCED_FACE('',(#5357),#39,.F.);
#5883=ADVANCED_FACE('',(#5358),#40,.F.);
#5884=ADVANCED_FACE('',(#5359),#41,.F.);
#5885=ADVANCED_FACE('',(#5360),#5619,.F.);
#5886=ADVANCED_FACE('',(#5361),#5620,.F.);
#5887=ADVANCED_FACE('',(#5362),#42,.T.);
#5888=ADVANCED_FACE('',(#5363),#5621,.F.);
#5889=ADVANCED_FACE('',(#5364),#307,.F.);
#5890=ADVANCED_FACE('',(#5365),#5622,.F.);
#5891=ADVANCED_FACE('',(#5366),#5623,.F.);
#5892=ADVANCED_FACE('',(#5367),#5624,.F.);
#5893=ADVANCED_FACE('',(#5368),#5625,.F.);
#5894=ADVANCED_FACE('',(#5369),#308,.F.);
#5895=ADVANCED_FACE('',(#5370),#5626,.F.);
#5896=ADVANCED_FACE('',(#5371),#5627,.T.);
#5897=ADVANCED_FACE('',(#5372,#5373,#5374,#5375,#5376,#5377,#5378,#5379,
#5380,#5381,#5382,#5383,#5384,#5385),#5628,.T.);
#5898=ADVANCED_FACE('',(#5386),#5629,.T.);
#5899=ADVANCED_FACE('',(#5387),#5630,.T.);
#5900=ADVANCED_FACE('',(#5388),#5631,.T.);
#5901=ADVANCED_FACE('',(#5389),#5632,.T.);
#5902=ADVANCED_FACE('',(#5390),#5633,.T.);
#5903=ADVANCED_FACE('',(#5391),#5634,.T.);
#5904=ADVANCED_FACE('',(#5392),#5635,.T.);
#5905=ADVANCED_FACE('',(#5393),#5636,.T.);
#5906=ADVANCED_FACE('',(#5394),#5637,.T.);
#5907=ADVANCED_FACE('',(#5395,#5396),#43,.F.);
#5908=ADVANCED_FACE('',(#5397,#5398),#44,.F.);
#5909=ADVANCED_FACE('',(#5399,#5400),#45,.F.);
#5910=ADVANCED_FACE('',(#5401,#5402),#46,.F.);
#5911=ADVANCED_FACE('',(#5403),#309,.F.);
#5912=ADVANCED_FACE('',(#5404),#310,.F.);
#5913=ADVANCED_FACE('',(#5405),#311,.F.);
#5914=ADVANCED_FACE('',(#5406),#5638,.F.);
#5915=ADVANCED_FACE('',(#5407),#5639,.F.);
#5916=ADVANCED_FACE('',(#5408),#5640,.F.);
#5917=ADVANCED_FACE('',(#5409),#5641,.F.);
#5918=ADVANCED_FACE('',(#5410),#5642,.F.);
#5919=ADVANCED_FACE('',(#5411),#5643,.F.);
#5920=ADVANCED_FACE('',(#5412),#5644,.F.);
#5921=ADVANCED_FACE('',(#5413),#5645,.F.);
#5922=ADVANCED_FACE('',(#5414),#312,.F.);
#5923=ADVANCED_FACE('',(#5415),#47,.F.);
#5924=ADVANCED_FACE('',(#5416),#313,.F.);
#5925=ADVANCED_FACE('',(#5417),#5646,.F.);
#5926=ADVANCED_FACE('',(#5418),#5647,.F.);
#5927=ADVANCED_FACE('',(#5419),#5648,.F.);
#5928=ADVANCED_FACE('',(#5420),#5649,.F.);
#5929=ADVANCED_FACE('',(#5421),#48,.F.);
#5930=ADVANCED_FACE('',(#5422),#49,.F.);
#5931=ADVANCED_FACE('',(#5423),#314,.F.);
#5932=ADVANCED_FACE('',(#5424),#5650,.F.);
#5933=ADVANCED_FACE('',(#5425),#5651,.F.);
#5934=ADVANCED_FACE('',(#5426),#315,.F.);
#5935=ADVANCED_FACE('',(#5427),#5652,.F.);
#5936=ADVANCED_FACE('',(#5428),#50,.T.);
#5937=ADVANCED_FACE('',(#5429),#316,.F.);
#5938=ADVANCED_FACE('',(#5430),#5653,.F.);
#5939=ADVANCED_FACE('',(#5431),#5654,.F.);
#5940=ADVANCED_FACE('',(#5432),#317,.F.);
#5941=ADVANCED_FACE('',(#5433),#51,.F.);
#5942=ADVANCED_FACE('',(#5434),#52,.F.);
#5943=ADVANCED_FACE('',(#5435),#53,.T.);
#5944=ADVANCED_FACE('',(#5436),#318,.F.);
#5945=ADVANCED_FACE('',(#5437),#319,.F.);
#5946=ADVANCED_FACE('',(#5438),#320,.F.);
#5947=ADVANCED_FACE('',(#5439),#321,.F.);
#5948=ADVANCED_FACE('',(#5440),#322,.F.);
#5949=ADVANCED_FACE('',(#5441),#323,.F.);
#5950=ADVANCED_FACE('',(#5442),#5655,.F.);
#5951=ADVANCED_FACE('',(#5443),#324,.F.);
#5952=ADVANCED_FACE('',(#5444),#325,.F.);
#5953=ADVANCED_FACE('',(#5445),#326,.F.);
#5954=ADVANCED_FACE('',(#5446),#327,.F.);
#5955=ADVANCED_FACE('',(#5447),#328,.F.);
#5956=ADVANCED_FACE('',(#5448),#329,.F.);
#5957=ADVANCED_FACE('',(#5449),#330,.F.);
#5958=ADVANCED_FACE('',(#5450),#331,.F.);
#5959=ADVANCED_FACE('',(#5451),#332,.F.);
#5960=ADVANCED_FACE('',(#5452),#5656,.F.);
#5961=ADVANCED_FACE('',(#5453),#5657,.F.);
#5962=ADVANCED_FACE('',(#5454),#5658,.F.);
#5963=ADVANCED_FACE('',(#5455),#5659,.F.);
#5964=ADVANCED_FACE('',(#5456),#5660,.F.);
#5965=ADVANCED_FACE('',(#5457),#5661,.F.);
#5966=ADVANCED_FACE('',(#5458),#5662,.F.);
#5967=ADVANCED_FACE('',(#5459),#5663,.T.);
#5968=ADVANCED_FACE('',(#5460),#5664,.F.);
#5969=ADVANCED_FACE('',(#5461),#5665,.F.);
#5970=ADVANCED_FACE('',(#5462),#5666,.F.);
#5971=ADVANCED_FACE('',(#5463),#5667,.F.);
#5972=ADVANCED_FACE('',(#5464),#5668,.F.);
#5973=ADVANCED_FACE('',(#5465),#5669,.F.);
#5974=ADVANCED_FACE('',(#5466),#5670,.T.);
#5975=ADVANCED_FACE('',(#5467),#333,.F.);
#5976=ADVANCED_FACE('',(#5468,#5469,#5470,#5471,#5472,#5473,#5474,#5475,
#5476,#5477),#5671,.T.);
#5977=ADVANCED_FACE('',(#5478),#5672,.T.);
#5978=ADVANCED_FACE('',(#5479),#5673,.T.);
#5979=ADVANCED_FACE('',(#5480),#5674,.T.);
#5980=ADVANCED_FACE('',(#5481),#5675,.T.);
#5981=ADVANCED_FACE('',(#5482),#5676,.T.);
#5982=ADVANCED_FACE('',(#5483),#54,.T.);
#5983=ADVANCED_FACE('',(#5484),#55,.T.);
#5984=ADVANCED_FACE('',(#5485),#56,.T.);
#5985=ADVANCED_FACE('',(#5486),#57,.T.);
#5986=ADVANCED_FACE('',(#5487),#5677,.F.);
#5987=ADVANCED_FACE('',(#5488),#5678,.F.);
#5988=ADVANCED_FACE('',(#5489),#5679,.F.);
#5989=ADVANCED_FACE('',(#5490),#5680,.F.);
#5990=ADVANCED_FACE('',(#5491,#5492,#5493,#5494,#5495,#5496,#5497,#5498,
#5499,#5500,#5501,#5502,#5503,#5504,#5505,#5506,#5507,#5508,#5509,#5510),
#5681,.T.);
#5991=CLOSED_SHELL('',(#5682,#5683,#5684,#5685,#5686,#5687,#5688,#5689,
#5690,#5691,#5692,#5693,#5694,#5695,#5696,#5697,#5698,#5699,#5700,#5701,
#5702,#5703,#5704,#5705,#5706,#5707,#5708,#5709,#5710,#5711,#5712,#5713,
#5714,#5715,#5716,#5717,#5718,#5719,#5720,#5721,#5722,#5723,#5724,#5725,
#5726,#5727,#5728,#5729,#5730,#5731,#5732,#5733,#5734,#5735,#5736,#5737,
#5738,#5739,#5740,#5741,#5742,#5743,#5744,#5745,#5746,#5747,#5748,#5749,
#5750,#5751,#5752,#5753,#5754,#5755,#5756,#5757,#5758,#5759,#5760,#5761,
#5762,#5763,#5764,#5765,#5766,#5767,#5768,#5769,#5770,#5771,#5772,#5773,
#5774,#5775,#5776,#5777,#5778,#5779,#5780,#5781,#5782,#5783,#5784,#5785,
#5786,#5787,#5788,#5789,#5790,#5791,#5792,#5793,#5794,#5795,#5796,#5797,
#5798,#5799,#5800,#5801,#5802,#5803,#5804,#5805,#5806,#5807,#5808,#5809,
#5810,#5811,#5812,#5813,#5814,#5815,#5816,#5817,#5818,#5819,#5820,#5821,
#5822,#5823,#5824,#5825,#5826,#5827,#5828,#5829,#5830,#5831,#5832,#5833,
#5834,#5835,#5836,#5837,#5838,#5839,#5840,#5841,#5842,#5843,#5844,#5845,
#5846,#5847,#5848,#5849,#5850,#5851,#5852,#5853,#5854,#5855,#5856,#5857,
#5858,#5859,#5860,#5861,#5862,#5863,#5864,#5865,#5866,#5867,#5868,#5869,
#5870,#5871,#5872,#5873,#5874,#5875,#5876,#5877,#5878,#5879,#5880,#5881,
#5882,#5883,#5884,#5885,#5886,#5887,#5888,#5889,#5890,#5891,#5892,#5893,
#5894,#5895,#5896,#5897,#5898,#5899,#5900,#5901,#5902,#5903,#5904,#5905,
#5906,#5907,#5908,#5909,#5910,#5911,#5912,#5913,#5914,#5915,#5916,#5917,
#5918,#5919,#5920,#5921,#5922,#5923,#5924,#5925,#5926,#5927,#5928,#5929,
#5930,#5931,#5932,#5933,#5934,#5935,#5936,#5937,#5938,#5939,#5940,#5941,
#5942,#5943,#5944,#5945,#5946,#5947,#5948,#5949,#5950,#5951,#5952,#5953,
#5954,#5955,#5956,#5957,#5958,#5959,#5960,#5961,#5962,#5963,#5964,#5965,
#5966,#5967,#5968,#5969,#5970,#5971,#5972,#5973,#5974,#5975,#5976,#5977,
#5978,#5979,#5980,#5981,#5982,#5983,#5984,#5985,#5986,#5987,#5988,#5989,
#5990));
#5992=STYLED_ITEM('',(#5993),#6000);
#5993=PRESENTATION_STYLE_ASSIGNMENT((#5994));
#5994=SURFACE_STYLE_USAGE(.BOTH.,#5995);
#5995=SURFACE_SIDE_STYLE('',(#5996));
#5996=SURFACE_STYLE_FILL_AREA(#5997);
#5997=FILL_AREA_STYLE('',(#5998));
#5998=FILL_AREA_STYLE_COLOUR('',#5999);
#5999=COLOUR_RGB('',0.647058823529412,0.647058823529412,0.647058823529412);
#6000=MANIFOLD_SOLID_BREP('Top Plate',#5991);
#6001=SHAPE_DEFINITION_REPRESENTATION(#10273,#6002);
#6002=SHAPE_REPRESENTATION('Top Plate',(#6003),#10268);
#6003=AXIS2_PLACEMENT_3D('',#7510,#6313,#6314);
#6004=AXIS2_PLACEMENT_3D('',#7511,#6315,#6316);
#6005=AXIS2_PLACEMENT_3D('',#7520,#6321,#6322);
#6006=AXIS2_PLACEMENT_3D('',#7525,#6325,#6326);
#6007=AXIS2_PLACEMENT_3D('',#7530,#6329,#6330);
#6008=AXIS2_PLACEMENT_3D('',#7536,#6334,#6335);
#6009=AXIS2_PLACEMENT_3D('',#7545,#6340,#6341);
#6010=AXIS2_PLACEMENT_3D('',#7550,#6344,#6345);
#6011=AXIS2_PLACEMENT_3D('',#7555,#6348,#6349);
#6012=AXIS2_PLACEMENT_3D('',#7561,#6353,#6354);
#6013=AXIS2_PLACEMENT_3D('',#7571,#6359,#6360);
#6014=AXIS2_PLACEMENT_3D('',#7574,#6362,#6363);
#6015=AXIS2_PLACEMENT_3D('',#7580,#6367,#6368);
#6016=AXIS2_PLACEMENT_3D('',#7585,#6371,#6372);
#6017=AXIS2_PLACEMENT_3D('',#7590,#6375,#6376);
#6018=AXIS2_PLACEMENT_3D('',#7600,#6381,#6382);
#6019=AXIS2_PLACEMENT_3D('',#7603,#6384,#6385);
#6020=AXIS2_PLACEMENT_3D('',#7609,#6389,#6390);
#6021=AXIS2_PLACEMENT_3D('',#7614,#6393,#6394);
#6022=AXIS2_PLACEMENT_3D('',#7619,#6397,#6398);
#6023=AXIS2_PLACEMENT_3D('',#7645,#6404,#6405);
#6024=AXIS2_PLACEMENT_3D('',#7668,#6410,#6411);
#6025=AXIS2_PLACEMENT_3D('',#7691,#6416,#6417);
#6026=AXIS2_PLACEMENT_3D('',#7714,#6422,#6423);
#6027=AXIS2_PLACEMENT_3D('',#7720,#6427,#6428);
#6028=AXIS2_PLACEMENT_3D('',#7729,#6433,#6434);
#6029=AXIS2_PLACEMENT_3D('',#7735,#6438,#6439);
#6030=AXIS2_PLACEMENT_3D('',#7741,#6443,#6444);
#6031=AXIS2_PLACEMENT_3D('',#7747,#6448,#6449);
#6032=AXIS2_PLACEMENT_3D('',#7753,#6453,#6454);
#6033=AXIS2_PLACEMENT_3D('',#7759,#6458,#6459);
#6034=AXIS2_PLACEMENT_3D('',#7765,#6463,#6464);
#6035=AXIS2_PLACEMENT_3D('',#7766,#6465,#6466);
#6036=AXIS2_PLACEMENT_3D('',#7768,#6467,#6468);
#6037=AXIS2_PLACEMENT_3D('',#7770,#6469,#6470);
#6038=AXIS2_PLACEMENT_3D('',#7771,#6471,#6472);
#6039=AXIS2_PLACEMENT_3D('',#7773,#6473,#6474);
#6040=AXIS2_PLACEMENT_3D('',#7775,#6475,#6476);
#6041=AXIS2_PLACEMENT_3D('',#7776,#6477,#6478);
#6042=AXIS2_PLACEMENT_3D('',#7778,#6479,#6480);
#6043=AXIS2_PLACEMENT_3D('',#7780,#6481,#6482);
#6044=AXIS2_PLACEMENT_3D('',#7781,#6483,#6484);
#6045=AXIS2_PLACEMENT_3D('',#7783,#6485,#6486);
#6046=AXIS2_PLACEMENT_3D('',#7785,#6487,#6488);
#6047=AXIS2_PLACEMENT_3D('',#7786,#6489,#6490);
#6048=AXIS2_PLACEMENT_3D('',#7788,#6491,#6492);
#6049=AXIS2_PLACEMENT_3D('',#7790,#6493,#6494);
#6050=AXIS2_PLACEMENT_3D('',#7791,#6495,#6496);
#6051=AXIS2_PLACEMENT_3D('',#7793,#6497,#6498);
#6052=AXIS2_PLACEMENT_3D('',#7795,#6499,#6500);
#6053=AXIS2_PLACEMENT_3D('',#7801,#6504,#6505);
#6054=AXIS2_PLACEMENT_3D('',#7802,#6506,#6507);
#6055=AXIS2_PLACEMENT_3D('',#7808,#6511,#6512);
#6056=AXIS2_PLACEMENT_3D('',#7809,#6513,#6514);
#6057=AXIS2_PLACEMENT_3D('',#7810,#6515,#6516);
#6058=AXIS2_PLACEMENT_3D('',#7812,#6517,#6518);
#6059=AXIS2_PLACEMENT_3D('',#7814,#6519,#6520);
#6060=AXIS2_PLACEMENT_3D('',#7815,#6521,#6522);
#6061=AXIS2_PLACEMENT_3D('',#7817,#6523,#6524);
#6062=AXIS2_PLACEMENT_3D('',#7819,#6525,#6526);
#6063=AXIS2_PLACEMENT_3D('',#7820,#6527,#6528);
#6064=AXIS2_PLACEMENT_3D('',#7822,#6529,#6530);
#6065=AXIS2_PLACEMENT_3D('',#7824,#6531,#6532);
#6066=AXIS2_PLACEMENT_3D('',#7825,#6533,#6534);
#6067=AXIS2_PLACEMENT_3D('',#7827,#6535,#6536);
#6068=AXIS2_PLACEMENT_3D('',#7829,#6537,#6538);
#6069=AXIS2_PLACEMENT_3D('',#7830,#6539,#6540);
#6070=AXIS2_PLACEMENT_3D('',#7832,#6541,#6542);
#6071=AXIS2_PLACEMENT_3D('',#7834,#6543,#6544);
#6072=AXIS2_PLACEMENT_3D('',#7837,#6547,#6548);
#6073=AXIS2_PLACEMENT_3D('',#7840,#6551,#6552);
#6074=AXIS2_PLACEMENT_3D('',#7843,#6555,#6556);
#6075=AXIS2_PLACEMENT_3D('',#7844,#6557,#6558);
#6076=AXIS2_PLACEMENT_3D('',#7846,#6559,#6560);
#6077=AXIS2_PLACEMENT_3D('',#7848,#6561,#6562);
#6078=AXIS2_PLACEMENT_3D('',#7849,#6563,#6564);
#6079=AXIS2_PLACEMENT_3D('',#7851,#6565,#6566);
#6080=AXIS2_PLACEMENT_3D('',#7853,#6567,#6568);
#6081=AXIS2_PLACEMENT_3D('',#7854,#6569,#6570);
#6082=AXIS2_PLACEMENT_3D('',#7856,#6571,#6572);
#6083=AXIS2_PLACEMENT_3D('',#7858,#6573,#6574);
#6084=AXIS2_PLACEMENT_3D('',#7859,#6575,#6576);
#6085=AXIS2_PLACEMENT_3D('',#7861,#6577,#6578);
#6086=AXIS2_PLACEMENT_3D('',#7863,#6579,#6580);
#6087=AXIS2_PLACEMENT_3D('',#7866,#6583,#6584);
#6088=AXIS2_PLACEMENT_3D('',#7867,#6585,#6586);
#6089=AXIS2_PLACEMENT_3D('',#7869,#6587,#6588);
#6090=AXIS2_PLACEMENT_3D('',#7871,#6589,#6590);
#6091=AXIS2_PLACEMENT_3D('',#7872,#6591,#6592);
#6092=AXIS2_PLACEMENT_3D('',#7874,#6593,#6594);
#6093=AXIS2_PLACEMENT_3D('',#7876,#6595,#6596);
#6094=AXIS2_PLACEMENT_3D('',#7878,#6597,#6598);
#6095=AXIS2_PLACEMENT_3D('',#7880,#6599,#6600);
#6096=AXIS2_PLACEMENT_3D('',#7889,#6605,#6606);
#6097=AXIS2_PLACEMENT_3D('',#7895,#6610,#6611);
#6098=AXIS2_PLACEMENT_3D('',#7901,#6615,#6616);
#6099=AXIS2_PLACEMENT_3D('',#7910,#6621,#6622);
#6100=AXIS2_PLACEMENT_3D('',#7911,#6623,#6624);
#6101=AXIS2_PLACEMENT_3D('',#7915,#6626,#6627);
#6102=AXIS2_PLACEMENT_3D('',#7933,#6629,#6630);
#6103=AXIS2_PLACEMENT_3D('',#7939,#6634,#6635);
#6104=AXIS2_PLACEMENT_3D('',#7945,#6639,#6640);
#6105=AXIS2_PLACEMENT_3D('',#7951,#6644,#6645);
#6106=AXIS2_PLACEMENT_3D('',#7957,#6649,#6650);
#6107=AXIS2_PLACEMENT_3D('',#7963,#6654,#6655);
#6108=AXIS2_PLACEMENT_3D('',#7969,#6659,#6660);
#6109=AXIS2_PLACEMENT_3D('',#7975,#6664,#6665);
#6110=AXIS2_PLACEMENT_3D('',#7981,#6669,#6670);
#6111=AXIS2_PLACEMENT_3D('',#7987,#6674,#6675);
#6112=AXIS2_PLACEMENT_3D('',#7993,#6679,#6680);
#6113=AXIS2_PLACEMENT_3D('',#8033,#6686,#6687);
#6114=AXIS2_PLACEMENT_3D('',#8093,#6695,#6696);
#6115=AXIS2_PLACEMENT_3D('',#8094,#6697,#6698);
#6116=AXIS2_PLACEMENT_3D('',#8098,#6700,#6701);
#6117=AXIS2_PLACEMENT_3D('',#8099,#6702,#6703);
#6118=AXIS2_PLACEMENT_3D('',#8295,#6719,#6720);
#6119=AXIS2_PLACEMENT_3D('',#8386,#6729,#6730);
#6120=AXIS2_PLACEMENT_3D('',#8392,#6734,#6735);
#6121=AXIS2_PLACEMENT_3D('',#8398,#6739,#6740);
#6122=AXIS2_PLACEMENT_3D('',#8506,#6750,#6751);
#6123=AXIS2_PLACEMENT_3D('',#8614,#6761,#6762);
#6124=AXIS2_PLACEMENT_3D('',#8620,#6766,#6767);
#6125=AXIS2_PLACEMENT_3D('',#8629,#6772,#6773);
#6126=AXIS2_PLACEMENT_3D('',#8635,#6777,#6778);
#6127=AXIS2_PLACEMENT_3D('',#8641,#6782,#6783);
#6128=AXIS2_PLACEMENT_3D('',#8647,#6787,#6788);
#6129=AXIS2_PLACEMENT_3D('',#8653,#6792,#6793);
#6130=AXIS2_PLACEMENT_3D('',#8659,#6797,#6798);
#6131=AXIS2_PLACEMENT_3D('',#8665,#6802,#6803);
#6132=AXIS2_PLACEMENT_3D('',#8671,#6807,#6808);
#6133=AXIS2_PLACEMENT_3D('',#8677,#6812,#6813);
#6134=AXIS2_PLACEMENT_3D('',#8683,#6817,#6818);
#6135=AXIS2_PLACEMENT_3D('',#8709,#6824,#6825);
#6136=AXIS2_PLACEMENT_3D('',#8710,#6826,#6827);
#6137=AXIS2_PLACEMENT_3D('',#8714,#6829,#6830);
#6138=AXIS2_PLACEMENT_3D('',#8715,#6831,#6832);
#6139=AXIS2_PLACEMENT_3D('',#8716,#6833,#6834);
#6140=AXIS2_PLACEMENT_3D('',#8720,#6836,#6837);
#6141=AXIS2_PLACEMENT_3D('',#8721,#6838,#6839);
#6142=AXIS2_PLACEMENT_3D('',#8761,#6845,#6846);
#6143=AXIS2_PLACEMENT_3D('',#8767,#6850,#6851);
#6144=AXIS2_PLACEMENT_3D('',#8773,#6855,#6856);
#6145=AXIS2_PLACEMENT_3D('',#8850,#6865,#6866);
#6146=AXIS2_PLACEMENT_3D('',#8856,#6870,#6871);
#6147=AXIS2_PLACEMENT_3D('',#8862,#6875,#6876);
#6148=AXIS2_PLACEMENT_3D('',#8885,#6881,#6882);
#6149=AXIS2_PLACEMENT_3D('',#8886,#6883,#6884);
#6150=AXIS2_PLACEMENT_3D('',#8890,#6886,#6887);
#6151=AXIS2_PLACEMENT_3D('',#8942,#6891,#6892);
#6152=AXIS2_PLACEMENT_3D('',#8948,#6896,#6897);
#6153=AXIS2_PLACEMENT_3D('',#8954,#6901,#6902);
#6154=AXIS2_PLACEMENT_3D('',#8960,#6906,#6907);
#6155=AXIS2_PLACEMENT_3D('',#8966,#6911,#6912);
#6156=AXIS2_PLACEMENT_3D('',#8972,#6916,#6917);
#6157=AXIS2_PLACEMENT_3D('',#8973,#6918,#6919);
#6158=AXIS2_PLACEMENT_3D('',#8977,#6921,#6922);
#6159=AXIS2_PLACEMENT_3D('',#8978,#6923,#6924);
#6160=AXIS2_PLACEMENT_3D('',#8987,#6929,#6930);
#6161=AXIS2_PLACEMENT_3D('',#8993,#6934,#6935);
#6162=AXIS2_PLACEMENT_3D('',#8999,#6939,#6940);
#6163=AXIS2_PLACEMENT_3D('',#9005,#6944,#6945);
#6164=AXIS2_PLACEMENT_3D('',#9011,#6949,#6950);
#6165=AXIS2_PLACEMENT_3D('',#9017,#6954,#6955);
#6166=AXIS2_PLACEMENT_3D('',#9023,#6959,#6960);
#6167=AXIS2_PLACEMENT_3D('',#9029,#6964,#6965);
#6168=AXIS2_PLACEMENT_3D('',#9035,#6969,#6970);
#6169=AXIS2_PLACEMENT_3D('',#9041,#6974,#6975);
#6170=AXIS2_PLACEMENT_3D('',#9135,#6985,#6986);
#6171=AXIS2_PLACEMENT_3D('',#9141,#6990,#6991);
#6172=AXIS2_PLACEMENT_3D('',#9215,#6999,#7000);
#6173=AXIS2_PLACEMENT_3D('',#9272,#7007,#7008);
#6174=AXIS2_PLACEMENT_3D('',#9312,#7014,#7015);
#6175=AXIS2_PLACEMENT_3D('',#9313,#7016,#7017);
#6176=AXIS2_PLACEMENT_3D('',#9317,#7019,#7020);
#6177=AXIS2_PLACEMENT_3D('',#9318,#7021,#7022);
#6178=AXIS2_PLACEMENT_3D('',#9324,#7026,#7027);
#6179=AXIS2_PLACEMENT_3D('',#9325,#7028,#7029);
#6180=AXIS2_PLACEMENT_3D('',#9329,#7031,#7032);
#6181=AXIS2_PLACEMENT_3D('',#9364,#7035,#7036);
#6182=AXIS2_PLACEMENT_3D('',#9370,#7040,#7041);
#6183=AXIS2_PLACEMENT_3D('',#9379,#7046,#7047);
#6184=AXIS2_PLACEMENT_3D('',#9385,#7051,#7052);
#6185=AXIS2_PLACEMENT_3D('',#9386,#7053,#7054);
#6186=AXIS2_PLACEMENT_3D('',#9390,#7056,#7057);
#6187=AXIS2_PLACEMENT_3D('',#9391,#7058,#7059);
#6188=AXIS2_PLACEMENT_3D('',#9392,#7060,#7061);
#6189=AXIS2_PLACEMENT_3D('',#9396,#7063,#7064);
#6190=AXIS2_PLACEMENT_3D('',#9397,#7065,#7066);
#6191=AXIS2_PLACEMENT_3D('',#9403,#7070,#7071);
#6192=AXIS2_PLACEMENT_3D('',#9409,#7075,#7076);
#6193=AXIS2_PLACEMENT_3D('',#9415,#7080,#7081);
#6194=AXIS2_PLACEMENT_3D('',#9421,#7085,#7086);
#6195=AXIS2_PLACEMENT_3D('',#9427,#7090,#7091);
#6196=AXIS2_PLACEMENT_3D('',#9433,#7095,#7096);
#6197=AXIS2_PLACEMENT_3D('',#9439,#7100,#7101);
#6198=AXIS2_PLACEMENT_3D('',#9445,#7105,#7106);
#6199=AXIS2_PLACEMENT_3D('',#9451,#7110,#7111);
#6200=AXIS2_PLACEMENT_3D('',#9457,#7115,#7116);
#6201=AXIS2_PLACEMENT_3D('',#9463,#7120,#7121);
#6202=AXIS2_PLACEMENT_3D('',#9469,#7125,#7126);
#6203=AXIS2_PLACEMENT_3D('',#9470,#7127,#7128);
#6204=AXIS2_PLACEMENT_3D('',#9474,#7130,#7131);
#6205=AXIS2_PLACEMENT_3D('',#9475,#7132,#7133);
#6206=AXIS2_PLACEMENT_3D('',#9476,#7134,#7135);
#6207=AXIS2_PLACEMENT_3D('',#9480,#7137,#7138);
#6208=AXIS2_PLACEMENT_3D('',#9481,#7139,#7140);
#6209=AXIS2_PLACEMENT_3D('',#9482,#7141,#7142);
#6210=AXIS2_PLACEMENT_3D('',#9486,#7144,#7145);
#6211=AXIS2_PLACEMENT_3D('',#9487,#7146,#7147);
#6212=AXIS2_PLACEMENT_3D('',#9488,#7148,#7149);
#6213=AXIS2_PLACEMENT_3D('',#9492,#7151,#7152);
#6214=AXIS2_PLACEMENT_3D('',#9493,#7153,#7154);
#6215=AXIS2_PLACEMENT_3D('',#9499,#7158,#7159);
#6216=AXIS2_PLACEMENT_3D('',#9505,#7163,#7164);
#6217=AXIS2_PLACEMENT_3D('',#9506,#7165,#7166);
#6218=AXIS2_PLACEMENT_3D('',#9507,#7167,#7168);
#6219=AXIS2_PLACEMENT_3D('',#9508,#7169,#7170);
#6220=AXIS2_PLACEMENT_3D('',#9525,#7173,#7174);
#6221=AXIS2_PLACEMENT_3D('',#9528,#7177,#7178);
#6222=AXIS2_PLACEMENT_3D('',#9531,#7181,#7182);
#6223=AXIS2_PLACEMENT_3D('',#9534,#7185,#7186);
#6224=AXIS2_PLACEMENT_3D('',#9551,#7189,#7190);
#6225=AXIS2_PLACEMENT_3D('',#9554,#7193,#7194);
#6226=AXIS2_PLACEMENT_3D('',#9557,#7197,#7198);
#6227=AXIS2_PLACEMENT_3D('',#9558,#7199,#7200);
#6228=AXIS2_PLACEMENT_3D('',#9559,#7201,#7202);
#6229=AXIS2_PLACEMENT_3D('',#9560,#7203,#7204);
#6230=AXIS2_PLACEMENT_3D('',#9561,#7205,#7206);
#6231=AXIS2_PLACEMENT_3D('',#9562,#7207,#7208);
#6232=AXIS2_PLACEMENT_3D('',#9563,#7209,#7210);
#6233=AXIS2_PLACEMENT_3D('',#9564,#7211,#7212);
#6234=AXIS2_PLACEMENT_3D('',#9565,#7213,#7214);
#6235=AXIS2_PLACEMENT_3D('',#9566,#7215,#7216);
#6236=AXIS2_PLACEMENT_3D('',#9567,#7217,#7218);
#6237=AXIS2_PLACEMENT_3D('',#9568,#7219,#7220);
#6238=AXIS2_PLACEMENT_3D('',#9570,#7221,#7222);
#6239=AXIS2_PLACEMENT_3D('',#9571,#7223,#7224);
#6240=AXIS2_PLACEMENT_3D('',#9573,#7225,#7226);
#6241=AXIS2_PLACEMENT_3D('',#9574,#7227,#7228);
#6242=AXIS2_PLACEMENT_3D('',#9576,#7229,#7230);
#6243=AXIS2_PLACEMENT_3D('',#9577,#7231,#7232);
#6244=AXIS2_PLACEMENT_3D('',#9633,#7237,#7238);
#6245=AXIS2_PLACEMENT_3D('',#9639,#7242,#7243);
#6246=AXIS2_PLACEMENT_3D('',#9645,#7247,#7248);
#6247=AXIS2_PLACEMENT_3D('',#9651,#7252,#7253);
#6248=AXIS2_PLACEMENT_3D('',#9657,#7257,#7258);
#6249=AXIS2_PLACEMENT_3D('',#9663,#7262,#7263);
#6250=AXIS2_PLACEMENT_3D('',#9672,#7268,#7269);
#6251=AXIS2_PLACEMENT_3D('',#9678,#7273,#7274);
#6252=AXIS2_PLACEMENT_3D('',#9701,#7279,#7280);
#6253=AXIS2_PLACEMENT_3D('',#9702,#7281,#7282);
#6254=AXIS2_PLACEMENT_3D('',#9706,#7284,#7285);
#6255=AXIS2_PLACEMENT_3D('',#9724,#7287,#7288);
#6256=AXIS2_PLACEMENT_3D('',#9730,#7292,#7293);
#6257=AXIS2_PLACEMENT_3D('',#9736,#7297,#7298);
#6258=AXIS2_PLACEMENT_3D('',#9742,#7302,#7303);
#6259=AXIS2_PLACEMENT_3D('',#9748,#7307,#7308);
#6260=AXIS2_PLACEMENT_3D('',#9749,#7309,#7310);
#6261=AXIS2_PLACEMENT_3D('',#9753,#7312,#7313);
#6262=AXIS2_PLACEMENT_3D('',#9754,#7314,#7315);
#6263=AXIS2_PLACEMENT_3D('',#9755,#7316,#7317);
#6264=AXIS2_PLACEMENT_3D('',#9759,#7319,#7320);
#6265=AXIS2_PLACEMENT_3D('',#9777,#7322,#7323);
#6266=AXIS2_PLACEMENT_3D('',#9783,#7327,#7328);
#6267=AXIS2_PLACEMENT_3D('',#9806,#7333,#7334);
#6268=AXIS2_PLACEMENT_3D('',#9812,#7338,#7339);
#6269=AXIS2_PLACEMENT_3D('',#9813,#7340,#7341);
#6270=AXIS2_PLACEMENT_3D('',#9817,#7343,#7344);
#6271=AXIS2_PLACEMENT_3D('',#9835,#7346,#7347);
#6272=AXIS2_PLACEMENT_3D('',#9844,#7352,#7353);
#6273=AXIS2_PLACEMENT_3D('',#9867,#7358,#7359);
#6274=AXIS2_PLACEMENT_3D('',#9868,#7360,#7361);
#6275=AXIS2_PLACEMENT_3D('',#9872,#7363,#7364);
#6276=AXIS2_PLACEMENT_3D('',#9873,#7365,#7366);
#6277=AXIS2_PLACEMENT_3D('',#9874,#7367,#7368);
#6278=AXIS2_PLACEMENT_3D('',#9878,#7370,#7371);
#6279=AXIS2_PLACEMENT_3D('',#9879,#7372,#7373);
#6280=AXIS2_PLACEMENT_3D('',#9880,#7374,#7375);
#6281=AXIS2_PLACEMENT_3D('',#9884,#7377,#7378);
#6282=AXIS2_PLACEMENT_3D('',#9987,#7385,#7386);
#6283=AXIS2_PLACEMENT_3D('',#10146,#7399,#7400);
#6284=AXIS2_PLACEMENT_3D('',#10152,#7404,#7405);
#6285=AXIS2_PLACEMENT_3D('',#10161,#7410,#7411);
#6286=AXIS2_PLACEMENT_3D('',#10167,#7415,#7416);
#6287=AXIS2_PLACEMENT_3D('',#10173,#7420,#7421);
#6288=AXIS2_PLACEMENT_3D('',#10182,#7426,#7427);
#6289=AXIS2_PLACEMENT_3D('',#10188,#7431,#7432);
#6290=AXIS2_PLACEMENT_3D('',#10194,#7436,#7437);
#6291=AXIS2_PLACEMENT_3D('',#10203,#7442,#7443);
#6292=AXIS2_PLACEMENT_3D('',#10209,#7447,#7448);
#6293=AXIS2_PLACEMENT_3D('',#10215,#7452,#7453);
#6294=AXIS2_PLACEMENT_3D('',#10218,#7456,#7457);
#6295=AXIS2_PLACEMENT_3D('',#10221,#7460,#7461);
#6296=AXIS2_PLACEMENT_3D('',#10224,#7464,#7465);
#6297=AXIS2_PLACEMENT_3D('',#10227,#7468,#7469);
#6298=AXIS2_PLACEMENT_3D('',#10244,#7472,#7473);
#6299=AXIS2_PLACEMENT_3D('',#10245,#7474,#7475);
#6300=AXIS2_PLACEMENT_3D('',#10246,#7476,#7477);
#6301=AXIS2_PLACEMENT_3D('',#10247,#7478,#7479);
#6302=AXIS2_PLACEMENT_3D('',#10248,#7480,#7481);
#6303=AXIS2_PLACEMENT_3D('',#10249,#7482,#7483);
#6304=AXIS2_PLACEMENT_3D('',#10250,#7484,#7485);
#6305=AXIS2_PLACEMENT_3D('',#10252,#7487,#7488);
#6306=AXIS2_PLACEMENT_3D('',#10254,#7490,#7491);
#6307=AXIS2_PLACEMENT_3D('',#10256,#7493,#7494);
#6308=AXIS2_PLACEMENT_3D('',#10258,#7496,#7497);
#6309=AXIS2_PLACEMENT_3D('',#10260,#7499,#7500);
#6310=AXIS2_PLACEMENT_3D('',#10262,#7502,#7503);
#6311=AXIS2_PLACEMENT_3D('',#10264,#7505,#7506);
#6312=AXIS2_PLACEMENT_3D('',#10266,#7508,#7509);
#6313=DIRECTION('',(0.,0.,1.));
#6314=DIRECTION('',(1.,0.,0.));
#6315=DIRECTION('',(-0.706883907810166,0.707329584337478,0.));
#6316=DIRECTION('',(-0.707329584337478,-0.706883907810166,0.));
#6317=DIRECTION('',(0.707329584337478,0.706883907810166,0.));
#6318=DIRECTION('',(0.,0.,-1.));
#6319=DIRECTION('',(0.707329584337478,0.706883907810166,0.));
#6320=DIRECTION('',(0.,0.,-1.));
#6321=DIRECTION('',(-0.707329584337478,-0.706883907810166,0.));
#6322=DIRECTION('',(0.706883907810166,-0.707329584337478,0.));
#6323=DIRECTION('',(-0.706883907810166,0.707329584337478,0.));
#6324=DIRECTION('',(0.,0.,-1.));
#6325=DIRECTION('',(-0.707329584337478,-0.706883907810166,0.));
#6326=DIRECTION('',(0.706883907810166,-0.707329584337478,0.));
#6327=DIRECTION('',(0.,0.,-1.));
#6328=DIRECTION('',(-0.706883907810166,0.707329584337478,0.));
#6329=DIRECTION('',(-0.706883907810165,0.707329584337478,0.));
#6330=DIRECTION('',(-0.707329584337478,-0.706883907810165,0.));
#6331=DIRECTION('',(0.,0.,-1.));
#6332=DIRECTION('',(0.707329584337478,0.706883907810165,0.));
#6333=DIRECTION('',(0.707329584337478,0.706883907810165,0.));
#6334=DIRECTION('',(0.707108195398692,0.707105366971575,0.));
#6335=DIRECTION('',(-0.707105366971575,0.707108195398692,0.));
#6336=DIRECTION('',(0.707105366971575,-0.707108195398692,0.));
#6337=DIRECTION('',(0.,0.,-1.));
#6338=DIRECTION('',(0.707105366971575,-0.707108195398692,0.));
#6339=DIRECTION('',(0.,0.,-1.));
#6340=DIRECTION('',(0.707105366971573,-0.707108195398694,0.));
#6341=DIRECTION('',(0.707108195398694,0.707105366971573,0.));
#6342=DIRECTION('',(-0.707108195398694,-0.707105366971573,0.));
#6343=DIRECTION('',(0.,0.,-1.));
#6344=DIRECTION('',(0.707105366971573,-0.707108195398694,0.));
#6345=DIRECTION('',(0.707108195398694,0.707105366971573,0.));
#6346=DIRECTION('',(0.,0.,-1.));
#6347=DIRECTION('',(-0.707108195398694,-0.707105366971573,0.));
#6348=DIRECTION('',(-0.707108195398692,-0.707105366971575,0.));
#6349=DIRECTION('',(0.707105366971575,-0.707108195398692,0.));
#6350=DIRECTION('',(0.,0.,-1.));
#6351=DIRECTION('',(-0.707105366971575,0.707108195398692,0.));
#6352=DIRECTION('',(-0.707105366971575,0.707108195398692,0.));
#6353=DIRECTION('',(-0.706856574315504,0.707356899554214,0.));
#6354=DIRECTION('',(-0.707356899554214,-0.706856574315504,0.));
#6355=DIRECTION('',(0.707356899554214,0.706856574315504,0.));
#6356=DIRECTION('',(0.,0.,-1.));
#6357=DIRECTION('',(0.707356899554214,0.706856574315504,0.));
#6358=DIRECTION('',(0.,0.,-1.));
#6359=DIRECTION('',(-0.706856574315504,0.707356899554214,0.));
#6360=DIRECTION('',(-0.707356899554214,-0.706856574315504,0.));
#6361=DIRECTION('',(0.,0.,-1.));
#6362=DIRECTION('',(0.707356899554216,0.706856574315502,0.));
#6363=DIRECTION('',(-0.706856574315502,0.707356899554216,0.));
#6364=DIRECTION('',(0.706856574315502,-0.707356899554216,0.));
#6365=DIRECTION('',(0.,0.,-1.));
#6366=DIRECTION('',(0.706856574315502,-0.707356899554216,0.));
#6367=DIRECTION('',(0.706856574315502,-0.707356899554216,0.));
#6368=DIRECTION('',(0.707356899554216,0.706856574315502,0.));
#6369=DIRECTION('',(-0.707356899554216,-0.706856574315502,0.));
#6370=DIRECTION('',(0.,0.,-1.));
#6371=DIRECTION('',(0.706856574315502,-0.707356899554216,0.));
#6372=DIRECTION('',(0.707356899554216,0.706856574315502,0.));
#6373=DIRECTION('',(0.,0.,-1.));
#6374=DIRECTION('',(-0.707356899554216,-0.706856574315502,0.));
#6375=DIRECTION('',(-0.70710678118372,-0.707106781189375,0.));
#6376=DIRECTION('',(0.707106781189375,-0.70710678118372,0.));
#6377=DIRECTION('',(-0.707106781189375,0.70710678118372,0.));
#6378=DIRECTION('',(0.,0.,-1.));
#6379=DIRECTION('',(-0.707106781189375,0.70710678118372,0.));
#6380=DIRECTION('',(0.,0.,-1.));
#6381=DIRECTION('',(-0.70710678118372,-0.707106781189375,0.));
#6382=DIRECTION('',(0.707106781189375,-0.70710678118372,0.));
#6383=DIRECTION('',(0.,0.,-1.));
#6384=DIRECTION('',(-0.707106781189375,0.707106781183721,0.));
#6385=DIRECTION('',(-0.70710678118372,-0.707106781189375,0.));
#6386=DIRECTION('',(0.707106781183721,0.707106781189375,0.));
#6387=DIRECTION('',(0.,0.,-1.));
#6388=DIRECTION('',(0.707106781183721,0.707106781189375,0.));
#6389=DIRECTION('',(0.707106781183721,0.707106781189374,0.));
#6390=DIRECTION('',(-0.707106781189374,0.707106781183721,0.));
#6391=DIRECTION('',(0.707106781189374,-0.707106781183721,0.));
#6392=DIRECTION('',(0.,0.,-1.));
#6393=DIRECTION('',(0.707106781183721,0.707106781189374,0.));
#6394=DIRECTION('',(-0.707106781189374,0.707106781183721,0.));
#6395=DIRECTION('',(0.,0.,-1.));
#6396=DIRECTION('',(0.707106781189374,-0.707106781183721,0.));
#6397=DIRECTION('',(-1.,0.,0.));
#6398=DIRECTION('',(0.,0.,1.));
#6399=DIRECTION('',(0.,1.,0.));
#6400=DIRECTION('',(0.,0.,-1.));
#6401=DIRECTION('',(0.,1.,0.));
#6402=DIRECTION('',(0.,0.,-1.));
#6403=DIRECTION('',(0.,0.,-1.));
#6404=DIRECTION('',(-1.,0.,0.));
#6405=DIRECTION('',(0.,0.,1.));
#6406=DIRECTION('',(0.,1.,0.));
#6407=DIRECTION('',(0.,0.,-1.));
#6408=DIRECTION('',(0.,1.,0.));
#6409=DIRECTION('',(0.,0.,-1.));
#6410=DIRECTION('',(0.,1.,0.));
#6411=DIRECTION('',(0.,0.,1.));
#6412=DIRECTION('',(1.,0.,0.));
#6413=DIRECTION('',(0.,0.,-1.));
#6414=DIRECTION('',(1.,0.,0.));
#6415=DIRECTION('',(0.,0.,-1.));
#6416=DIRECTION('',(1.,0.,0.));
#6417=DIRECTION('',(0.,0.,-1.));
#6418=DIRECTION('',(0.,-1.,0.));
#6419=DIRECTION('',(0.,0.,-1.));
#6420=DIRECTION('',(0.,-1.,0.));
#6421=DIRECTION('',(0.,0.,-1.));
#6422=DIRECTION('',(1.,0.,0.));
#6423=DIRECTION('',(0.,0.,-1.));
#6424=DIRECTION('',(0.,-1.,0.));
#6425=DIRECTION('',(0.,0.,-1.));
#6426=DIRECTION('',(0.,-1.,0.));
#6427=DIRECTION('',(6.78978197765909E-15,-1.,0.));
#6428=DIRECTION('',(1.,6.78978197765909E-15,0.));
#6429=DIRECTION('',(-1.,-6.78978197765909E-15,0.));
#6430=DIRECTION('',(0.,0.,-1.));
#6431=DIRECTION('',(-1.,-6.78978197765909E-15,0.));
#6432=DIRECTION('',(0.,0.,-1.));
#6433=DIRECTION('',(-0.707106781189375,0.70710678118372,0.));
#6434=DIRECTION('',(-0.70710678118372,-0.707106781189375,0.));
#6435=DIRECTION('',(0.70710678118372,0.707106781189375,0.));
#6436=DIRECTION('',(0.,0.,-1.));
#6437=DIRECTION('',(0.70710678118372,0.707106781189375,0.));
#6438=DIRECTION('',(1.,5.1188361562145E-16,0.));
#6439=DIRECTION('',(-5.1188361562145E-16,1.,0.));
#6440=DIRECTION('',(5.1188361562145E-16,-1.,0.));
#6441=DIRECTION('',(0.,0.,-1.));
#6442=DIRECTION('',(5.1188361562145E-16,-1.,0.));
#6443=DIRECTION('',(0.707108195398687,0.70710536697158,0.));
#6444=DIRECTION('',(-0.70710536697158,0.707108195398687,0.));
#6445=DIRECTION('',(0.70710536697158,-0.707108195398687,0.));
#6446=DIRECTION('',(0.,0.,-1.));
#6447=DIRECTION('',(0.70710536697158,-0.707108195398687,0.));
#6448=DIRECTION('',(0.000413337999623922,0.999999914575845,0.));
#6449=DIRECTION('',(-0.999999914575845,0.000413337999623922,0.));
#6450=DIRECTION('',(0.999999914575845,-0.000413337999623922,0.));
#6451=DIRECTION('',(0.,0.,-1.));
#6452=DIRECTION('',(0.999999914575845,-0.000413337999623922,0.));
#6453=DIRECTION('',(0.707206989204131,-0.707006558965918,0.));
#6454=DIRECTION('',(0.707006558965918,0.707206989204131,0.));
#6455=DIRECTION('',(-0.707006558965918,-0.707206989204131,0.));
#6456=DIRECTION('',(0.,0.,-1.));
#6457=DIRECTION('',(-0.707006558965918,-0.707206989204131,0.));
#6458=DIRECTION('',(0.999998695199673,-0.0016154253159418,0.));
#6459=DIRECTION('',(0.0016154253159418,0.999998695199673,0.));
#6460=DIRECTION('',(-0.0016154253159418,-0.999998695199673,0.));
#6461=DIRECTION('',(0.,0.,-1.));
#6462=DIRECTION('',(-0.0016154253159418,-0.999998695199673,0.));
#6463=DIRECTION('',(0.,0.,-1.));
#6464=DIRECTION('',(-1.,0.,0.));
#6465=DIRECTION('',(0.,0.,1.));
#6466=DIRECTION('',(1.,0.,0.));
#6467=DIRECTION('',(0.,0.,1.));
#6468=DIRECTION('',(1.,0.,0.));
#6469=DIRECTION('',(0.,0.,-1.));
#6470=DIRECTION('',(-1.,0.,0.));
#6471=DIRECTION('',(0.,0.,1.));
#6472=DIRECTION('',(1.,0.,0.));
#6473=DIRECTION('',(0.,0.,1.));
#6474=DIRECTION('',(1.,0.,0.));
#6475=DIRECTION('',(0.,0.,-1.));
#6476=DIRECTION('',(-1.,0.,0.));
#6477=DIRECTION('',(0.,0.,1.));
#6478=DIRECTION('',(1.,0.,0.));
#6479=DIRECTION('',(0.,0.,1.));
#6480=DIRECTION('',(1.,0.,0.));
#6481=DIRECTION('',(0.,0.,-1.));
#6482=DIRECTION('',(-1.,0.,0.));
#6483=DIRECTION('',(0.,0.,1.));
#6484=DIRECTION('',(1.,0.,0.));
#6485=DIRECTION('',(0.,0.,1.));
#6486=DIRECTION('',(1.,0.,0.));
#6487=DIRECTION('',(0.,0.,-1.));
#6488=DIRECTION('',(-1.,0.,0.));
#6489=DIRECTION('',(0.,0.,1.));
#6490=DIRECTION('',(1.,0.,0.));
#6491=DIRECTION('',(0.,0.,1.));
#6492=DIRECTION('',(1.,0.,0.));
#6493=DIRECTION('',(0.,0.,-1.));
#6494=DIRECTION('',(-1.,0.,0.));
#6495=DIRECTION('',(0.,0.,1.));
#6496=DIRECTION('',(1.,0.,0.));
#6497=DIRECTION('',(0.,0.,1.));
#6498=DIRECTION('',(1.,0.,0.));
#6499=DIRECTION('',(0.70732958433748,0.706883907810164,0.));
#6500=DIRECTION('',(-0.706883907810164,0.70732958433748,0.));
#6501=DIRECTION('',(0.706883907810164,-0.70732958433748,0.));
#6502=DIRECTION('',(0.706883907810164,-0.70732958433748,0.));
#6503=DIRECTION('',(0.,0.,-1.));
#6504=DIRECTION('',(0.70732958433748,0.706883907810164,0.));
#6505=DIRECTION('',(-0.706883907810164,0.70732958433748,0.));
#6506=DIRECTION('',(-0.707105366971575,0.707108195398692,0.));
#6507=DIRECTION('',(-0.707108195398692,-0.707105366971575,0.));
#6508=DIRECTION('',(0.707108195398692,0.707105366971575,0.));
#6509=DIRECTION('',(0.707108195398692,0.707105366971575,0.));
#6510=DIRECTION('',(0.,0.,-1.));
#6511=DIRECTION('',(-0.707105366971575,0.707108195398692,0.));
#6512=DIRECTION('',(-0.707108195398692,-0.707105366971575,0.));
#6513=DIRECTION('',(0.,0.,-1.));
#6514=DIRECTION('',(-1.,0.,0.));
#6515=DIRECTION('',(0.,0.,1.));
#6516=DIRECTION('',(1.,0.,0.));
#6517=DIRECTION('',(0.,0.,1.));
#6518=DIRECTION('',(1.,0.,0.));
#6519=DIRECTION('',(0.,0.,-1.));
#6520=DIRECTION('',(-1.,0.,0.));
#6521=DIRECTION('',(0.,0.,1.));
#6522=DIRECTION('',(1.,0.,0.));
#6523=DIRECTION('',(0.,0.,1.));
#6524=DIRECTION('',(1.,0.,0.));
#6525=DIRECTION('',(0.,0.,-1.));
#6526=DIRECTION('',(-1.,0.,0.));
#6527=DIRECTION('',(0.,0.,1.));
#6528=DIRECTION('',(1.,0.,0.));
#6529=DIRECTION('',(0.,0.,1.));
#6530=DIRECTION('',(1.,0.,0.));
#6531=DIRECTION('',(0.,0.,-1.));
#6532=DIRECTION('',(-1.,0.,0.));
#6533=DIRECTION('',(0.,0.,1.));
#6534=DIRECTION('',(1.,0.,0.));
#6535=DIRECTION('',(0.,0.,1.));
#6536=DIRECTION('',(1.,0.,0.));
#6537=DIRECTION('',(0.,0.,-1.));
#6538=DIRECTION('',(-1.,0.,0.));
#6539=DIRECTION('',(0.,0.,1.));
#6540=DIRECTION('',(1.,0.,0.));
#6541=DIRECTION('',(0.,0.,1.));
#6542=DIRECTION('',(1.,0.,0.));
#6543=DIRECTION('',(-0.707356899554216,-0.706856574315502,0.));
#6544=DIRECTION('',(0.706856574315502,-0.707356899554216,0.));
#6545=DIRECTION('',(-0.706856574315502,0.707356899554216,0.));
#6546=DIRECTION('',(-0.706856574315502,0.707356899554216,0.));
#6547=DIRECTION('',(0.707106781189374,-0.707106781183721,0.));
#6548=DIRECTION('',(0.707106781183721,0.707106781189374,0.));
#6549=DIRECTION('',(-0.707106781183721,-0.707106781189374,0.));
#6550=DIRECTION('',(-0.707106781183721,-0.707106781189374,0.));
#6551=DIRECTION('',(0.,-1.,0.));
#6552=DIRECTION('',(0.,0.,-1.));
#6553=DIRECTION('',(-1.,0.,0.));
#6554=DIRECTION('',(-1.,0.,0.));
#6555=DIRECTION('',(0.,0.,-1.));
#6556=DIRECTION('',(-1.,0.,0.));
#6557=DIRECTION('',(0.,0.,1.));
#6558=DIRECTION('',(1.,0.,0.));
#6559=DIRECTION('',(0.,0.,1.));
#6560=DIRECTION('',(1.,0.,0.));
#6561=DIRECTION('',(0.,0.,-1.));
#6562=DIRECTION('',(-1.,0.,0.));
#6563=DIRECTION('',(0.,0.,1.));
#6564=DIRECTION('',(1.,0.,0.));
#6565=DIRECTION('',(0.,0.,1.));
#6566=DIRECTION('',(1.,0.,0.));
#6567=DIRECTION('',(0.,0.,-1.));
#6568=DIRECTION('',(-1.,0.,0.));
#6569=DIRECTION('',(0.,0.,1.));
#6570=DIRECTION('',(1.,0.,0.));
#6571=DIRECTION('',(0.,0.,1.));
#6572=DIRECTION('',(1.,0.,0.));
#6573=DIRECTION('',(0.,0.,-1.));
#6574=DIRECTION('',(-1.,0.,0.));
#6575=DIRECTION('',(0.,0.,1.));
#6576=DIRECTION('',(1.,0.,0.));
#6577=DIRECTION('',(0.,0.,1.));
#6578=DIRECTION('',(1.,0.,0.));
#6579=DIRECTION('',(-0.707373827964504,-0.706839633517281,0.));
#6580=DIRECTION('',(0.706839633517281,-0.707373827964504,0.));
#6581=DIRECTION('',(-0.706839633517281,0.707373827964504,0.));
#6582=DIRECTION('',(-0.706839633517281,0.707373827964504,0.));
#6583=DIRECTION('',(0.,0.,-1.));
#6584=DIRECTION('',(-1.,0.,0.));
#6585=DIRECTION('',(0.,0.,1.));
#6586=DIRECTION('',(1.,0.,0.));
#6587=DIRECTION('',(0.,0.,1.));
#6588=DIRECTION('',(1.,0.,0.));
#6589=DIRECTION('',(0.,0.,1.));
#6590=DIRECTION('',(1.,0.,0.));
#6591=DIRECTION('',(0.,0.,1.));
#6592=DIRECTION('',(1.,0.,0.));
#6593=DIRECTION('',(0.,0.,1.));
#6594=DIRECTION('',(1.,0.,0.));
#6595=DIRECTION('',(0.,0.,1.));
#6596=DIRECTION('',(1.,0.,0.));
#6597=DIRECTION('',(0.,0.,1.));
#6598=DIRECTION('',(1.,0.,0.));
#6599=DIRECTION('',(0.,1.,0.));
#6600=DIRECTION('',(0.,0.,1.));
#6601=DIRECTION('',(1.,0.,0.));
#6602=DIRECTION('',(0.,0.,-1.));
#6603=DIRECTION('',(1.,0.,0.));
#6604=DIRECTION('',(0.,0.,-1.));
#6605=DIRECTION('',(1.,0.,0.));
#6606=DIRECTION('',(0.,0.,-1.));
#6607=DIRECTION('',(0.,-1.,0.));
#6608=DIRECTION('',(0.,0.,-1.));
#6609=DIRECTION('',(0.,-1.,0.));
#6610=DIRECTION('',(0.,1.,0.));
#6611=DIRECTION('',(0.,0.,1.));
#6612=DIRECTION('',(1.,0.,0.));
#6613=DIRECTION('',(0.,0.,-1.));
#6614=DIRECTION('',(1.,0.,0.));
#6615=DIRECTION('',(1.,0.,0.));
#6616=DIRECTION('',(0.,0.,-1.));
#6617=DIRECTION('',(0.,-1.,0.));
#6618=DIRECTION('',(0.,0.,-1.));
#6619=DIRECTION('',(0.,-1.,0.));
#6620=DIRECTION('',(0.,0.,-1.));
#6621=DIRECTION('',(0.,0.,-1.));
#6622=DIRECTION('',(0.131062885279602,-0.991374056601334,0.));
#6623=DIRECTION('',(0.,0.,-1.));
#6624=DIRECTION('',(-1.,0.,0.));
#6625=DIRECTION('',(0.,0.,-1.));
#6626=DIRECTION('',(0.,0.,-1.));
#6627=DIRECTION('',(-1.,0.,0.));
#6628=DIRECTION('',(0.,0.,-1.));
#6629=DIRECTION('',(-1.,0.,0.));
#6630=DIRECTION('',(0.,0.,1.));
#6631=DIRECTION('',(0.,1.,0.));
#6632=DIRECTION('',(0.,0.,-1.));
#6633=DIRECTION('',(0.,1.,0.));
#6634=DIRECTION('',(0.,-1.,0.));
#6635=DIRECTION('',(0.,0.,-1.));
#6636=DIRECTION('',(-1.,0.,0.));
#6637=DIRECTION('',(0.,0.,-1.));
#6638=DIRECTION('',(-1.,0.,0.));
#6639=DIRECTION('',(-1.,0.,0.));
#6640=DIRECTION('',(0.,0.,1.));
#6641=DIRECTION('',(0.,1.,0.));
#6642=DIRECTION('',(0.,0.,-1.));
#6643=DIRECTION('',(0.,1.,0.));
#6644=DIRECTION('',(0.,1.,0.));
#6645=DIRECTION('',(0.,0.,1.));
#6646=DIRECTION('',(1.,0.,0.));
#6647=DIRECTION('',(0.,0.,-1.));
#6648=DIRECTION('',(1.,0.,0.));
#6649=DIRECTION('',(-0.976790456584194,0.214197114653865,0.));
#6650=DIRECTION('',(-0.214197114653865,-0.976790456584194,0.));
#6651=DIRECTION('',(0.214197114653865,0.976790456584194,0.));
#6652=DIRECTION('',(0.,0.,-1.));
#6653=DIRECTION('',(0.214197114653865,0.976790456584194,0.));
#6654=DIRECTION('',(0.,1.,0.));
#6655=DIRECTION('',(0.,0.,1.));
#6656=DIRECTION('',(1.,0.,0.));
#6657=DIRECTION('',(0.,0.,-1.));
#6658=DIRECTION('',(1.,0.,0.));
#6659=DIRECTION('',(1.,0.,0.));
#6660=DIRECTION('',(0.,0.,-1.));
#6661=DIRECTION('',(0.,-1.,0.));
#6662=DIRECTION('',(0.,0.,-1.));
#6663=DIRECTION('',(0.,-1.,0.));
#6664=DIRECTION('',(0.,1.,0.));
#6665=DIRECTION('',(0.,0.,1.));
#6666=DIRECTION('',(1.,0.,0.));
#6667=DIRECTION('',(0.,0.,-1.));
#6668=DIRECTION('',(1.,0.,0.));
#6669=DIRECTION('',(1.,0.,0.));
#6670=DIRECTION('',(0.,0.,-1.));
#6671=DIRECTION('',(0.,-1.,0.));
#6672=DIRECTION('',(0.,0.,-1.));
#6673=DIRECTION('',(0.,-1.,0.));
#6674=DIRECTION('',(0.,-1.,0.));
#6675=DIRECTION('',(0.,0.,-1.));
#6676=DIRECTION('',(-1.,0.,0.));
#6677=DIRECTION('',(0.,0.,-1.));
#6678=DIRECTION('',(-1.,0.,0.));
#6679=DIRECTION('',(1.,0.,0.));
#6680=DIRECTION('',(0.,0.,-1.));
#6681=DIRECTION('',(0.,-1.,0.));
#6682=DIRECTION('',(0.,0.,-1.));
#6683=DIRECTION('',(0.,-1.,0.));
#6684=DIRECTION('',(0.,0.,-1.));
#6685=DIRECTION('',(0.,0.,-1.));
#6686=DIRECTION('',(0.,-1.,0.));
#6687=DIRECTION('',(0.,0.,-1.));
#6688=DIRECTION('',(-1.,0.,0.));
#6689=DIRECTION('',(0.,0.,-1.));
#6690=DIRECTION('',(-1.,0.,0.));
#6691=DIRECTION('',(0.,0.,-1.));
#6692=DIRECTION('',(0.,0.,-1.));
#6693=DIRECTION('',(0.,0.,-1.));
#6694=DIRECTION('',(0.,0.,-1.));
#6695=DIRECTION('',(0.,0.,-1.));
#6696=DIRECTION('',(0.78394381591563,-0.620831775513819,0.));
#6697=DIRECTION('',(0.,0.,-1.));
#6698=DIRECTION('',(-1.,0.,0.));
#6699=DIRECTION('',(0.,0.,-1.));
#6700=DIRECTION('',(0.,0.,-1.));
#6701=DIRECTION('',(-1.,0.,0.));
#6702=DIRECTION('',(0.273174501898976,0.961964495972823,0.));
#6703=DIRECTION('',(-0.961964495972823,0.273174501898976,0.));
#6704=DIRECTION('',(0.961964495972823,-0.273174501898976,0.));
#6705=DIRECTION('',(0.,0.,-1.));
#6706=DIRECTION('',(0.961964495972823,-0.273174501898976,0.));
#6707=DIRECTION('',(0.,0.,-1.));
#6708=DIRECTION('',(0.,0.,-1.));
#6709=DIRECTION('',(0.,0.,-1.));
#6710=DIRECTION('',(0.,0.,-1.));
#6711=DIRECTION('',(0.,0.,-1.));
#6712=DIRECTION('',(0.,0.,-1.));
#6713=DIRECTION('',(0.,0.,-1.));
#6714=DIRECTION('',(0.,0.,-1.));
#6715=DIRECTION('',(0.,0.,-1.));
#6716=DIRECTION('',(0.,0.,-1.));
#6717=DIRECTION('',(0.,0.,-1.));
#6718=DIRECTION('',(0.,0.,-1.));
#6719=DIRECTION('',(-0.0908448332892244,0.995865059264885,0.));
#6720=DIRECTION('',(-0.995865059264885,-0.0908448332892244,0.));
#6721=DIRECTION('',(0.995865059264885,0.0908448332892244,0.));
#6722=DIRECTION('',(0.,0.,-1.));
#6723=DIRECTION('',(0.995865059264885,0.0908448332892244,0.));
#6724=DIRECTION('',(0.,0.,-1.));
#6725=DIRECTION('',(0.,0.,-1.));
#6726=DIRECTION('',(0.,0.,-1.));
#6727=DIRECTION('',(0.,0.,-1.));
#6728=DIRECTION('',(0.,0.,-1.));
#6729=DIRECTION('',(0.,-1.,0.));
#6730=DIRECTION('',(0.,0.,-1.));
#6731=DIRECTION('',(-1.,0.,0.));
#6732=DIRECTION('',(0.,0.,-1.));
#6733=DIRECTION('',(-1.,0.,0.));
#6734=DIRECTION('',(-1.,0.,0.));
#6735=DIRECTION('',(0.,0.,1.));
#6736=DIRECTION('',(0.,1.,0.));
#6737=DIRECTION('',(0.,0.,-1.));
#6738=DIRECTION('',(0.,1.,0.));
#6739=DIRECTION('',(0.,1.,0.));
#6740=DIRECTION('',(0.,0.,1.));
#6741=DIRECTION('',(1.,0.,0.));
#6742=DIRECTION('',(0.,0.,-1.));
#6743=DIRECTION('',(1.,0.,0.));
#6744=DIRECTION('',(0.,0.,-1.));
#6745=DIRECTION('',(0.,0.,-1.));
#6746=DIRECTION('',(0.,0.,-1.));
#6747=DIRECTION('',(0.,0.,-1.));
#6748=DIRECTION('',(0.,0.,-1.));
#6749=DIRECTION('',(0.,0.,-1.));
#6750=DIRECTION('',(-0.0776410277737804,-0.996981379367855,0.));
#6751=DIRECTION('',(0.996981379367855,-0.0776410277737804,0.));
#6752=DIRECTION('',(-0.996981379367855,0.0776410277737804,0.));
#6753=DIRECTION('',(0.,0.,-1.));
#6754=DIRECTION('',(-0.996981379367855,0.0776410277737804,0.));
#6755=DIRECTION('',(0.,0.,-1.));
#6756=DIRECTION('',(0.,0.,-1.));
#6757=DIRECTION('',(0.,0.,-1.));
#6758=DIRECTION('',(0.,0.,-1.));
#6759=DIRECTION('',(0.,0.,-1.));
#6760=DIRECTION('',(0.,0.,-1.));
#6761=DIRECTION('',(1.,0.,0.));
#6762=DIRECTION('',(0.,0.,-1.));
#6763=DIRECTION('',(0.,-1.,0.));
#6764=DIRECTION('',(0.,0.,-1.));
#6765=DIRECTION('',(0.,-1.,0.));
#6766=DIRECTION('',(0.,-1.,0.));
#6767=DIRECTION('',(0.,0.,-1.));
#6768=DIRECTION('',(-1.,0.,0.));
#6769=DIRECTION('',(0.,0.,-1.));
#6770=DIRECTION('',(-1.,0.,0.));
#6771=DIRECTION('',(0.,0.,-1.));
#6772=DIRECTION('',(1.,0.,0.));
#6773=DIRECTION('',(0.,0.,-1.));
#6774=DIRECTION('',(0.,-1.,0.));
#6775=DIRECTION('',(0.,0.,-1.));
#6776=DIRECTION('',(0.,-1.,0.));
#6777=DIRECTION('',(1.01822415468742E-28,-1.,0.));
#6778=DIRECTION('',(1.,1.01822415468742E-28,0.));
#6779=DIRECTION('',(-1.,-1.01822415468742E-28,0.));
#6780=DIRECTION('',(0.,0.,-1.));
#6781=DIRECTION('',(-1.,-1.01822415468742E-28,0.));
#6782=DIRECTION('',(-1.,0.,0.));
#6783=DIRECTION('',(0.,0.,1.));
#6784=DIRECTION('',(0.,1.,0.));
#6785=DIRECTION('',(0.,0.,-1.));
#6786=DIRECTION('',(0.,1.,0.));
#6787=DIRECTION('',(0.,-1.,0.));
#6788=DIRECTION('',(0.,0.,-1.));
#6789=DIRECTION('',(-1.,0.,0.));
#6790=DIRECTION('',(0.,0.,-1.));
#6791=DIRECTION('',(-1.,0.,0.));
#6792=DIRECTION('',(-1.,0.,0.));
#6793=DIRECTION('',(0.,0.,1.));
#6794=DIRECTION('',(0.,1.,0.));
#6795=DIRECTION('',(0.,0.,-1.));
#6796=DIRECTION('',(0.,1.,0.));
#6797=DIRECTION('',(-0.827304653671724,0.561753513574334,0.));
#6798=DIRECTION('',(-0.561753513574334,-0.827304653671724,0.));
#6799=DIRECTION('',(0.561753513574334,0.827304653671724,0.));
#6800=DIRECTION('',(0.,0.,-1.));
#6801=DIRECTION('',(0.561753513574334,0.827304653671724,0.));
#6802=DIRECTION('',(0.,1.,0.));
#6803=DIRECTION('',(0.,0.,1.));
#6804=DIRECTION('',(1.,0.,0.));
#6805=DIRECTION('',(0.,0.,-1.));
#6806=DIRECTION('',(1.,0.,0.));
#6807=DIRECTION('',(1.,0.,0.));
#6808=DIRECTION('',(0.,0.,-1.));
#6809=DIRECTION('',(0.,-1.,0.));
#6810=DIRECTION('',(0.,0.,-1.));
#6811=DIRECTION('',(0.,-1.,0.));
#6812=DIRECTION('',(0.,1.,0.));
#6813=DIRECTION('',(0.,0.,1.));
#6814=DIRECTION('',(1.,0.,0.));
#6815=DIRECTION('',(0.,0.,-1.));
#6816=DIRECTION('',(1.,0.,0.));
#6817=DIRECTION('',(1.,0.,0.));
#6818=DIRECTION('',(0.,0.,-1.));
#6819=DIRECTION('',(0.,-1.,0.));
#6820=DIRECTION('',(0.,0.,-1.));
#6821=DIRECTION('',(0.,-1.,0.));
#6822=DIRECTION('',(0.,0.,-1.));
#6823=DIRECTION('',(0.,0.,-1.));
#6824=DIRECTION('',(0.,0.,-1.));
#6825=DIRECTION('',(-0.940884769359154,0.338726808487269,0.));
#6826=DIRECTION('',(0.,0.,-1.));
#6827=DIRECTION('',(-1.,0.,0.));
#6828=DIRECTION('',(0.,0.,-1.));
#6829=DIRECTION('',(0.,0.,-1.));
#6830=DIRECTION('',(-1.,0.,0.));
#6831=DIRECTION('',(0.,0.,-1.));
#6832=DIRECTION('',(-0.993018213604483,0.117961126858645,0.));
#6833=DIRECTION('',(0.,0.,-1.));
#6834=DIRECTION('',(-1.,0.,0.));
#6835=DIRECTION('',(0.,0.,-1.));
#6836=DIRECTION('',(0.,0.,-1.));
#6837=DIRECTION('',(-1.,0.,0.));
#6838=DIRECTION('',(1.0202790166953E-28,-1.,0.));
#6839=DIRECTION('',(1.,1.0202790166953E-28,0.));
#6840=DIRECTION('',(-1.,-1.0202790166953E-28,0.));
#6841=DIRECTION('',(0.,0.,-1.));
#6842=DIRECTION('',(-1.,-1.0202790166953E-28,0.));
#6843=DIRECTION('',(0.,0.,-1.));
#6844=DIRECTION('',(0.,0.,-1.));
#6845=DIRECTION('',(0.,-1.,0.));
#6846=DIRECTION('',(0.,0.,-1.));
#6847=DIRECTION('',(-1.,0.,0.));
#6848=DIRECTION('',(0.,0.,-1.));
#6849=DIRECTION('',(-1.,0.,0.));
#6850=DIRECTION('',(-1.,0.,0.));
#6851=DIRECTION('',(0.,0.,1.));
#6852=DIRECTION('',(0.,1.,0.));
#6853=DIRECTION('',(0.,0.,-1.));
#6854=DIRECTION('',(0.,1.,0.));
#6855=DIRECTION('',(0.,1.,0.));
#6856=DIRECTION('',(0.,0.,1.));
#6857=DIRECTION('',(1.,0.,0.));
#6858=DIRECTION('',(0.,0.,-1.));
#6859=DIRECTION('',(1.,0.,0.));
#6860=DIRECTION('',(8.5726975571553E-27,0.,-1.));
#6861=DIRECTION('',(0.,0.,-1.));
#6862=DIRECTION('',(0.,0.,-1.));
#6863=DIRECTION('',(0.,0.,-1.));
#6864=DIRECTION('',(0.,0.,-1.));
#6865=DIRECTION('',(1.,0.,0.));
#6866=DIRECTION('',(0.,0.,-1.));
#6867=DIRECTION('',(0.,-1.,0.));
#6868=DIRECTION('',(0.,0.,-1.));
#6869=DIRECTION('',(0.,-1.,0.));
#6870=DIRECTION('',(1.01404497971167E-28,-1.,0.));
#6871=DIRECTION('',(1.,1.01404497971167E-28,0.));
#6872=DIRECTION('',(-1.,-1.01404497971167E-28,0.));
#6873=DIRECTION('',(0.,0.,-1.));
#6874=DIRECTION('',(-1.,-1.01404497971167E-28,0.));
#6875=DIRECTION('',(-1.,0.,0.));
#6876=DIRECTION('',(0.,0.,1.));
#6877=DIRECTION('',(0.,1.,0.));
#6878=DIRECTION('',(0.,0.,-1.));
#6879=DIRECTION('',(0.,1.,0.));
#6880=DIRECTION('',(0.,0.,-1.));
#6881=DIRECTION('',(0.,0.,-1.));
#6882=DIRECTION('',(0.759454997556905,0.650559840972252,0.));
#6883=DIRECTION('',(0.,0.,-1.));
#6884=DIRECTION('',(-1.,0.,0.));
#6885=DIRECTION('',(0.,0.,-1.));
#6886=DIRECTION('',(0.,0.,-1.));
#6887=DIRECTION('',(-1.,0.,0.));
#6888=DIRECTION('',(0.,0.,-1.));
#6889=DIRECTION('',(0.,0.,-1.));
#6890=DIRECTION('',(0.,0.,-1.));
#6891=DIRECTION('',(1.,0.,0.));
#6892=DIRECTION('',(0.,0.,-1.));
#6893=DIRECTION('',(0.,-1.,0.));
#6894=DIRECTION('',(0.,0.,-1.));
#6895=DIRECTION('',(0.,-1.,0.));
#6896=DIRECTION('',(1.0212623817025E-28,-1.,0.));
#6897=DIRECTION('',(1.,1.0212623817025E-28,0.));
#6898=DIRECTION('',(-1.,-1.0212623817025E-28,0.));
#6899=DIRECTION('',(0.,0.,-1.));
#6900=DIRECTION('',(-1.,-1.0212623817025E-28,0.));
#6901=DIRECTION('',(-1.,0.,0.));
#6902=DIRECTION('',(0.,0.,1.));
#6903=DIRECTION('',(0.,1.,0.));
#6904=DIRECTION('',(0.,0.,-1.));
#6905=DIRECTION('',(0.,1.,0.));
#6906=DIRECTION('',(0.,1.,0.));
#6907=DIRECTION('',(0.,0.,1.));
#6908=DIRECTION('',(1.,0.,0.));
#6909=DIRECTION('',(0.,0.,-1.));
#6910=DIRECTION('',(1.,0.,0.));
#6911=DIRECTION('',(1.,0.,0.));
#6912=DIRECTION('',(0.,0.,-1.));
#6913=DIRECTION('',(0.,-1.,0.));
#6914=DIRECTION('',(0.,0.,-1.));
#6915=DIRECTION('',(0.,-1.,0.));
#6916=DIRECTION('',(0.,0.,-1.));
#6917=DIRECTION('',(0.999618189254507,-0.0276310642491397,0.));
#6918=DIRECTION('',(0.,0.,-1.));
#6919=DIRECTION('',(-1.,0.,0.));
#6920=DIRECTION('',(0.,0.,-1.));
#6921=DIRECTION('',(0.,0.,-1.));
#6922=DIRECTION('',(-1.,0.,0.));
#6923=DIRECTION('',(1.00978550463689E-28,-1.,0.));
#6924=DIRECTION('',(1.,1.00978550463689E-28,0.));
#6925=DIRECTION('',(-1.,-1.00978550463689E-28,0.));
#6926=DIRECTION('',(0.,0.,-1.));
#6927=DIRECTION('',(-1.,-1.00978550463689E-28,0.));
#6928=DIRECTION('',(0.,0.,-1.));
#6929=DIRECTION('',(-0.803483438255342,-0.595327107101108,0.));
#6930=DIRECTION('',(0.595327107101108,-0.803483438255342,0.));
#6931=DIRECTION('',(-0.595327107101108,0.803483438255342,0.));
#6932=DIRECTION('',(0.,0.,-1.));
#6933=DIRECTION('',(-0.595327107101108,0.803483438255342,0.));
#6934=DIRECTION('',(0.637605980400483,-0.770362650806449,0.));
#6935=DIRECTION('',(0.770362650806449,0.637605980400484,0.));
#6936=DIRECTION('',(-0.770362650806449,-0.637605980400483,0.));
#6937=DIRECTION('',(0.,0.,-1.));
#6938=DIRECTION('',(-0.770362650806449,-0.637605980400483,0.));
#6939=DIRECTION('',(1.,0.,0.));
#6940=DIRECTION('',(0.,0.,-1.));
#6941=DIRECTION('',(0.,-1.,0.));
#6942=DIRECTION('',(0.,0.,-1.));
#6943=DIRECTION('',(0.,-1.,0.));
#6944=DIRECTION('',(1.0194484165485E-28,-1.,0.));
#6945=DIRECTION('',(1.,1.0194484165485E-28,0.));
#6946=DIRECTION('',(-1.,-1.0194484165485E-28,0.));
#6947=DIRECTION('',(0.,0.,-1.));
#6948=DIRECTION('',(-1.,-1.0194484165485E-28,0.));
#6949=DIRECTION('',(-1.,0.,0.));
#6950=DIRECTION('',(0.,0.,1.));
#6951=DIRECTION('',(0.,1.,0.));
#6952=DIRECTION('',(0.,0.,-1.));
#6953=DIRECTION('',(0.,1.,0.));
#6954=DIRECTION('',(0.,1.,0.));
#6955=DIRECTION('',(0.,0.,1.));
#6956=DIRECTION('',(1.,0.,0.));
#6957=DIRECTION('',(0.,0.,-1.));
#6958=DIRECTION('',(1.,0.,0.));
#6959=DIRECTION('',(1.,0.,0.));
#6960=DIRECTION('',(0.,0.,-1.));
#6961=DIRECTION('',(0.,-1.,0.));
#6962=DIRECTION('',(0.,0.,-1.));
#6963=DIRECTION('',(0.,-1.,0.));
#6964=DIRECTION('',(-0.741492932390249,0.670960677845811,0.));
#6965=DIRECTION('',(-0.670960677845811,-0.741492932390249,0.));
#6966=DIRECTION('',(0.670960677845811,0.741492932390249,0.));
#6967=DIRECTION('',(0.,0.,-1.));
#6968=DIRECTION('',(0.670960677845811,0.741492932390249,0.));
#6969=DIRECTION('',(0.,1.,0.));
#6970=DIRECTION('',(0.,0.,1.));
#6971=DIRECTION('',(1.,0.,0.));
#6972=DIRECTION('',(0.,0.,-1.));
#6973=DIRECTION('',(1.,0.,0.));
#6974=DIRECTION('',(0.727082535588269,-0.686550061133589,0.));
#6975=DIRECTION('',(0.686550061133589,0.727082535588269,0.));
#6976=DIRECTION('',(-0.686550061133589,-0.727082535588269,0.));
#6977=DIRECTION('',(0.,0.,-1.));
#6978=DIRECTION('',(-0.686550061133589,-0.727082535588269,0.));
#6979=DIRECTION('',(0.,0.,-1.));
#6980=DIRECTION('',(0.,0.,-1.));
#6981=DIRECTION('',(0.,0.,-1.));
#6982=DIRECTION('',(0.,0.,-1.));
#6983=DIRECTION('',(0.,0.,-1.));
#6984=DIRECTION('',(0.,0.,-1.));
#6985=DIRECTION('',(-0.017102761292186,0.999853737081671,0.));
#6986=DIRECTION('',(-0.999853737081671,-0.0171027612921861,0.));
#6987=DIRECTION('',(0.999853737081671,0.0171027612921861,0.));
#6988=DIRECTION('',(0.,0.,-1.));
#6989=DIRECTION('',(0.999853737081671,0.0171027612921861,0.));
#6990=DIRECTION('',(-1.,0.,0.));
#6991=DIRECTION('',(0.,0.,1.));
#6992=DIRECTION('',(0.,1.,0.));
#6993=DIRECTION('',(0.,0.,-1.));
#6994=DIRECTION('',(0.,1.,0.));
#6995=DIRECTION('',(0.,0.,-1.));
#6996=DIRECTION('',(0.,0.,-1.));
#6997=DIRECTION('',(0.,0.,-1.));
#6998=DIRECTION('',(0.,0.,-1.));
#6999=DIRECTION('',(-0.0899238131191216,-0.995948647187252,0.));
#7000=DIRECTION('',(0.995948647187252,-0.0899238131191216,0.));
#7001=DIRECTION('',(-0.995948647187252,0.0899238131191216,0.));
#7002=DIRECTION('',(0.,0.,-1.));
#7003=DIRECTION('',(-0.995948647187252,0.0899238131191216,0.));
#7004=DIRECTION('',(0.,0.,-1.));
#7005=DIRECTION('',(0.,0.,-1.));
#7006=DIRECTION('',(0.,0.,-1.));
#7007=DIRECTION('',(1.,0.,0.));
#7008=DIRECTION('',(0.,0.,-1.));
#7009=DIRECTION('',(0.,-1.,0.));
#7010=DIRECTION('',(0.,0.,-1.));
#7011=DIRECTION('',(0.,-1.,0.));
#7012=DIRECTION('',(0.,0.,-1.));
#7013=DIRECTION('',(0.,0.,-1.));
#7014=DIRECTION('',(0.,0.,-1.));
#7015=DIRECTION('',(0.114254258912628,-0.993451541002542,0.));
#7016=DIRECTION('',(0.,0.,-1.));
#7017=DIRECTION('',(-1.,0.,0.));
#7018=DIRECTION('',(0.,0.,-1.));
#7019=DIRECTION('',(0.,0.,-1.));
#7020=DIRECTION('',(-1.,0.,0.));
#7021=DIRECTION('',(1.,0.,0.));
#7022=DIRECTION('',(0.,0.,-1.));
#7023=DIRECTION('',(0.,-1.,0.));
#7024=DIRECTION('',(0.,0.,-1.));
#7025=DIRECTION('',(0.,-1.,0.));
#7026=DIRECTION('',(0.,0.,-1.));
#7027=DIRECTION('',(0.114817312516205,-0.993386624002234,0.));
#7028=DIRECTION('',(0.,0.,-1.));
#7029=DIRECTION('',(-1.,0.,0.));
#7030=DIRECTION('',(0.,0.,-1.));
#7031=DIRECTION('',(0.,0.,-1.));
#7032=DIRECTION('',(-1.,0.,0.));
#7033=DIRECTION('',(0.,0.,-1.));
#7034=DIRECTION('',(0.,0.,-1.));
#7035=DIRECTION('',(0.,-1.,0.));
#7036=DIRECTION('',(0.,0.,-1.));
#7037=DIRECTION('',(-1.,0.,0.));
#7038=DIRECTION('',(0.,0.,-1.));
#7039=DIRECTION('',(-1.,0.,0.));
#7040=DIRECTION('',(1.00684734848979E-28,-1.,0.));
#7041=DIRECTION('',(1.,1.00684734848979E-28,0.));
#7042=DIRECTION('',(-1.,-1.00684734848979E-28,0.));
#7043=DIRECTION('',(0.,0.,-1.));
#7044=DIRECTION('',(-1.,-1.00684734848979E-28,0.));
#7045=DIRECTION('',(0.,0.,-1.));
#7046=DIRECTION('',(-1.,0.,0.));
#7047=DIRECTION('',(0.,0.,1.));
#7048=DIRECTION('',(0.,1.,0.));
#7049=DIRECTION('',(0.,0.,-1.));
#7050=DIRECTION('',(0.,1.,0.));
#7051=DIRECTION('',(0.,0.,-1.));
#7052=DIRECTION('',(-0.999541929989063,0.0302643386469876,0.));
#7053=DIRECTION('',(0.,0.,-1.));
#7054=DIRECTION('',(-1.,0.,0.));
#7055=DIRECTION('',(0.,0.,-1.));
#7056=DIRECTION('',(0.,0.,-1.));
#7057=DIRECTION('',(-1.,0.,0.));
#7058=DIRECTION('',(0.,0.,-1.));
#7059=DIRECTION('',(0.952778197893204,-0.303667096701929,0.));
#7060=DIRECTION('',(0.,0.,-1.));
#7061=DIRECTION('',(-1.,0.,0.));
#7062=DIRECTION('',(0.,0.,-1.));
#7063=DIRECTION('',(0.,0.,-1.));
#7064=DIRECTION('',(-1.,0.,0.));
#7065=DIRECTION('',(0.934990398690032,-0.354673024569752,0.));
#7066=DIRECTION('',(0.354673024569752,0.934990398690032,0.));
#7067=DIRECTION('',(-0.354673024569752,-0.934990398690032,0.));
#7068=DIRECTION('',(0.,0.,-1.));
#7069=DIRECTION('',(-0.354673024569752,-0.934990398690032,0.));
#7070=DIRECTION('',(1.01488878664299E-28,-1.,0.));
#7071=DIRECTION('',(1.,1.01488878664299E-28,0.));
#7072=DIRECTION('',(-1.,-1.01488878664299E-28,0.));
#7073=DIRECTION('',(0.,0.,-1.));
#7074=DIRECTION('',(-1.,-1.01488878664299E-28,0.));
#7075=DIRECTION('',(-0.933433789121288,-0.358749719618948,0.));
#7076=DIRECTION('',(0.358749719618948,-0.933433789121288,0.));
#7077=DIRECTION('',(-0.358749719618948,0.933433789121288,0.));
#7078=DIRECTION('',(0.,0.,-1.));
#7079=DIRECTION('',(-0.358749719618948,0.933433789121288,0.));
#7080=DIRECTION('',(-0.949751000094239,-0.313006450125222,0.));
#7081=DIRECTION('',(0.313006450125222,-0.949751000094239,0.));
#7082=DIRECTION('',(-0.313006450125222,0.949751000094239,0.));
#7083=DIRECTION('',(0.,0.,-1.));
#7084=DIRECTION('',(-0.313006450125222,0.949751000094239,0.));
#7085=DIRECTION('',(-0.957211427298609,-0.289389501276326,0.));
#7086=DIRECTION('',(0.289389501276326,-0.957211427298609,0.));
#7087=DIRECTION('',(-0.289389501276326,0.957211427298609,0.));
#7088=DIRECTION('',(0.,0.,-1.));
#7089=DIRECTION('',(-0.289389501276326,0.957211427298609,0.));
#7090=DIRECTION('',(0.999585007120006,0.0288064843550437,0.));
#7091=DIRECTION('',(-0.0288064843550437,0.999585007120006,0.));
#7092=DIRECTION('',(0.0288064843550437,-0.999585007120006,0.));
#7093=DIRECTION('',(0.,0.,-1.));
#7094=DIRECTION('',(0.0288064843550437,-0.999585007120006,0.));
#7095=DIRECTION('',(0.999793227034503,0.020334777499007,0.));
#7096=DIRECTION('',(-0.020334777499007,0.999793227034503,0.));
#7097=DIRECTION('',(0.020334777499007,-0.999793227034503,0.));
#7098=DIRECTION('',(0.,0.,-1.));
#7099=DIRECTION('',(0.020334777499007,-0.999793227034503,0.));
#7100=DIRECTION('',(1.,0.,0.));
#7101=DIRECTION('',(0.,0.,-1.));
#7102=DIRECTION('',(0.,-1.,0.));
#7103=DIRECTION('',(0.,0.,-1.));
#7104=DIRECTION('',(0.,-1.,0.));
#7105=DIRECTION('',(1.01822415468742E-28,-1.,0.));
#7106=DIRECTION('',(1.,1.01822415468742E-28,0.));
#7107=DIRECTION('',(-1.,-1.01822415468742E-28,0.));
#7108=DIRECTION('',(0.,0.,-1.));
#7109=DIRECTION('',(-1.,-1.01822415468742E-28,0.));
#7110=DIRECTION('',(-1.,0.,0.));
#7111=DIRECTION('',(0.,0.,1.));
#7112=DIRECTION('',(0.,1.,0.));
#7113=DIRECTION('',(0.,0.,-1.));
#7114=DIRECTION('',(0.,1.,0.));
#7115=DIRECTION('',(0.,1.,0.));
#7116=DIRECTION('',(0.,0.,1.));
#7117=DIRECTION('',(1.,0.,0.));
#7118=DIRECTION('',(0.,0.,-1.));
#7119=DIRECTION('',(1.,0.,0.));
#7120=DIRECTION('',(0.933573970705407,0.358384767005155,0.));
#7121=DIRECTION('',(-0.358384767005155,0.933573970705407,0.));
#7122=DIRECTION('',(0.358384767005155,-0.933573970705407,0.));
#7123=DIRECTION('',(0.,0.,-1.));
#7124=DIRECTION('',(0.358384767005155,-0.933573970705407,0.));
#7125=DIRECTION('',(0.,0.,-1.));
#7126=DIRECTION('',(0.956303142017513,0.292376983648564,0.));
#7127=DIRECTION('',(0.,0.,-1.));
#7128=DIRECTION('',(-1.,0.,0.));
#7129=DIRECTION('',(0.,0.,-1.));
#7130=DIRECTION('',(0.,0.,-1.));
#7131=DIRECTION('',(-1.,0.,0.));
#7132=DIRECTION('',(0.,0.,-1.));
#7133=DIRECTION('',(0.970802616674175,0.239879718731232,0.));
#7134=DIRECTION('',(0.,0.,-1.));
#7135=DIRECTION('',(-1.,0.,0.));
#7136=DIRECTION('',(0.,0.,-1.));
#7137=DIRECTION('',(0.,0.,-1.));
#7138=DIRECTION('',(-1.,0.,0.));
#7139=DIRECTION('',(0.,0.,-1.));
#7140=DIRECTION('',(-0.965195440983659,0.261529655496964,0.));
#7141=DIRECTION('',(0.,0.,-1.));
#7142=DIRECTION('',(-1.,0.,0.));
#7143=DIRECTION('',(0.,0.,-1.));
#7144=DIRECTION('',(0.,0.,-1.));
#7145=DIRECTION('',(-1.,0.,0.));
#7146=DIRECTION('',(0.,0.,-1.));
#7147=DIRECTION('',(-0.945824865654005,0.324677260538188,0.));
#7148=DIRECTION('',(0.,0.,-1.));
#7149=DIRECTION('',(-1.,0.,0.));
#7150=DIRECTION('',(0.,0.,-1.));
#7151=DIRECTION('',(0.,0.,-1.));
#7152=DIRECTION('',(-1.,0.,0.));
#7153=DIRECTION('',(-0.935811696076153,0.352500311329046,0.));
#7154=DIRECTION('',(-0.352500311329046,-0.935811696076153,0.));
#7155=DIRECTION('',(0.352500311329046,0.935811696076153,0.));
#7156=DIRECTION('',(0.,0.,-1.));
#7157=DIRECTION('',(0.352500311329046,0.935811696076153,0.));
#7158=DIRECTION('',(0.,1.,0.));
#7159=DIRECTION('',(0.,0.,1.));
#7160=DIRECTION('',(1.,0.,0.));
#7161=DIRECTION('',(0.,0.,-1.));
#7162=DIRECTION('',(1.,0.,0.));
#7163=DIRECTION('',(0.,0.,-1.));
#7164=DIRECTION('',(0.124807806967281,-0.992180936785231,0.));
#7165=DIRECTION('',(0.,0.,-1.));
#7166=DIRECTION('',(-1.,0.,0.));
#7167=DIRECTION('',(0.,0.,-1.));
#7168=DIRECTION('',(-1.,0.,0.));
#7169=DIRECTION('',(1.,0.,0.));
#7170=DIRECTION('',(0.,0.,-1.));
#7171=DIRECTION('',(0.,-1.,0.));
#7172=DIRECTION('',(0.,-1.,0.));
#7173=DIRECTION('',(1.,0.,0.));
#7174=DIRECTION('',(0.,0.,-1.));
#7175=DIRECTION('',(0.,-1.,0.));
#7176=DIRECTION('',(0.,-1.,0.));
#7177=DIRECTION('',(0.,1.,0.));
#7178=DIRECTION('',(0.,0.,1.));
#7179=DIRECTION('',(1.,0.,0.));
#7180=DIRECTION('',(1.,0.,0.));
#7181=DIRECTION('',(0.998252586880663,-0.0590912242728477,8.55771751297582E-27));
#7182=DIRECTION('',(-0.0590912242728477,-0.998252586880663,1.68805173683405E-32));
#7183=DIRECTION('',(-0.0590912242728477,-0.998252586880663,1.68805173683405E-32));
#7184=DIRECTION('',(-0.0590912242728477,-0.998252586880663,0.));
#7185=DIRECTION('',(0.800597559403056,0.599202426461935,0.));
#7186=DIRECTION('',(-0.599202426461935,0.800597559403056,0.));
#7187=DIRECTION('',(0.599202426461935,-0.800597559403056,0.));
#7188=DIRECTION('',(0.599202426461935,-0.800597559403056,0.));
#7189=DIRECTION('',(1.,0.,0.));
#7190=DIRECTION('',(0.,0.,-1.));
#7191=DIRECTION('',(0.,-1.,0.));
#7192=DIRECTION('',(0.,-1.,0.));
#7193=DIRECTION('',(1.,0.,0.));
#7194=DIRECTION('',(0.,0.,-1.));
#7195=DIRECTION('',(0.,-1.,0.));
#7196=DIRECTION('',(0.,-1.,0.));
#7197=DIRECTION('',(0.,0.,1.));
#7198=DIRECTION('',(1.,0.,0.));
#7199=DIRECTION('',(0.,0.,1.));
#7200=DIRECTION('',(1.,0.,0.));
#7201=DIRECTION('',(0.,0.,1.));
#7202=DIRECTION('',(1.,0.,0.));
#7203=DIRECTION('',(0.,0.,1.));
#7204=DIRECTION('',(1.,0.,0.));
#7205=DIRECTION('',(0.,0.,1.));
#7206=DIRECTION('',(1.,0.,0.));
#7207=DIRECTION('',(0.,0.,1.));
#7208=DIRECTION('',(1.,0.,0.));
#7209=DIRECTION('',(0.,0.,1.));
#7210=DIRECTION('',(1.,0.,0.));
#7211=DIRECTION('',(0.,0.,1.));
#7212=DIRECTION('',(1.,0.,0.));
#7213=DIRECTION('',(0.,0.,1.));
#7214=DIRECTION('',(1.,0.,0.));
#7215=DIRECTION('',(0.,0.,1.));
#7216=DIRECTION('',(1.,0.,0.));
#7217=DIRECTION('',(0.,0.,1.));
#7218=DIRECTION('',(1.,0.,0.));
#7219=DIRECTION('',(0.,0.,1.));
#7220=DIRECTION('',(1.,0.,0.));
#7221=DIRECTION('',(0.,0.,1.));
#7222=DIRECTION('',(1.,0.,0.));
#7223=DIRECTION('',(0.,0.,1.));
#7224=DIRECTION('',(1.,0.,0.));
#7225=DIRECTION('',(0.,0.,1.));
#7226=DIRECTION('',(1.,0.,0.));
#7227=DIRECTION('',(0.,0.,1.));
#7228=DIRECTION('',(1.,0.,0.));
#7229=DIRECTION('',(0.,0.,1.));
#7230=DIRECTION('',(1.,0.,0.));
#7231=DIRECTION('',(0.,0.,1.));
#7232=DIRECTION('',(1.,0.,0.));
#7233=DIRECTION('',(0.,0.,-1.));
#7234=DIRECTION('',(0.,0.,-1.));
#7235=DIRECTION('',(0.,0.,-1.));
#7236=DIRECTION('',(0.,0.,-1.));
#7237=DIRECTION('',(0.,-1.,0.));
#7238=DIRECTION('',(0.,0.,-1.));
#7239=DIRECTION('',(-1.,0.,0.));
#7240=DIRECTION('',(0.,0.,-1.));
#7241=DIRECTION('',(-1.,0.,0.));
#7242=DIRECTION('',(1.,0.,0.));
#7243=DIRECTION('',(0.,0.,-1.));
#7244=DIRECTION('',(0.,-1.,0.));
#7245=DIRECTION('',(0.,0.,-1.));
#7246=DIRECTION('',(0.,-1.,0.));
#7247=DIRECTION('',(0.,-1.,0.));
#7248=DIRECTION('',(0.,0.,-1.));
#7249=DIRECTION('',(-1.,0.,0.));
#7250=DIRECTION('',(0.,0.,-1.));
#7251=DIRECTION('',(-1.,0.,0.));
#7252=DIRECTION('',(-1.,-5.16131106576139E-16,0.));
#7253=DIRECTION('',(5.16131106576139E-16,-1.,0.));
#7254=DIRECTION('',(-5.16131106576139E-16,1.,0.));
#7255=DIRECTION('',(0.,0.,-1.));
#7256=DIRECTION('',(-5.16131106576139E-16,1.,0.));
#7257=DIRECTION('',(0.,1.,0.));
#7258=DIRECTION('',(0.,0.,1.));
#7259=DIRECTION('',(1.,0.,0.));
#7260=DIRECTION('',(0.,0.,-1.));
#7261=DIRECTION('',(1.,0.,0.));
#7262=DIRECTION('',(0.959247466854305,-0.282567332389288,0.));
#7263=DIRECTION('',(0.282567332389288,0.959247466854305,0.));
#7264=DIRECTION('',(-0.282567332389288,-0.959247466854305,0.));
#7265=DIRECTION('',(0.,0.,-1.));
#7266=DIRECTION('',(-0.282567332389288,-0.959247466854305,0.));
#7267=DIRECTION('',(0.,0.,-1.));
#7268=DIRECTION('',(0.,-1.,0.));
#7269=DIRECTION('',(0.,0.,-1.));
#7270=DIRECTION('',(-1.,0.,0.));
#7271=DIRECTION('',(0.,0.,-1.));
#7272=DIRECTION('',(-1.,0.,0.));
#7273=DIRECTION('',(-0.964835429697922,-0.262854700546949,0.));
#7274=DIRECTION('',(0.262854700546949,-0.964835429697922,0.));
#7275=DIRECTION('',(-0.262854700546949,0.964835429697922,0.));
#7276=DIRECTION('',(0.,0.,-1.));
#7277=DIRECTION('',(-0.262854700546949,0.964835429697922,0.));
#7278=DIRECTION('',(0.,0.,-1.));
#7279=DIRECTION('',(0.,0.,-1.));
#7280=DIRECTION('',(0.97519345650334,-0.221354291562345,0.));
#7281=DIRECTION('',(0.,0.,-1.));
#7282=DIRECTION('',(-1.,0.,0.));
#7283=DIRECTION('',(0.,0.,-1.));
#7284=DIRECTION('',(0.,0.,-1.));
#7285=DIRECTION('',(-1.,0.,0.));
#7286=DIRECTION('',(0.,0.,-1.));
#7287=DIRECTION('',(0.,-1.,0.));
#7288=DIRECTION('',(0.,0.,-1.));
#7289=DIRECTION('',(-1.,0.,0.));
#7290=DIRECTION('',(0.,0.,-1.));
#7291=DIRECTION('',(-1.,0.,0.));
#7292=DIRECTION('',(-0.959247466854305,-0.282567332389288,0.));
#7293=DIRECTION('',(0.282567332389288,-0.959247466854305,0.));
#7294=DIRECTION('',(-0.282567332389288,0.959247466854305,0.));
#7295=DIRECTION('',(0.,0.,-1.));
#7296=DIRECTION('',(-0.282567332389288,0.959247466854305,0.));
#7297=DIRECTION('',(0.,1.,0.));
#7298=DIRECTION('',(0.,0.,1.));
#7299=DIRECTION('',(1.,0.,0.));
#7300=DIRECTION('',(0.,0.,-1.));
#7301=DIRECTION('',(1.,0.,0.));
#7302=DIRECTION('',(0.962260455038954,0.272130146562679,0.));
#7303=DIRECTION('',(-0.272130146562679,0.962260455038954,0.));
#7304=DIRECTION('',(0.272130146562679,-0.962260455038954,0.));
#7305=DIRECTION('',(0.,0.,-1.));
#7306=DIRECTION('',(0.272130146562679,-0.962260455038954,0.));
#7307=DIRECTION('',(0.,0.,-1.));
#7308=DIRECTION('',(0.97243354478385,0.23318018993713,0.));
#7309=DIRECTION('',(0.,0.,-1.));
#7310=DIRECTION('',(-1.,0.,0.));
#7311=DIRECTION('',(0.,0.,-1.));
#7312=DIRECTION('',(0.,0.,-1.));
#7313=DIRECTION('',(-1.,0.,0.));
#7314=DIRECTION('',(0.,0.,-1.));
#7315=DIRECTION('',(-0.974344128328247,0.225063367948381,0.));
#7316=DIRECTION('',(0.,0.,-1.));
#7317=DIRECTION('',(-1.,0.,0.));
#7318=DIRECTION('',(0.,0.,-1.));
#7319=DIRECTION('',(0.,0.,-1.));
#7320=DIRECTION('',(-1.,0.,0.));
#7321=DIRECTION('',(0.,0.,-1.));
#7322=DIRECTION('',(0.,1.,0.));
#7323=DIRECTION('',(0.,0.,1.));
#7324=DIRECTION('',(1.,0.,0.));
#7325=DIRECTION('',(0.,0.,-1.));
#7326=DIRECTION('',(1.,0.,0.));
#7327=DIRECTION('',(0.963164546705634,0.268912729280953,0.));
#7328=DIRECTION('',(-0.268912729280953,0.963164546705634,0.));
#7329=DIRECTION('',(0.268912729280953,-0.963164546705634,0.));
#7330=DIRECTION('',(0.,0.,-1.));
#7331=DIRECTION('',(0.268912729280953,-0.963164546705634,0.));
#7332=DIRECTION('',(0.,0.,-1.));
#7333=DIRECTION('',(-0.968554137899296,0.248802897808994,0.));
#7334=DIRECTION('',(-0.248802897808994,-0.968554137899296,0.));
#7335=DIRECTION('',(0.248802897808994,0.968554137899296,0.));
#7336=DIRECTION('',(0.,0.,-1.));
#7337=DIRECTION('',(0.248802897808994,0.968554137899296,0.));
#7338=DIRECTION('',(0.,0.,-1.));
#7339=DIRECTION('',(0.973433346686595,-0.228970564829924,0.));
#7340=DIRECTION('',(0.,0.,-1.));
#7341=DIRECTION('',(-1.,0.,0.));
#7342=DIRECTION('',(0.,0.,-1.));
#7343=DIRECTION('',(0.,0.,-1.));
#7344=DIRECTION('',(-1.,0.,0.));
#7345=DIRECTION('',(0.,0.,-1.));
#7346=DIRECTION('',(0.,-1.,0.));
#7347=DIRECTION('',(0.,0.,-1.));
#7348=DIRECTION('',(-1.,0.,0.));
#7349=DIRECTION('',(0.,0.,-1.));
#7350=DIRECTION('',(-1.,0.,0.));
#7351=DIRECTION('',(0.,0.,-1.));
#7352=DIRECTION('',(-1.,0.,0.));
#7353=DIRECTION('',(0.,0.,1.));
#7354=DIRECTION('',(0.,1.,0.));
#7355=DIRECTION('',(0.,0.,-1.));
#7356=DIRECTION('',(0.,1.,0.));
#7357=DIRECTION('',(0.,0.,-1.));
#7358=DIRECTION('',(0.,0.,-1.));
#7359=DIRECTION('',(-0.722798750943822,0.69105858335893,0.));
#7360=DIRECTION('',(0.,0.,-1.));
#7361=DIRECTION('',(-1.,0.,0.));
#7362=DIRECTION('',(0.,0.,-1.));
#7363=DIRECTION('',(0.,0.,-1.));
#7364=DIRECTION('',(-1.,0.,0.));
#7365=DIRECTION('',(0.,0.,-1.));
#7366=DIRECTION('',(-0.642194483091406,0.766541744386411,0.));
#7367=DIRECTION('',(0.,0.,-1.));
#7368=DIRECTION('',(-1.,0.,0.));
#7369=DIRECTION('',(0.,0.,-1.));
#7370=DIRECTION('',(0.,0.,-1.));
#7371=DIRECTION('',(-1.,0.,0.));
#7372=DIRECTION('',(0.,0.,-1.));
#7373=DIRECTION('',(0.654597596447428,-0.755977504113218,0.));
#7374=DIRECTION('',(0.,0.,-1.));
#7375=DIRECTION('',(-1.,0.,0.));
#7376=DIRECTION('',(0.,0.,-1.));
#7377=DIRECTION('',(0.,0.,-1.));
#7378=DIRECTION('',(-1.,0.,0.));
#7379=DIRECTION('',(0.,0.,-1.));
#7380=DIRECTION('',(0.,0.,-1.));
#7381=DIRECTION('',(0.,0.,-1.));
#7382=DIRECTION('',(0.,0.,-1.));
#7383=DIRECTION('',(0.,0.,-1.));
#7384=DIRECTION('',(0.,0.,-1.));
#7385=DIRECTION('',(-0.0917848343374006,-0.99577886309444,0.));
#7386=DIRECTION('',(0.99577886309444,-0.0917848343374006,0.));
#7387=DIRECTION('',(-0.99577886309444,0.0917848343374006,0.));
#7388=DIRECTION('',(0.,0.,-1.));
#7389=DIRECTION('',(-0.99577886309444,0.0917848343374006,0.));
#7390=DIRECTION('',(0.,0.,-1.));
#7391=DIRECTION('',(0.,0.,-1.));
#7392=DIRECTION('',(0.,0.,-1.));
#7393=DIRECTION('',(0.,0.,-1.));
#7394=DIRECTION('',(0.,0.,-1.));
#7395=DIRECTION('',(0.,0.,-1.));
#7396=DIRECTION('',(0.,0.,-1.));
#7397=DIRECTION('',(0.,0.,-1.));
#7398=DIRECTION('',(0.,0.,-1.));
#7399=DIRECTION('',(0.,1.,0.));
#7400=DIRECTION('',(0.,0.,1.));
#7401=DIRECTION('',(1.,0.,0.));
#7402=DIRECTION('',(0.,0.,-1.));
#7403=DIRECTION('',(1.,0.,0.));
#7404=DIRECTION('',(0.,-1.,0.));
#7405=DIRECTION('',(0.,0.,-1.));
#7406=DIRECTION('',(-1.,0.,0.));
#7407=DIRECTION('',(0.,0.,-1.));
#7408=DIRECTION('',(-1.,0.,0.));
#7409=DIRECTION('',(0.,0.,-1.));
#7410=DIRECTION('',(-1.,-3.36072946207444E-16,0.));
#7411=DIRECTION('',(3.36072946207444E-16,-1.,0.));
#7412=DIRECTION('',(-3.36072946207444E-16,1.,0.));
#7413=DIRECTION('',(0.,0.,-1.));
#7414=DIRECTION('',(-3.36072946207444E-16,1.,0.));
#7415=DIRECTION('',(0.,1.,0.));
#7416=DIRECTION('',(0.,0.,1.));
#7417=DIRECTION('',(1.,0.,0.));
#7418=DIRECTION('',(0.,0.,-1.));
#7419=DIRECTION('',(1.,0.,0.));
#7420=DIRECTION('',(0.,-1.,0.));
#7421=DIRECTION('',(0.,0.,-1.));
#7422=DIRECTION('',(-1.,0.,0.));
#7423=DIRECTION('',(0.,0.,-1.));
#7424=DIRECTION('',(-1.,0.,0.));
#7425=DIRECTION('',(0.,0.,-1.));
#7426=DIRECTION('',(-1.,0.,0.));
#7427=DIRECTION('',(0.,0.,1.));
#7428=DIRECTION('',(0.,1.,0.));
#7429=DIRECTION('',(0.,0.,-1.));
#7430=DIRECTION('',(0.,1.,0.));
#7431=DIRECTION('',(0.,1.,0.));
#7432=DIRECTION('',(0.,0.,1.));
#7433=DIRECTION('',(1.,0.,0.));
#7434=DIRECTION('',(0.,0.,-1.));
#7435=DIRECTION('',(1.,0.,0.));
#7436=DIRECTION('',(0.,1.,0.));
#7437=DIRECTION('',(0.,0.,1.));
#7438=DIRECTION('',(1.,0.,0.));
#7439=DIRECTION('',(0.,0.,-1.));
#7440=DIRECTION('',(1.,0.,0.));
#7441=DIRECTION('',(0.,0.,-1.));
#7442=DIRECTION('',(1.,0.,0.));
#7443=DIRECTION('',(0.,0.,-1.));
#7444=DIRECTION('',(0.,-1.,0.));
#7445=DIRECTION('',(0.,0.,-1.));
#7446=DIRECTION('',(0.,-1.,0.));
#7447=DIRECTION('',(0.,1.,0.));
#7448=DIRECTION('',(0.,0.,1.));
#7449=DIRECTION('',(1.,0.,0.));
#7450=DIRECTION('',(0.,0.,-1.));
#7451=DIRECTION('',(1.,0.,0.));
#7452=DIRECTION('',(0.,1.,0.));
#7453=DIRECTION('',(0.,0.,1.));
#7454=DIRECTION('',(1.,0.,0.));
#7455=DIRECTION('',(1.,0.,0.));
#7456=DIRECTION('',(1.,0.,0.));
#7457=DIRECTION('',(0.,0.,-1.));
#7458=DIRECTION('',(0.,-1.,0.));
#7459=DIRECTION('',(0.,-1.,0.));
#7460=DIRECTION('',(1.,3.36072946207444E-16,0.));
#7461=DIRECTION('',(-3.36072946207444E-16,1.,0.));
#7462=DIRECTION('',(3.36072946207444E-16,-1.,0.));
#7463=DIRECTION('',(3.36072946207444E-16,-1.,0.));
#7464=DIRECTION('',(1.,0.,0.));
#7465=DIRECTION('',(0.,0.,-1.));
#7466=DIRECTION('',(0.,-1.,0.));
#7467=DIRECTION('',(0.,-1.,0.));
#7468=DIRECTION('',(1.,0.,0.));
#7469=DIRECTION('',(0.,0.,-1.));
#7470=DIRECTION('',(0.,-1.,0.));
#7471=DIRECTION('',(0.,-1.,0.));
#7472=DIRECTION('',(0.,0.,1.));
#7473=DIRECTION('',(1.,0.,0.));
#7474=DIRECTION('',(0.,0.,1.));
#7475=DIRECTION('',(1.,0.,0.));
#7476=DIRECTION('',(0.,0.,1.));
#7477=DIRECTION('',(1.,0.,0.));
#7478=DIRECTION('',(0.,0.,1.));
#7479=DIRECTION('',(1.,0.,0.));
#7480=DIRECTION('',(0.,0.,1.));
#7481=DIRECTION('',(1.,0.,0.));
#7482=DIRECTION('',(0.,0.,1.));
#7483=DIRECTION('',(1.,0.,0.));
#7484=DIRECTION('',(-0.707329584337478,-0.706883907810165,0.));
#7485=DIRECTION('',(0.706883907810165,-0.707329584337478,0.));
#7486=DIRECTION('',(0.707329584337478,0.706883907810165,0.));
#7487=DIRECTION('',(0.706856574315502,-0.707356899554216,0.));
#7488=DIRECTION('',(0.707356899554216,0.706856574315502,0.));
#7489=DIRECTION('',(-0.706856574315502,0.707356899554216,0.));
#7490=DIRECTION('',(0.707106781183721,0.707106781189374,0.));
#7491=DIRECTION('',(-0.707106781189374,0.707106781183721,0.));
#7492=DIRECTION('',(-0.707106781183721,-0.707106781189374,0.));
#7493=DIRECTION('',(-0.707105366971575,0.707108195398692,0.));
#7494=DIRECTION('',(-0.707108195398692,-0.707105366971575,0.));
#7495=DIRECTION('',(-0.707105366971575,0.707108195398692,0.));
#7496=DIRECTION('',(-0.706883907810165,0.707329584337478,0.));
#7497=DIRECTION('',(-0.707329584337478,-0.706883907810165,0.));
#7498=DIRECTION('',(0.707329584337478,0.706883907810165,0.));
#7499=DIRECTION('',(0.707108195398692,0.707105366971575,0.));
#7500=DIRECTION('',(-0.707105366971575,0.707108195398692,0.));
#7501=DIRECTION('',(-0.707105366971575,0.707108195398692,0.));
#7502=DIRECTION('',(-0.707356899554216,-0.706856574315502,0.));
#7503=DIRECTION('',(0.706856574315502,-0.707356899554216,0.));
#7504=DIRECTION('',(-0.706856574315502,0.707356899554216,0.));
#7505=DIRECTION('',(0.707106781189374,-0.707106781183721,0.));
#7506=DIRECTION('',(0.707106781183721,0.707106781189374,0.));
#7507=DIRECTION('',(-0.707106781183721,-0.707106781189374,0.));
#7508=DIRECTION('',(0.,0.,1.));
#7509=DIRECTION('',(1.,0.,0.));
#7510=CARTESIAN_POINT('',(0.,0.,0.));
#7511=CARTESIAN_POINT('',(0.0572237117387309,-0.0569858762158003,0.036924));
#7512=CARTESIAN_POINT('',(0.0572237117387309,-0.0569858762158003,0.031924));
#7513=CARTESIAN_POINT('',(0.0322148010912276,-0.0819790291674627,0.031924));
#7514=CARTESIAN_POINT('',(0.0822326223862342,-0.0319927232641378,0.031924));
#7515=CARTESIAN_POINT('',(0.0322148010912276,-0.0819790291674627,0.036924));
#7516=CARTESIAN_POINT('',(0.0322148010912276,-0.0819790291674627,0.040924));
#7517=CARTESIAN_POINT('',(0.0572237117387309,-0.0569858762158003,0.040924));
#7518=CARTESIAN_POINT('',(0.0822326223862342,-0.0319927232641378,0.040924));
#7519=CARTESIAN_POINT('',(0.0822326223862342,-0.0319927232641378,0.036924));
#7520=CARTESIAN_POINT('',(0.0295215734024709,-0.0792841034511369,0.036924));
#7521=CARTESIAN_POINT('',(0.0295215734024709,-0.0792841034511369,0.031924));
#7522=CARTESIAN_POINT('',(0.0268283457137141,-0.0765891777348111,0.031924));
#7523=CARTESIAN_POINT('',(0.0268283457137141,-0.0765891777348111,0.036924));
#7524=CARTESIAN_POINT('',(0.0268283457137141,-0.0765891777348111,0.0334442));
#7525=CARTESIAN_POINT('',(0.0243685310913163,-0.0741278122472336,0.0334442));
#7526=CARTESIAN_POINT('',(0.0243685310913163,-0.0741278122472336,0.036924));
#7527=CARTESIAN_POINT('',(0.0243685310913163,-0.0741278122472336,0.040924));
#7528=CARTESIAN_POINT('',(0.0243685310913163,-0.0741278122472336,0.040924));
#7529=CARTESIAN_POINT('',(0.0295215734024709,-0.0792841034511369,0.040924));
#7530=CARTESIAN_POINT('',(0.0518372563612175,-0.0515960247831487,0.036924));
#7531=CARTESIAN_POINT('',(0.0768461670087208,-0.0266028718314862,0.036924));
#7532=CARTESIAN_POINT('',(0.0768461670087208,-0.0266028718314862,0.0334442));
#7533=CARTESIAN_POINT('',(0.0768461670087208,-0.0266028718314862,0.031924));
#7534=CARTESIAN_POINT('',(0.0268283457137141,-0.0765891777348111,0.0334442));
#7535=CARTESIAN_POINT('',(0.0518372563612175,-0.0515960247831487,0.031924));
#7536=CARTESIAN_POINT('',(-0.0572051261079493,-0.0569871822857352,0.036924));
#7537=CARTESIAN_POINT('',(-0.0572051261079493,-0.0569871822857352,0.031924));
#7538=CARTESIAN_POINT('',(-0.0822061091468899,-0.0319860992426627,0.031924));
#7539=CARTESIAN_POINT('',(-0.0322041430690087,-0.0819882653288076,0.031924));
#7540=CARTESIAN_POINT('',(-0.0822061091468899,-0.0319860992426627,0.036924));
#7541=CARTESIAN_POINT('',(-0.0822061091468899,-0.0319860992426627,0.040924));
#7542=CARTESIAN_POINT('',(-0.0572051261079493,-0.0569871822857352,0.040924));
#7543=CARTESIAN_POINT('',(-0.0322041430690087,-0.0819882653288076,0.040924));
#7544=CARTESIAN_POINT('',(-0.0322041430690087,-0.0819882653288076,0.036924));
#7545=CARTESIAN_POINT('',(-0.0795120269224208,-0.029292027794501,0.036924));
#7546=CARTESIAN_POINT('',(-0.0795120269224208,-0.029292027794501,0.031924));
#7547=CARTESIAN_POINT('',(-0.0768179446979518,-0.0265979563463392,0.031924));
#7548=CARTESIAN_POINT('',(-0.0768179446979518,-0.0265979563463392,0.036924));
#7549=CARTESIAN_POINT('',(-0.0768179446979518,-0.0265979563463392,0.0334442));
#7550=CARTESIAN_POINT('',(-0.0743573495996034,-0.0241373710903516,0.0334442));
#7551=CARTESIAN_POINT('',(-0.0743573495996034,-0.0241373710903516,0.036924));
#7552=CARTESIAN_POINT('',(-0.0743573495996034,-0.0241373710903516,0.040924));
#7553=CARTESIAN_POINT('',(-0.0743573495996034,-0.0241373710903516,0.040924));
#7554=CARTESIAN_POINT('',(-0.0795120269224208,-0.029292027794501,0.040924));
#7555=CARTESIAN_POINT('',(-0.0518169616590112,-0.0515990393894117,0.036924));
#7556=CARTESIAN_POINT('',(-0.0268159786200706,-0.0766001224324842,0.036924));
#7557=CARTESIAN_POINT('',(-0.0268159786200706,-0.0766001224324842,0.0334442));
#7558=CARTESIAN_POINT('',(-0.0268159786200706,-0.0766001224324842,0.031924));
#7559=CARTESIAN_POINT('',(-0.0518169616590112,-0.0515990393894117,0.0334442));
#7560=CARTESIAN_POINT('',(-0.0518169616590112,-0.0515990393894117,0.031924));
#7561=CARTESIAN_POINT('',(0.0296651853587065,0.0797473608487261,0.036924));
#7562=CARTESIAN_POINT('',(0.0296651853587065,0.0797473608487261,0.031924));
#7563=CARTESIAN_POINT('',(0.026970155571405,0.077054237300584,0.031924));
#7564=CARTESIAN_POINT('',(0.0323602151460081,0.0824404843968682,0.031924));
#7565=CARTESIAN_POINT('',(0.0323602151460081,0.0824404843968682,0.036924));
#7566=CARTESIAN_POINT('',(0.0323602151460081,0.0824404843968682,0.040924));
#7567=CARTESIAN_POINT('',(0.0296651853587065,0.0797473608487261,0.040924));
#7568=CARTESIAN_POINT('',(0.0245086950323362,0.0745945177932809,0.040924));
#7569=CARTESIAN_POINT('',(0.0245086950323362,0.0745945177932809,0.040924));
#7570=CARTESIAN_POINT('',(0.0245086950323362,0.0745945177932809,0.036924));
#7571=CARTESIAN_POINT('',(0.0245086950323362,0.0745945177932809,0.0334442));
#7572=CARTESIAN_POINT('',(0.026970155571405,0.077054237300584,0.0334442));
#7573=CARTESIAN_POINT('',(0.026970155571405,0.077054237300584,0.036924));
#7574=CARTESIAN_POINT('',(0.0573524016727665,0.0574306079707097,0.036924));
#7575=CARTESIAN_POINT('',(0.0573524016727665,0.0574306079707097,0.031924));
#7576=CARTESIAN_POINT('',(0.0823445881995248,0.0324207315445512,0.031924));
#7577=CARTESIAN_POINT('',(0.0823445881995248,0.0324207315445512,0.036924));
#7578=CARTESIAN_POINT('',(0.0823445881995248,0.0324207315445512,0.040924));
#7579=CARTESIAN_POINT('',(0.0573524016727665,0.0574306079707097,0.040924));
#7580=CARTESIAN_POINT('',(0.0796495584122232,0.0297276079964091,0.036924));
#7581=CARTESIAN_POINT('',(0.0796495584122232,0.0297276079964091,0.031924));
#7582=CARTESIAN_POINT('',(0.0769545286249216,0.027034484448267,0.031924));
#7583=CARTESIAN_POINT('',(0.0769545286249216,0.027034484448267,0.036924));
#7584=CARTESIAN_POINT('',(0.0769545286249216,0.027034484448267,0.0334442));
#7585=CARTESIAN_POINT('',(0.0744930680858529,0.024574764940964,0.0334442));
#7586=CARTESIAN_POINT('',(0.0744930680858529,0.024574764940964,0.036924));
#7587=CARTESIAN_POINT('',(0.0744930680858529,0.024574764940964,0.040924));
#7588=CARTESIAN_POINT('',(0.0744930680858529,0.024574764940964,0.040924));
#7589=CARTESIAN_POINT('',(0.0796495584122232,0.0297276079964091,0.040924));
#7590=CARTESIAN_POINT('',(-0.0795120678920648,0.0297380462734401,0.036924));
#7591=CARTESIAN_POINT('',(-0.0795120678920648,0.0297380462734401,0.031924));
#7592=CARTESIAN_POINT('',(-0.0768179910557333,0.0270439694371302,0.031924));
#7593=CARTESIAN_POINT('',(-0.0822061447283963,0.0324321231097501,0.031924));
#7594=CARTESIAN_POINT('',(-0.0822061447283963,0.0324321231097501,0.036924));
#7595=CARTESIAN_POINT('',(-0.0822061447283963,0.0324321231097501,0.040924));
#7596=CARTESIAN_POINT('',(-0.0795120678920648,0.0297380462734401,0.040924));
#7597=CARTESIAN_POINT('',(-0.0743574008785505,0.0245833792599671,0.040924));
#7598=CARTESIAN_POINT('',(-0.0743574008785505,0.0245833792599671,0.040924));
#7599=CARTESIAN_POINT('',(-0.0743574008785505,0.0245833792599671,0.036924));
#7600=CARTESIAN_POINT('',(-0.0743574008785505,0.0245833792599671,0.0334442));
#7601=CARTESIAN_POINT('',(-0.0768179910557333,0.0270439694371302,0.0334442));
#7602=CARTESIAN_POINT('',(-0.0768179910557333,0.0270439694371302,0.036924));
#7603=CARTESIAN_POINT('',(-0.0572051116874397,0.0574331561509066,0.036924));
#7604=CARTESIAN_POINT('',(-0.0572051116874397,0.0574331561509066,0.031924));
#7605=CARTESIAN_POINT('',(-0.0322040786464831,0.0824341891920631,0.031924));
#7606=CARTESIAN_POINT('',(-0.0322040786464831,0.0824341891920631,0.036924));
#7607=CARTESIAN_POINT('',(-0.0322040786464831,0.0824341891920631,0.040924));
#7608=CARTESIAN_POINT('',(-0.0572051116874397,0.0574331561509066,0.040924));
#7609=CARTESIAN_POINT('',(-0.0295100018101517,0.0797401123557531,0.036924));
#7610=CARTESIAN_POINT('',(-0.0295100018101517,0.0797401123557531,0.031924));
#7611=CARTESIAN_POINT('',(-0.0268159249738201,0.0770460355194431,0.031924));
#7612=CARTESIAN_POINT('',(-0.0268159249738201,0.0770460355194431,0.036924));
#7613=CARTESIAN_POINT('',(-0.0268159249738201,0.0770460355194431,0.0334442));
#7614=CARTESIAN_POINT('',(-0.0243553347966374,0.07458544534228,0.0334442));
#7615=CARTESIAN_POINT('',(-0.0243553347966374,0.07458544534228,0.036924));
#7616=CARTESIAN_POINT('',(-0.0243553347966374,0.07458544534228,0.040924));
#7617=CARTESIAN_POINT('',(-0.0243553347966374,0.07458544534228,0.040924));
#7618=CARTESIAN_POINT('',(-0.0295100018101517,0.0797401123557531,0.040924));
#7619=CARTESIAN_POINT('',(-0.000582097520966747,0.0814353714500305,0.036924));
#7620=CARTESIAN_POINT('',(-0.000582097520966747,0.0814353714500305,0.031924));
#7621=CARTESIAN_POINT('',(-0.000582097520966747,0.0745923376547341,0.031924));
#7622=CARTESIAN_POINT('',(-0.000582097520966747,0.0882784052453269,0.031924));
#7623=CARTESIAN_POINT('',(-0.000582097520966747,0.0882784052453269,0.036924));
#7624=CARTESIAN_POINT('',(-0.000582097520966747,0.0882784052453269,0.040924));
#7625=CARTESIAN_POINT('',(-0.000582097520966747,0.0814353714500305,0.040924));
#7626=CARTESIAN_POINT('',(-0.000582097520966747,0.0745923376547341,0.040924));
#7627=CARTESIAN_POINT('',(-0.000582097520966747,0.0745923376547341,0.036924));
#7628=CARTESIAN_POINT('',(-0.000582097520966747,0.0882784052453269,0.040924));
#7629=CARTESIAN_POINT('',(-0.000582097520966747,0.0882784052453269,0.031924));
#7630=CARTESIAN_POINT('',(-0.00120197764477231,0.0877529830451488,0.040924));
#7631=CARTESIAN_POINT('',(-0.00120197764477231,0.0877529830451488,0.031924));
#7632=CARTESIAN_POINT('',(-0.00211113515968714,0.0872039463640639,0.040924));
#7633=CARTESIAN_POINT('',(-0.00211113515968714,0.0872039463640639,0.031924));
#7634=CARTESIAN_POINT('',(-0.00330957006571123,0.0866312952020721,0.040924));
#7635=CARTESIAN_POINT('',(-0.00330957006571123,0.0866312952020721,0.031924));
#7636=CARTESIAN_POINT('',(-0.000582097520966747,0.0882784052453269,0.031924));
#7637=CARTESIAN_POINT('',(-0.00151191770667509,0.0874902719450598,0.031924));
#7638=CARTESIAN_POINT('',(-0.00330957006571123,0.0866312952020721,0.031924));
#7639=CARTESIAN_POINT('',(-0.00330957006571123,0.0866312952020721,0.031924));
#7640=CARTESIAN_POINT('',(-0.00330957006571123,0.0866312952020721,0.036924));
#7641=CARTESIAN_POINT('',(-0.00330957006571123,0.0866312952020721,0.040924));
#7642=CARTESIAN_POINT('',(-0.000582097520966747,0.0882784052453269,0.040924));
#7643=CARTESIAN_POINT('',(-0.00151191770667509,0.0874902719450598,0.040924));
#7644=CARTESIAN_POINT('',(-0.00330957006571123,0.0866312952020721,0.040924));
#7645=CARTESIAN_POINT('',(-0.00330957006571123,0.0871294131587016,0.036924));
#7646=CARTESIAN_POINT('',(-0.00330957006571123,0.0871294131587016,0.031924));
#7647=CARTESIAN_POINT('',(-0.00330957006571123,0.0876275311153311,0.031924));
#7648=CARTESIAN_POINT('',(-0.00330957006571123,0.0876275311153311,0.036924));
#7649=CARTESIAN_POINT('',(-0.00330957006571123,0.0876275311153311,0.040924));
#7650=CARTESIAN_POINT('',(-0.00330957006571123,0.0871294131587016,0.040924));
#7651=CARTESIAN_POINT('',(-0.00330957006571123,0.0876275311153311,0.040924));
#7652=CARTESIAN_POINT('',(-0.00330957006571123,0.0876275311153311,0.031924));
#7653=CARTESIAN_POINT('',(-0.00193402655288555,0.0887993997303349,0.040924));
#7654=CARTESIAN_POINT('',(-0.00193402655288555,0.0887993997303349,0.031924));
#7655=CARTESIAN_POINT('',(-0.000909748443549689,0.0900450635981727,0.040924));
#7656=CARTESIAN_POINT('',(-0.000909748443549689,0.0900450635981727,0.031924));
#7657=CARTESIAN_POINT('',(-0.000236735737703648,0.0913645227188446,0.040924));
#7658=CARTESIAN_POINT('',(-0.000236735737703648,0.0913645227188446,0.031924));
#7659=CARTESIAN_POINT('',(-0.00330957006571123,0.0876275311153311,0.031924));
#7660=CARTESIAN_POINT('',(-0.00124625479647271,0.0893853340378368,0.031924));
#7661=CARTESIAN_POINT('',(-0.000236735737703648,0.0913645227188446,0.031924));
#7662=CARTESIAN_POINT('',(-0.000236735737703648,0.0913645227188446,0.031924));
#7663=CARTESIAN_POINT('',(-0.000236735737703648,0.0913645227188446,0.036924));
#7664=CARTESIAN_POINT('',(-0.000236735737703648,0.0913645227188446,0.040924));
#7665=CARTESIAN_POINT('',(-0.00330957006571123,0.0876275311153311,0.040924));
#7666=CARTESIAN_POINT('',(-0.00124625479647271,0.0893853340378368,0.040924));
#7667=CARTESIAN_POINT('',(-0.000236735737703648,0.0913645227188446,0.040924));
#7668=CARTESIAN_POINT('',(1.12163118185784E-5,0.0913645227188446,0.036924));
#7669=CARTESIAN_POINT('',(1.12163118185784E-5,0.0913645227188446,0.031924));
#7670=CARTESIAN_POINT('',(0.000259168361340804,0.0913645227188446,0.031924));
#7671=CARTESIAN_POINT('',(0.000259168361340804,0.0913645227188446,0.036924));
#7672=CARTESIAN_POINT('',(0.000259168361340804,0.0913645227188446,0.040924));
#7673=CARTESIAN_POINT('',(1.12163118185784E-5,0.0913645227188446,0.040924));
#7674=CARTESIAN_POINT('',(0.000259168361340804,0.0913645227188446,0.040924));
#7675=CARTESIAN_POINT('',(0.000259168361340804,0.0913645227188446,0.031924));
#7676=CARTESIAN_POINT('',(0.000932181067186845,0.0900450635981727,0.040924));
#7677=CARTESIAN_POINT('',(0.000932181067186845,0.0900450635981727,0.031924));
#7678=CARTESIAN_POINT('',(0.00195645917652271,0.0887993997303349,0.040924));
#7679=CARTESIAN_POINT('',(0.00195645917652271,0.0887993997303349,0.031924));
#7680=CARTESIAN_POINT('',(0.00333200268934838,0.0876275311153311,0.040924));
#7681=CARTESIAN_POINT('',(0.00333200268934838,0.0876275311153311,0.031924));
#7682=CARTESIAN_POINT('',(0.000259168361340804,0.0913645227188446,0.031924));
#7683=CARTESIAN_POINT('',(0.00126868742010987,0.0893853340378368,0.031924));
#7684=CARTESIAN_POINT('',(0.00333200268934838,0.0876275311153311,0.031924));
#7685=CARTESIAN_POINT('',(0.00333200268934838,0.0876275311153311,0.031924));
#7686=CARTESIAN_POINT('',(0.00333200268934838,0.0876275311153311,0.036924));
#7687=CARTESIAN_POINT('',(0.00333200268934838,0.0876275311153311,0.040924));
#7688=CARTESIAN_POINT('',(0.000259168361340804,0.0913645227188446,0.040924));
#7689=CARTESIAN_POINT('',(0.00126868742010987,0.0893853340378368,0.040924));
#7690=CARTESIAN_POINT('',(0.00333200268934838,0.0876275311153311,0.040924));
#7691=CARTESIAN_POINT('',(0.00333200268934838,0.0871294131587016,0.036924));
#7692=CARTESIAN_POINT('',(0.00333200268934838,0.0871294131587016,0.031924));
#7693=CARTESIAN_POINT('',(0.00333200268934838,0.0866312952020721,0.031924));
#7694=CARTESIAN_POINT('',(0.00333200268934838,0.0866312952020721,0.036924));
#7695=CARTESIAN_POINT('',(0.00333200268934838,0.0866312952020721,0.040924));
#7696=CARTESIAN_POINT('',(0.00333200268934838,0.0871294131587016,0.040924));
#7697=CARTESIAN_POINT('',(0.00333200268934838,0.0866312952020721,0.040924));
#7698=CARTESIAN_POINT('',(0.00333200268934838,0.0866312952020721,0.031924));
#7699=CARTESIAN_POINT('',(0.0021335677833243,0.0872039463640639,0.040924));
#7700=CARTESIAN_POINT('',(0.0021335677833243,0.0872039463640639,0.031924));
#7701=CARTESIAN_POINT('',(0.00122441026840947,0.0877529830451488,0.040924));
#7702=CARTESIAN_POINT('',(0.00122441026840947,0.0877529830451488,0.031924));
#7703=CARTESIAN_POINT('',(0.000604530144603904,0.0882784052453269,0.040924));
#7704=CARTESIAN_POINT('',(0.000604530144603904,0.0882784052453269,0.031924));
#7705=CARTESIAN_POINT('',(0.00333200268934838,0.0866312952020721,0.031924));
#7706=CARTESIAN_POINT('',(0.00153435033031225,0.0874902719450598,0.031924));
#7707=CARTESIAN_POINT('',(0.000604530144603904,0.0882784052453269,0.031924));
#7708=CARTESIAN_POINT('',(0.000604530144603904,0.0882784052453269,0.031924));
#7709=CARTESIAN_POINT('',(0.000604530144603904,0.0882784052453269,0.036924));
#7710=CARTESIAN_POINT('',(0.000604530144603904,0.0882784052453269,0.040924));
#7711=CARTESIAN_POINT('',(0.00333200268934838,0.0866312952020721,0.040924));
#7712=CARTESIAN_POINT('',(0.00153435033031225,0.0874902719450598,0.040924));
#7713=CARTESIAN_POINT('',(0.000604530144603904,0.0882784052453269,0.040924));
#7714=CARTESIAN_POINT('',(0.000604530144603904,0.0814353714500305,0.036924));
#7715=CARTESIAN_POINT('',(0.000604530144603904,0.0814353714500305,0.031924));
#7716=CARTESIAN_POINT('',(0.000604530144603904,0.0745923376547341,0.031924));
#7717=CARTESIAN_POINT('',(0.000604530144603904,0.0745923376547341,0.036924));
#7718=CARTESIAN_POINT('',(0.000604530144603904,0.0745923376547341,0.040924));
#7719=CARTESIAN_POINT('',(0.000604530144603904,0.0814353714500305,0.040924));
#7720=CARTESIAN_POINT('',(8.68000039186481E-5,0.100265521060224,0.036924));
#7721=CARTESIAN_POINT('',(8.68000039186481E-5,0.100265521060224,0.031924));
#7722=CARTESIAN_POINT('',(0.0501629000039187,0.100265521060225,0.031924));
#7723=CARTESIAN_POINT('',(-0.0499892999960803,0.100265521060223,0.031924));
#7724=CARTESIAN_POINT('',(-0.0499892999960803,0.100265521060223,0.036924));
#7725=CARTESIAN_POINT('',(-0.0499892999960803,0.100265521060223,0.040924));
#7726=CARTESIAN_POINT('',(8.68000039186481E-5,0.100265521060224,0.040924));
#7727=CARTESIAN_POINT('',(0.0501629000039187,0.100265521060225,0.040924));
#7728=CARTESIAN_POINT('',(0.0501629000039187,0.100265521060225,0.036924));
#7729=CARTESIAN_POINT('',(-0.0749903330370379,0.0752644880190677,0.036924));
#7730=CARTESIAN_POINT('',(-0.0749903330370379,0.0752644880190677,0.031924));
#7731=CARTESIAN_POINT('',(-0.0999913660779945,0.0502634549779112,0.031924));
#7732=CARTESIAN_POINT('',(-0.0999913660779945,0.0502634549779112,0.036924));
#7733=CARTESIAN_POINT('',(-0.0999913660779945,0.0502634549779112,0.040924));
#7734=CARTESIAN_POINT('',(-0.0749903330370379,0.0752644880190677,0.040924));
#7735=CARTESIAN_POINT('',(-0.0999913660779935,0.036707846452556,0.036924));
#7736=CARTESIAN_POINT('',(-0.0999913660779935,0.036707846452556,0.031924));
#7737=CARTESIAN_POINT('',(-0.0999913660779937,-0.04973634502209,0.031924));
#7738=CARTESIAN_POINT('',(-0.0999913660779937,-0.04973634502209,0.036924));
#7739=CARTESIAN_POINT('',(-0.0999913660779937,-0.04973634502209,0.040924));
#7740=CARTESIAN_POINT('',(-0.0999913660779935,0.036707846452556,0.040924));
#7741=CARTESIAN_POINT('',(-0.0749903830390527,-0.0747374280651621,0.036924));
#7742=CARTESIAN_POINT('',(-0.0749903830390527,-0.0747374280651621,0.031924));
#7743=CARTESIAN_POINT('',(-0.049989400000112,-0.0997385111082343,0.031924));
#7744=CARTESIAN_POINT('',(-0.049989400000112,-0.0997385111082343,0.036924));
#7745=CARTESIAN_POINT('',(-0.049989400000112,-0.0997385111082343,0.040924));
#7746=CARTESIAN_POINT('',(-0.0749903830390527,-0.0747374280651621,0.040924));
#7747=CARTESIAN_POINT('',(7.86712031037792E-6,-0.0997591768803779,0.036924));
#7748=CARTESIAN_POINT('',(7.86712031037792E-6,-0.0997591768803779,0.031924));
#7749=CARTESIAN_POINT('',(0.0500051342407327,-0.0997798426525215,0.031924));
#7750=CARTESIAN_POINT('',(0.0500051342407327,-0.0997798426525215,0.036924));
#7751=CARTESIAN_POINT('',(0.0500051342407327,-0.0997798426525215,0.040924));
#7752=CARTESIAN_POINT('',(7.86712031037792E-6,-0.0997591768803779,0.040924));
#7753=CARTESIAN_POINT('',(0.0750026237447789,-0.0747752665766289,0.036924));
#7754=CARTESIAN_POINT('',(0.0750026237447789,-0.0747752665766289,0.031924));
#7755=CARTESIAN_POINT('',(0.100000113248825,-0.0497706905007363,0.031924));
#7756=CARTESIAN_POINT('',(0.100000113248825,-0.0497706905007363,0.036924));
#7757=CARTESIAN_POINT('',(0.100000113248825,-0.0497706905007363,0.040924));
#7758=CARTESIAN_POINT('',(0.0750026237447789,-0.0747752665766289,0.040924));
#7759=CARTESIAN_POINT('',(0.100139785202281,0.036690608473347,0.036924));
#7760=CARTESIAN_POINT('',(0.100139785202281,0.036690608473347,0.031924));
#7761=CARTESIAN_POINT('',(0.100161655457334,0.050228979019492,0.031924));
#7762=CARTESIAN_POINT('',(0.100161655457334,0.050228979019492,0.036924));
#7763=CARTESIAN_POINT('',(0.100161655457334,0.050228979019492,0.040924));
#7764=CARTESIAN_POINT('',(0.100139785202281,0.036690608473347,0.040924));
#7765=CARTESIAN_POINT('',(-0.0517570669489982,0.0878911523894525,0.036924));
#7766=CARTESIAN_POINT('',(-0.0517570669489982,0.0878911523894525,0.031924));
#7767=CARTESIAN_POINT('',(-0.0493320669489982,0.0878911523894525,0.031924));
#7768=CARTESIAN_POINT('',(-0.0517570669489982,0.0878911523894525,0.040924));
#7769=CARTESIAN_POINT('',(-0.0493320669489982,0.0878911523894525,0.040924));
#7770=CARTESIAN_POINT('',(-0.0876170009427875,-0.0515041367237898,0.036924));
#7771=CARTESIAN_POINT('',(-0.0876170009427875,-0.0515041367237898,0.031924));
#7772=CARTESIAN_POINT('',(-0.0851920009427875,-0.0515041367237898,0.031924));
#7773=CARTESIAN_POINT('',(-0.0876170009427875,-0.0515041367237898,0.040924));
#7774=CARTESIAN_POINT('',(-0.0851920009427875,-0.0515041367237898,0.040924));
#7775=CARTESIAN_POINT('',(-0.0517571422043376,-0.0873641389019606,0.036924));
#7776=CARTESIAN_POINT('',(-0.0517571422043376,-0.0873641389019606,0.031924));
#7777=CARTESIAN_POINT('',(-0.0493321422043376,-0.0873641389019606,0.031924));
#7778=CARTESIAN_POINT('',(-0.0517571422043376,-0.0873641389019606,0.040924));
#7779=CARTESIAN_POINT('',(-0.0493321422043376,-0.0873641389019606,0.040924));
#7780=CARTESIAN_POINT('',(0.0517716667465299,-0.0874016305487609,0.036924));
#7781=CARTESIAN_POINT('',(0.0517716667465299,-0.0874016305487609,0.031924));
#7782=CARTESIAN_POINT('',(0.0541966667465299,-0.0874016305487609,0.031924));
#7783=CARTESIAN_POINT('',(0.0517716667465299,-0.0874016305487609,0.040924));
#7784=CARTESIAN_POINT('',(0.0541966667465299,-0.0874016305487609,0.040924));
#7785=CARTESIAN_POINT('',(0.0876386202354492,-0.0515482383300448,0.036924));
#7786=CARTESIAN_POINT('',(0.0876386202354492,-0.0515482383300448,0.031924));
#7787=CARTESIAN_POINT('',(0.0900636202354492,-0.0515482383300448,0.031924));
#7788=CARTESIAN_POINT('',(0.0876386202354492,-0.0515482383300448,0.040924));
#7789=CARTESIAN_POINT('',(0.0900636202354492,-0.0515482383300448,0.040924));
#7790=CARTESIAN_POINT('',(0.015379648656879,-0.0192768702756675,0.036924));
#7791=CARTESIAN_POINT('',(0.015379648656879,-0.0192768702756675,0.031924));
#7792=CARTESIAN_POINT('',(0.0178046486568791,-0.0192768702756675,0.031924));
#7793=CARTESIAN_POINT('',(0.015379648656879,-0.0192768702756675,0.040924));
#7794=CARTESIAN_POINT('',(0.0178046486568791,-0.0192768702756675,0.040924));
#7795=CARTESIAN_POINT('',(0.0795393946974775,-0.029297797547812,0.036924));
#7796=CARTESIAN_POINT('',(0.0795393946974775,-0.029297797547812,0.031924));
#7797=CARTESIAN_POINT('',(0.0795393946974775,-0.029297797547812,0.040924));
#7798=CARTESIAN_POINT('',(0.074386352386323,-0.0241415063439087,0.040924));
#7799=CARTESIAN_POINT('',(0.074386352386323,-0.0241415063439087,0.040924));
#7800=CARTESIAN_POINT('',(0.074386352386323,-0.0241415063439087,0.036924));
#7801=CARTESIAN_POINT('',(0.074386352386323,-0.0241415063439087,0.0334442));
#7802=CARTESIAN_POINT('',(-0.0295100608445397,-0.0792941938806459,0.036924));
#7803=CARTESIAN_POINT('',(-0.0295100608445397,-0.0792941938806459,0.031924));
#7804=CARTESIAN_POINT('',(-0.0295100608445397,-0.0792941938806459,0.040924));
#7805=CARTESIAN_POINT('',(-0.0243553835217223,-0.0741395371764965,0.040924));
#7806=CARTESIAN_POINT('',(-0.0243553835217223,-0.0741395371764965,0.040924));
#7807=CARTESIAN_POINT('',(-0.0243553835217223,-0.0741395371764965,0.036924));
#7808=CARTESIAN_POINT('',(-0.0243553835217223,-0.0741395371764965,0.0334442));
#7809=CARTESIAN_POINT('',(-0.0152413660779934,-0.00734776207279811,0.036924));
#7810=CARTESIAN_POINT('',(-0.0152413660779934,-0.00734776207279811,0.031924));
#7811=CARTESIAN_POINT('',(-0.0128163660779934,-0.00734776207279811,0.031924));
#7812=CARTESIAN_POINT('',(-0.0152413660779934,-0.00734776207279811,0.041924));
#7813=CARTESIAN_POINT('',(-0.0128163660779934,-0.00734776207279811,0.041924));
#7814=CARTESIAN_POINT('',(-0.0151257513431209,-0.0192768702756675,0.036924));
#7815=CARTESIAN_POINT('',(-0.0151257513431209,-0.0192768702756675,0.031924));
#7816=CARTESIAN_POINT('',(-0.0127007513431209,-0.0192768702756675,0.031924));
#7817=CARTESIAN_POINT('',(-0.0151257513431209,-0.0192768702756675,0.040924));
#7818=CARTESIAN_POINT('',(-0.0127007513431209,-0.0192768702756675,0.040924));
#7819=CARTESIAN_POINT('',(-0.0151257513431209,-0.0497768702756675,0.036924));
#7820=CARTESIAN_POINT('',(-0.0151257513431209,-0.0497768702756675,0.031924));
#7821=CARTESIAN_POINT('',(-0.0127007513431209,-0.0497768702756675,0.031924));
#7822=CARTESIAN_POINT('',(-0.0151257513431209,-0.0497768702756675,0.040924));
#7823=CARTESIAN_POINT('',(-0.0127007513431209,-0.0497768702756675,0.040924));
#7824=CARTESIAN_POINT('',(0.015379648656879,-0.0497768702756675,0.036924));
#7825=CARTESIAN_POINT('',(0.015379648656879,-0.0497768702756675,0.031924));
#7826=CARTESIAN_POINT('',(0.0178046486568791,-0.0497768702756675,0.031924));
#7827=CARTESIAN_POINT('',(0.015379648656879,-0.0497768702756675,0.040924));
#7828=CARTESIAN_POINT('',(0.0178046486568791,-0.0497768702756675,0.040924));
#7829=CARTESIAN_POINT('',(0.0152586339220065,-0.00734776207279811,0.036924));
#7830=CARTESIAN_POINT('',(0.0152586339220065,-0.00734776207279811,0.031924));
#7831=CARTESIAN_POINT('',(0.0176836339220066,-0.00734776207279811,0.031924));
#7832=CARTESIAN_POINT('',(0.0152586339220065,-0.00734776207279811,0.041924));
#7833=CARTESIAN_POINT('',(0.0176836339220066,-0.00734776207279811,0.041924));
#7834=CARTESIAN_POINT('',(0.0519623420981633,0.0520443608744255,0.036924));
#7835=CARTESIAN_POINT('',(0.0769545286249216,0.027034484448267,0.0334442));
#7836=CARTESIAN_POINT('',(0.0519623420981633,0.0520443608744255,0.031924));
#7837=CARTESIAN_POINT('',(-0.0518169580147767,0.0520450024782867,0.036924));
#7838=CARTESIAN_POINT('',(-0.0268159249738201,0.0770460355194431,0.0334442));
#7839=CARTESIAN_POINT('',(-0.0518169580147767,0.0520450024782867,0.031924));
#7840=CARTESIAN_POINT('',(1.12163118185784E-5,0.0745923376547341,0.036924));
#7841=CARTESIAN_POINT('',(1.12163118185784E-5,0.0745923376547341,0.031924));
#7842=CARTESIAN_POINT('',(1.12163118185784E-5,0.0745923376547341,0.040924));
#7843=CARTESIAN_POINT('',(0.0877879554124276,0.0520014200477575,0.036924));
#7844=CARTESIAN_POINT('',(0.0877879554124276,0.0520014200477575,0.031924));
#7845=CARTESIAN_POINT('',(0.0902129554124276,0.0520014200477575,0.031924));
#7846=CARTESIAN_POINT('',(0.0877879554124276,0.0520014200477575,0.040924));
#7847=CARTESIAN_POINT('',(0.0902129554124276,0.0520014200477575,0.040924));
#7848=CARTESIAN_POINT('',(0.0519259926293587,0.0878904855291992,0.036924));
#7849=CARTESIAN_POINT('',(0.0519259926293587,0.0878904855291992,0.031924));
#7850=CARTESIAN_POINT('',(0.0543509926293587,0.0878904855291992,0.031924));
#7851=CARTESIAN_POINT('',(0.0519259926293587,0.0878904855291992,0.040924));
#7852=CARTESIAN_POINT('',(0.0543509926293587,0.0878904855291992,0.040924));
#7853=CARTESIAN_POINT('',(0.0152586339220065,0.0231522379272019,0.036924));
#7854=CARTESIAN_POINT('',(0.0152586339220065,0.0231522379272019,0.031924));
#7855=CARTESIAN_POINT('',(0.0176836339220066,0.0231522379272019,0.031924));
#7856=CARTESIAN_POINT('',(0.0152586339220065,0.0231522379272019,0.041924));
#7857=CARTESIAN_POINT('',(0.0176836339220066,0.0231522379272019,0.041924));
#7858=CARTESIAN_POINT('',(-0.0152413660779934,0.0231522379272019,0.036924));
#7859=CARTESIAN_POINT('',(-0.0152413660779934,0.0231522379272019,0.031924));
#7860=CARTESIAN_POINT('',(-0.0128163660779934,0.0231522379272019,0.031924));
#7861=CARTESIAN_POINT('',(-0.0152413660779934,0.0231522379272019,0.041924));
#7862=CARTESIAN_POINT('',(-0.0128163660779934,0.0231522379272019,0.041924));
#7863=CARTESIAN_POINT('',(0.0751622777306269,0.0752472500398579,0.036924));
#7864=CARTESIAN_POINT('',(0.0751622777306269,0.0752472500398579,0.031924));
#7865=CARTESIAN_POINT('',(0.0751622777306269,0.0752472500398579,0.040924));
#7866=CARTESIAN_POINT('',(-0.087616997407237,0.0520312219309271,0.036924));
#7867=CARTESIAN_POINT('',(-0.087616997407237,0.0520312219309271,0.031924));
#7868=CARTESIAN_POINT('',(-0.085191997407237,0.0520312219309271,0.031924));
#7869=CARTESIAN_POINT('',(-0.087616997407237,0.0520312219309271,0.040924));
#7870=CARTESIAN_POINT('',(-0.085191997407237,0.0520312219309271,0.040924));
#7871=CARTESIAN_POINT('',(8.51446896698582E-5,0.000242839203851681,0.031924));
#7872=CARTESIAN_POINT('',(-0.0289968831189434,0.0297775328857846,0.031924));
#7873=CARTESIAN_POINT('',(-0.0276468831189434,0.0297775328857846,0.031924));
#7874=CARTESIAN_POINT('',(0.0289913142882579,0.0528072736890037,0.031924));
#7875=CARTESIAN_POINT('',(0.0303413142882579,0.0528072736890037,0.031924));
#7876=CARTESIAN_POINT('',(0.0289913142882579,0.0297948736890037,0.031924));
#7877=CARTESIAN_POINT('',(0.0303413142882579,0.0297948736890037,0.031924));
#7878=CARTESIAN_POINT('',(-0.0290086780850582,0.0527775298614099,0.031924));
#7879=CARTESIAN_POINT('',(-0.0276586780850582,0.0527775298614099,0.031924));
#7880=CARTESIAN_POINT('',(-0.000226619496941631,0.0257661032155156,0.041924));
#7881=CARTESIAN_POINT('',(-0.000226619496941631,0.0257661032155156,0.040924));
#7882=CARTESIAN_POINT('',(-0.0182266194969416,0.0257661032155156,0.040924));
#7883=CARTESIAN_POINT('',(0.0177733805030584,0.0257661032155156,0.040924));
#7884=CARTESIAN_POINT('',(-0.0182266194969416,0.0257661032155156,0.041924));
#7885=CARTESIAN_POINT('',(-0.0182266194969416,0.0257661032155156,0.041924));
#7886=CARTESIAN_POINT('',(-0.000226619496941631,0.0257661032155156,0.041924));
#7887=CARTESIAN_POINT('',(0.0177733805030584,0.0257661032155156,0.041924));
#7888=CARTESIAN_POINT('',(0.0177733805030584,0.0257661032155156,0.041924));
#7889=CARTESIAN_POINT('',(-0.0182266194969416,0.00776610321551562,0.041924));
#7890=CARTESIAN_POINT('',(-0.0182266194969416,0.00776610321551562,0.040924));
#7891=CARTESIAN_POINT('',(-0.0182266194969416,-0.0102338967844844,0.040924));
#7892=CARTESIAN_POINT('',(-0.0182266194969416,-0.0102338967844844,0.041924));
#7893=CARTESIAN_POINT('',(-0.0182266194969416,-0.0102338967844844,0.041924));
#7894=CARTESIAN_POINT('',(-0.0182266194969416,0.00776610321551562,0.041924));
#7895=CARTESIAN_POINT('',(-0.000226619496941631,-0.0102338967844844,0.041924));
#7896=CARTESIAN_POINT('',(-0.000226619496941631,-0.0102338967844844,0.040924));
#7897=CARTESIAN_POINT('',(0.0177733805030584,-0.0102338967844844,0.040924));
#7898=CARTESIAN_POINT('',(0.0177733805030584,-0.0102338967844844,0.041924));
#7899=CARTESIAN_POINT('',(0.0177733805030584,-0.0102338967844844,0.041924));
#7900=CARTESIAN_POINT('',(-0.000226619496941631,-0.0102338967844844,0.041924));
#7901=CARTESIAN_POINT('',(-0.00573411259991076,0.00021579025997117,0.041924));
#7902=CARTESIAN_POINT('',(-0.00573411259991076,0.00021579025997117,0.036924));
#7903=CARTESIAN_POINT('',(-0.00573411259991076,0.000408427058572044,0.036924));
#7904=CARTESIAN_POINT('',(-0.00573411259991076,2.31534613702954E-5,0.036924));
#7905=CARTESIAN_POINT('',(-0.00573411259991076,2.31534613702954E-5,0.041924));
#7906=CARTESIAN_POINT('',(-0.00573411259991076,2.31534613702954E-5,0.041924));
#7907=CARTESIAN_POINT('',(-0.00573411259991076,0.00021579025997117,0.041924));
#7908=CARTESIAN_POINT('',(-0.00573411259991076,0.000408427058572044,0.041924));
#7909=CARTESIAN_POINT('',(-0.00573411259991076,0.0004091012843423,0.041924));
#7910=CARTESIAN_POINT('',(-0.00625782727392505,0.0019639724323244,0.041924));
#7911=CARTESIAN_POINT('',(-0.00625782727392505,0.0019639724323244,0.036924));
#7912=CARTESIAN_POINT('',(-0.00626015924224392,-4.63069227405967E-5,0.036924));
#7913=CARTESIAN_POINT('',(-0.00626015924224392,-4.63069227405967E-5,0.041924));
#7914=CARTESIAN_POINT('',(-0.00626015924224392,-4.63069227405967E-5,0.041924));
#7915=CARTESIAN_POINT('',(-0.00625782727392505,0.0019639724323244,0.041924));
#7916=CARTESIAN_POINT('',(-0.00626015924224392,-4.63069227405967E-5,0.041924));
#7917=CARTESIAN_POINT('',(-0.00626015924224392,-4.63069227405967E-5,0.036924));
#7918=CARTESIAN_POINT('',(-0.00667692154690927,-4.63069227405967E-5,0.041924));
#7919=CARTESIAN_POINT('',(-0.00667692154690927,-4.63069227405967E-5,0.036924));
#7920=CARTESIAN_POINT('',(-0.00688530269924195,0.000190167096054708,0.041924));
#7921=CARTESIAN_POINT('',(-0.00688530269924195,0.000190167096054708,0.036924));
#7922=CARTESIAN_POINT('',(-0.00688530269924195,0.000663115133645316,0.041924));
#7923=CARTESIAN_POINT('',(-0.00688530269924195,0.000663115133645316,0.036924));
#7924=CARTESIAN_POINT('',(-0.00626015924224392,-4.63069227405967E-5,0.036924));
#7925=CARTESIAN_POINT('',(-0.00688530269924195,-4.63069227405967E-5,0.036924));
#7926=CARTESIAN_POINT('',(-0.00688530269924195,0.000663115133645316,0.036924));
#7927=CARTESIAN_POINT('',(-0.00688530269924195,0.000663115133645315,0.036924));
#7928=CARTESIAN_POINT('',(-0.00688530269924195,0.000663115133645315,0.041924));
#7929=CARTESIAN_POINT('',(-0.00688530269924195,0.000663115133645315,0.041924));
#7930=CARTESIAN_POINT('',(-0.00626015924224392,-4.63069227405967E-5,0.041924));
#7931=CARTESIAN_POINT('',(-0.00688530269924195,-4.63069227405967E-5,0.041924));
#7932=CARTESIAN_POINT('',(-0.00688530269924195,0.000663115133645316,0.041924));
#7933=CARTESIAN_POINT('',(-0.00688530269924195,0.00170779931067313,0.041924));
#7934=CARTESIAN_POINT('',(-0.00688530269924195,0.00170779931067313,0.036924));
#7935=CARTESIAN_POINT('',(-0.00688530269924195,0.00275248348770095,0.036924));
#7936=CARTESIAN_POINT('',(-0.00688530269924195,0.00275248348770095,0.041924));
#7937=CARTESIAN_POINT('',(-0.00688530269924195,0.00275248348770095,0.041924));
#7938=CARTESIAN_POINT('',(-0.00688530269924195,0.00170779931067313,0.041924));
#7939=CARTESIAN_POINT('',(-0.00706636276715767,0.00275248348770095,0.041924));
#7940=CARTESIAN_POINT('',(-0.00706636276715767,0.00275248348770095,0.036924));
#7941=CARTESIAN_POINT('',(-0.0072474228350734,0.00275248348770095,0.036924));
#7942=CARTESIAN_POINT('',(-0.0072474228350734,0.00275248348770095,0.041924));
#7943=CARTESIAN_POINT('',(-0.0072474228350734,0.00275248348770095,0.041924));
#7944=CARTESIAN_POINT('',(-0.00706636276715767,0.00275248348770095,0.041924));
#7945=CARTESIAN_POINT('',(-0.0072474228350734,0.00294187880170999,0.041924));
#7946=CARTESIAN_POINT('',(-0.0072474228350734,0.00294187880170999,0.036924));
#7947=CARTESIAN_POINT('',(-0.0072474228350734,0.00313127411571902,0.036924));
#7948=CARTESIAN_POINT('',(-0.0072474228350734,0.00313127411571902,0.041924));
#7949=CARTESIAN_POINT('',(-0.0072474228350734,0.00313127411571902,0.041924));
#7950=CARTESIAN_POINT('',(-0.0072474228350734,0.00294187880170999,0.041924));
#7951=CARTESIAN_POINT('',(-0.00705663831338215,0.00313127411571902,0.041924));
#7952=CARTESIAN_POINT('',(-0.00705663831338215,0.00313127411571902,0.036924));
#7953=CARTESIAN_POINT('',(-0.0068658537916909,0.00313127411571902,0.036924));
#7954=CARTESIAN_POINT('',(-0.0068658537916909,0.00313127411571902,0.041924));
#7955=CARTESIAN_POINT('',(-0.0068658537916909,0.00313127411571902,0.041924));
#7956=CARTESIAN_POINT('',(-0.00705663831338215,0.00313127411571902,0.041924));
#7957=CARTESIAN_POINT('',(-0.00678898429994151,0.00348181752086532,0.041924));
#7958=CARTESIAN_POINT('',(-0.00678898429994151,0.00348181752086532,0.036924));
#7959=CARTESIAN_POINT('',(-0.00671211480819212,0.00383236092601162,0.036924));
#7960=CARTESIAN_POINT('',(-0.00671211480819212,0.00383236092601162,0.041924));
#7961=CARTESIAN_POINT('',(-0.00671211480819212,0.00383236092601162,0.041924));
#7962=CARTESIAN_POINT('',(-0.00678898429994151,0.00348181752086532,0.041924));
#7963=CARTESIAN_POINT('',(-0.00653846384791489,0.00383236092601162,0.041924));
#7964=CARTESIAN_POINT('',(-0.00653846384791489,0.00383236092601162,0.036924));
#7965=CARTESIAN_POINT('',(-0.00636481288763766,0.00383236092601162,0.036924));
#7966=CARTESIAN_POINT('',(-0.00636481288763766,0.00383236092601162,0.041924));
#7967=CARTESIAN_POINT('',(-0.00636481288763766,0.00383236092601162,0.041924));
#7968=CARTESIAN_POINT('',(-0.00653846384791489,0.00383236092601162,0.041924));
#7969=CARTESIAN_POINT('',(-0.00636481288763766,0.00348181752086532,0.041924));
#7970=CARTESIAN_POINT('',(-0.00636481288763766,0.00348181752086532,0.036924));
#7971=CARTESIAN_POINT('',(-0.00636481288763766,0.00313127411571902,0.036924));
#7972=CARTESIAN_POINT('',(-0.00636481288763766,0.00313127411571902,0.041924));
#7973=CARTESIAN_POINT('',(-0.00636481288763766,0.00313127411571902,0.041924));
#7974=CARTESIAN_POINT('',(-0.00636481288763766,0.00348181752086532,0.041924));
#7975=CARTESIAN_POINT('',(-0.00607539462050895,0.00313127411571902,0.041924));
#7976=CARTESIAN_POINT('',(-0.00607539462050895,0.00313127411571902,0.036924));
#7977=CARTESIAN_POINT('',(-0.00578597635338023,0.00313127411571902,0.036924));
#7978=CARTESIAN_POINT('',(-0.00578597635338023,0.00313127411571902,0.041924));
#7979=CARTESIAN_POINT('',(-0.00578597635338023,0.00313127411571902,0.041924));
#7980=CARTESIAN_POINT('',(-0.00607539462050895,0.00313127411571902,0.041924));
#7981=CARTESIAN_POINT('',(-0.00578597635338023,0.00294187880170999,0.041924));
#7982=CARTESIAN_POINT('',(-0.00578597635338023,0.00294187880170999,0.036924));
#7983=CARTESIAN_POINT('',(-0.00578597635338023,0.00275248348770095,0.036924));
#7984=CARTESIAN_POINT('',(-0.00578597635338023,0.00275248348770095,0.041924));
#7985=CARTESIAN_POINT('',(-0.00578597635338023,0.00275248348770095,0.041924));
#7986=CARTESIAN_POINT('',(-0.00578597635338023,0.00294187880170999,0.041924));
#7987=CARTESIAN_POINT('',(-0.00607539462050895,0.00275248348770095,0.041924));
#7988=CARTESIAN_POINT('',(-0.00607539462050895,0.00275248348770095,0.036924));
#7989=CARTESIAN_POINT('',(-0.00636481288763766,0.00275248348770095,0.036924));
#7990=CARTESIAN_POINT('',(-0.00636481288763766,0.00275248348770095,0.041924));
#7991=CARTESIAN_POINT('',(-0.00636481288763766,0.00275248348770095,0.041924));
#7992=CARTESIAN_POINT('',(-0.00607539462050895,0.00275248348770095,0.041924));
#7993=CARTESIAN_POINT('',(-0.00636481288763766,0.00176429375641666,0.041924));
#7994=CARTESIAN_POINT('',(-0.00636481288763766,0.00176429375641666,0.036924));
#7995=CARTESIAN_POINT('',(-0.00636481288763766,0.000776104025132367,0.036924));
#7996=CARTESIAN_POINT('',(-0.00636481288763766,0.000776104025132367,0.041924));
#7997=CARTESIAN_POINT('',(-0.00636481288763766,0.000776104025132367,0.041924));
#7998=CARTESIAN_POINT('',(-0.00636481288763766,0.00176429375641666,0.041924));
#7999=CARTESIAN_POINT('',(-0.00636481288763766,0.000776104025132367,0.041924));
#8000=CARTESIAN_POINT('',(-0.00636481288763766,0.000776104025132367,0.036924));
#8001=CARTESIAN_POINT('',(-0.00636481288763766,0.000625452169816298,0.041924));
#8002=CARTESIAN_POINT('',(-0.00636481288763766,0.000625452169816298,0.036924));
#8003=CARTESIAN_POINT('',(-0.00634027021858515,0.000519718029558607,0.041924));
#8004=CARTESIAN_POINT('',(-0.00634027021858515,0.000519718029558607,0.036924));
#8005=CARTESIAN_POINT('',(-0.00629118488048012,0.000458901604359293,0.041924));
#8006=CARTESIAN_POINT('',(-0.00629118488048012,0.000458901604359293,0.036924));
#8007=CARTESIAN_POINT('',(-0.00636481288763766,0.000776104025132367,0.036924));
#8008=CARTESIAN_POINT('',(-0.00636481288763766,0.000550126242158264,0.036924));
#8009=CARTESIAN_POINT('',(-0.00629118488048012,0.000458901604359293,0.036924));
#8010=CARTESIAN_POINT('',(-0.00629118488048012,0.000458901604359293,0.036924));
#8011=CARTESIAN_POINT('',(-0.00629118488048012,0.000458901604359293,0.041924));
#8012=CARTESIAN_POINT('',(-0.00629118488048012,0.000458901604359293,0.041924));
#8013=CARTESIAN_POINT('',(-0.00636481288763766,0.000776104025132367,0.041924));
#8014=CARTESIAN_POINT('',(-0.00636481288763766,0.000550126242158264,0.041924));
#8015=CARTESIAN_POINT('',(-0.00629118488048012,0.000458901604359293,0.041924));
#8016=CARTESIAN_POINT('',(-0.00629118488048012,0.000458901604359293,0.041924));
#8017=CARTESIAN_POINT('',(-0.00629118488048012,0.000458901604359293,0.036924));
#8018=CARTESIAN_POINT('',(-0.00624209954237509,0.000398085179159978,0.041924));
#8019=CARTESIAN_POINT('',(-0.00624209954237509,0.000398085179159978,0.036924));
#8020=CARTESIAN_POINT('',(-0.00615674044812326,0.000367676966560321,0.041924));
#8021=CARTESIAN_POINT('',(-0.00615674044812326,0.000367676966560321,0.036924));
#8022=CARTESIAN_POINT('',(-0.00603510759772463,0.000367676966560321,0.041924));
#8023=CARTESIAN_POINT('',(-0.00603510759772463,0.000367676966560321,0.036924));
#8024=CARTESIAN_POINT('',(-0.00629118488048012,0.000458901604359293,0.036924));
#8025=CARTESIAN_POINT('',(-0.00621755687332257,0.000367676966560321,0.036924));
#8026=CARTESIAN_POINT('',(-0.00603510759772463,0.000367676966560321,0.036924));
#8027=CARTESIAN_POINT('',(-0.00603510759772463,0.000367676966560321,0.036924));
#8028=CARTESIAN_POINT('',(-0.00603510759772463,0.000367676966560321,0.041924));
#8029=CARTESIAN_POINT('',(-0.00603510759772463,0.000367676966560321,0.041924));
#8030=CARTESIAN_POINT('',(-0.00629118488048012,0.000458901604359293,0.041924));
#8031=CARTESIAN_POINT('',(-0.00621755687332257,0.000367676966560321,0.041924));
#8032=CARTESIAN_POINT('',(-0.00603510759772463,0.000367676966560321,0.041924));
#8033=CARTESIAN_POINT('',(-0.00377440362952879,0.0014558896509643,0.041924));
#8034=CARTESIAN_POINT('',(-0.00377440362952879,0.0014558896509643,0.036924));
#8035=CARTESIAN_POINT('',(-0.00265748065302564,0.0014558896509643,0.036924));
#8036=CARTESIAN_POINT('',(-0.00489132660603194,0.0014558896509643,0.036924));
#8037=CARTESIAN_POINT('',(-0.00489132660603194,0.0014558896509643,0.041924));
#8038=CARTESIAN_POINT('',(-0.00489132660603194,0.0014558896509643,0.041924));
#8039=CARTESIAN_POINT('',(-0.00377440362952879,0.0014558896509643,0.041924));
#8040=CARTESIAN_POINT('',(-0.00265748065302564,0.0014558896509643,0.041924));
#8041=CARTESIAN_POINT('',(-0.00265748065302564,0.0014558896509643,0.041924));
#8042=CARTESIAN_POINT('',(-0.00489132660603194,0.0014558896509643,0.041924));
#8043=CARTESIAN_POINT('',(-0.00489132660603194,0.0014558896509643,0.036924));
#8044=CARTESIAN_POINT('',(-0.00489132660603194,0.00109716535613382,0.041924));
#8045=CARTESIAN_POINT('',(-0.00489132660603194,0.00109716535613382,0.036924));
#8046=CARTESIAN_POINT('',(-0.00481708117323785,0.000820249958145067,0.041924));
#8047=CARTESIAN_POINT('',(-0.00481708117323785,0.000820249958145067,0.036924));
#8048=CARTESIAN_POINT('',(-0.00466859030764968,0.000625143456998028,0.041924));
#8049=CARTESIAN_POINT('',(-0.00466859030764968,0.000625143456998028,0.036924));
#8050=CARTESIAN_POINT('',(-0.00489132660603194,0.0014558896509643,0.036924));
#8051=CARTESIAN_POINT('',(-0.00489132660603194,0.000917803208718587,0.036924));
#8052=CARTESIAN_POINT('',(-0.00466859030764968,0.000625143456998028,0.036924));
#8053=CARTESIAN_POINT('',(-0.00466859030764968,0.000625143456998028,0.036924));
#8054=CARTESIAN_POINT('',(-0.00466859030764968,0.000625143456998028,0.041924));
#8055=CARTESIAN_POINT('',(-0.00466859030764968,0.000625143456998028,0.041924));
#8056=CARTESIAN_POINT('',(-0.00489132660603194,0.0014558896509643,0.041924));
#8057=CARTESIAN_POINT('',(-0.00489132660603194,0.000917803208718587,0.041924));
#8058=CARTESIAN_POINT('',(-0.00466859030764968,0.000625143456998028,0.041924));
#8059=CARTESIAN_POINT('',(-0.00466859030764968,0.000625143456998028,0.041924));
#8060=CARTESIAN_POINT('',(-0.00466859030764968,0.000625143456998028,0.036924));
#8061=CARTESIAN_POINT('',(-0.0045200994420615,0.000430036955850989,0.041924));
#8062=CARTESIAN_POINT('',(-0.0045200994420615,0.000430036955850989,0.036924));
#8063=CARTESIAN_POINT('',(-0.00430322868722638,0.000332483705277469,0.041924));
#8064=CARTESIAN_POINT('',(-0.00430322868722638,0.000332483705277469,0.036924));
#8065=CARTESIAN_POINT('',(-0.00401797804314432,0.000332483705277469,0.041924));
#8066=CARTESIAN_POINT('',(-0.00401797804314432,0.000332483705277469,0.036924));
#8067=CARTESIAN_POINT('',(-0.00466859030764968,0.000625143456998028,0.036924));
#8068=CARTESIAN_POINT('',(-0.00444585400926741,0.000332483705277469,0.036924));
#8069=CARTESIAN_POINT('',(-0.00401797804314432,0.000332483705277469,0.036924));
#8070=CARTESIAN_POINT('',(-0.00401797804314432,0.000332483705277469,0.036924));
#8071=CARTESIAN_POINT('',(-0.00401797804314432,0.000332483705277469,0.041924));
#8072=CARTESIAN_POINT('',(-0.00401797804314432,0.000332483705277469,0.041924));
#8073=CARTESIAN_POINT('',(-0.00466859030764968,0.000625143456998028,0.041924));
#8074=CARTESIAN_POINT('',(-0.00444585400926741,0.000332483705277469,0.041924));
#8075=CARTESIAN_POINT('',(-0.00401797804314432,0.000332483705277469,0.041924));
#8076=CARTESIAN_POINT('',(-0.00401797804314432,0.000332483705277469,0.041924));
#8077=CARTESIAN_POINT('',(-0.00401797804314432,0.000332483705277469,0.036924));
#8078=CARTESIAN_POINT('',(-0.00379200026017022,0.000332483705277469,0.041924));
#8079=CARTESIAN_POINT('',(-0.00379200026017022,0.000332483705277469,0.036924));
#8080=CARTESIAN_POINT('',(-0.00361094019225449,0.000377864489563252,0.041924));
#8081=CARTESIAN_POINT('',(-0.00361094019225449,0.000377864489563252,0.036924));
#8082=CARTESIAN_POINT('',(-0.00347479783939714,0.000468626058134818,0.041924));
#8083=CARTESIAN_POINT('',(-0.00347479783939714,0.000468626058134818,0.036924));
#8084=CARTESIAN_POINT('',(-0.00401797804314432,0.000332483705277469,0.036924));
#8085=CARTESIAN_POINT('',(-0.00367901136868316,0.000332483705277469,0.036924));
#8086=CARTESIAN_POINT('',(-0.00347479783939714,0.000468626058134818,0.036924));
#8087=CARTESIAN_POINT('',(-0.00347479783939714,0.000468626058134818,0.036924));
#8088=CARTESIAN_POINT('',(-0.00347479783939714,0.000468626058134818,0.041924));
#8089=CARTESIAN_POINT('',(-0.00347479783939714,0.000468626058134818,0.041924));
#8090=CARTESIAN_POINT('',(-0.00401797804314432,0.000332483705277469,0.041924));
#8091=CARTESIAN_POINT('',(-0.00367901136868316,0.000332483705277469,0.041924));
#8092=CARTESIAN_POINT('',(-0.00347479783939714,0.000468626058134818,0.041924));
#8093=CARTESIAN_POINT('',(-0.00383383382934391,0.00104275574590493,0.041924));
#8094=CARTESIAN_POINT('',(-0.00383383382934391,0.00104275574590493,0.036924));
#8095=CARTESIAN_POINT('',(-0.00319778696227072,0.000812990919051328,0.036924));
#8096=CARTESIAN_POINT('',(-0.00319778694419026,0.000812990883783583,0.041924));
#8097=CARTESIAN_POINT('',(-0.00319778696227072,0.000812990919051328,0.041924));
#8098=CARTESIAN_POINT('',(-0.00383383382934391,0.00104275574590493,0.041924));
#8099=CARTESIAN_POINT('',(-0.00297005238152466,0.00074831987148801,0.041924));
#8100=CARTESIAN_POINT('',(-0.00297005238152466,0.00074831987148801,0.036924));
#8101=CARTESIAN_POINT('',(-0.00274175925241353,0.000683490179651177,0.036924));
#8102=CARTESIAN_POINT('',(-0.00274175925241353,0.000683490179651177,0.041924));
#8103=CARTESIAN_POINT('',(-0.00274175925241353,0.000683490179651177,0.041924));
#8104=CARTESIAN_POINT('',(-0.00297005238152466,0.00074831987148801,0.041924));
#8105=CARTESIAN_POINT('',(-0.00274175925241353,0.000683490179651177,0.041924));
#8106=CARTESIAN_POINT('',(-0.00274175925241353,0.000683490179651177,0.036924));
#8107=CARTESIAN_POINT('',(-0.00292883922028553,0.000188932244781625,0.041924));
#8108=CARTESIAN_POINT('',(-0.00292883922028553,0.000188932244781625,0.036924));
#8109=CARTESIAN_POINT('',(-0.00335424548386246,-5.83467226531514E-5,0.041924));
#8110=CARTESIAN_POINT('',(-0.00335424548386246,-5.83467226531514E-5,0.036924));
#8111=CARTESIAN_POINT('',(-0.00401797804314432,-5.83467226531514E-5,0.041924));
#8112=CARTESIAN_POINT('',(-0.00401797804314432,-5.83467226531514E-5,0.036924));
#8113=CARTESIAN_POINT('',(-0.00274175925241353,0.000683490179651177,0.036924));
#8114=CARTESIAN_POINT('',(-0.00302237920422153,-5.83467226531514E-5,0.036924));
#8115=CARTESIAN_POINT('',(-0.00401797804314432,-5.83467226531514E-5,0.036924));
#8116=CARTESIAN_POINT('',(-0.00401797804314432,-5.83467226531514E-5,0.036924));
#8117=CARTESIAN_POINT('',(-0.00401797804314432,-5.83467226531514E-5,0.041924));
#8118=CARTESIAN_POINT('',(-0.00401797804314432,-5.83467226531514E-5,0.041924));
#8119=CARTESIAN_POINT('',(-0.00274175925241353,0.000683490179651177,0.041924));
#8120=CARTESIAN_POINT('',(-0.00302237920422153,-5.83467226531514E-5,0.041924));
#8121=CARTESIAN_POINT('',(-0.00401797804314432,-5.83467226531514E-5,0.041924));
#8122=CARTESIAN_POINT('',(-0.00401797804314432,-5.83467226531514E-5,0.041924));
#8123=CARTESIAN_POINT('',(-0.00401797804314432,-5.83467226531514E-5,0.036924));
#8124=CARTESIAN_POINT('',(-0.00448104727055027,-5.83467226531514E-5,0.041924));
#8125=CARTESIAN_POINT('',(-0.00448104727055027,-5.83467226531514E-5,0.036924));
#8126=CARTESIAN_POINT('',(-0.00483359730901533,7.9647907113821E-5,0.041924));
#8127=CARTESIAN_POINT('',(-0.00483359730901533,7.9647907113821E-5,0.036924));
#8128=CARTESIAN_POINT('',(-0.0050756281585395,0.000355637166647766,0.041924));
#8129=CARTESIAN_POINT('',(-0.0050756281585395,0.000355637166647766,0.036924));
#8130=CARTESIAN_POINT('',(-0.00401797804314432,-5.83467226531514E-5,0.036924));
#8131=CARTESIAN_POINT('',(-0.00471258188425324,-5.83467226531514E-5,0.036924));
#8132=CARTESIAN_POINT('',(-0.0050756281585395,0.000355637166647766,0.036924));
#8133=CARTESIAN_POINT('',(-0.0050756281585395,0.000355637166647766,0.036924));
#8134=CARTESIAN_POINT('',(-0.0050756281585395,0.000355637166647766,0.041924));
#8135=CARTESIAN_POINT('',(-0.0050756281585395,0.000355637166647766,0.041924));
#8136=CARTESIAN_POINT('',(-0.00401797804314432,-5.83467226531514E-5,0.041924));
#8137=CARTESIAN_POINT('',(-0.00471258188425324,-5.83467226531514E-5,0.041924));
#8138=CARTESIAN_POINT('',(-0.0050756281585395,0.000355637166647766,0.041924));
#8139=CARTESIAN_POINT('',(-0.0050756281585395,0.000355637166647766,0.041924));
#8140=CARTESIAN_POINT('',(-0.0050756281585395,0.000355637166647766,0.036924));
#8141=CARTESIAN_POINT('',(-0.00531765900806368,0.000631626426181711,0.041924));
#8142=CARTESIAN_POINT('',(-0.00531765900806368,0.000631626426181711,0.036924));
#8143=CARTESIAN_POINT('',(-0.00543867443282577,0.00104190576166338,0.041924));
#8144=CARTESIAN_POINT('',(-0.00543867443282577,0.00104190576166338,0.036924));
#8145=CARTESIAN_POINT('',(-0.00543867443282577,0.00158647517309277,0.041924));
#8146=CARTESIAN_POINT('',(-0.00543867443282577,0.00158647517309277,0.036924));
#8147=CARTESIAN_POINT('',(-0.0050756281585395,0.000355637166647766,0.036924));
#8148=CARTESIAN_POINT('',(-0.00543867443282577,0.000769621055948684,0.036924));
#8149=CARTESIAN_POINT('',(-0.00543867443282577,0.00158647517309277,0.036924));
#8150=CARTESIAN_POINT('',(-0.00543867443282577,0.00158647517309277,0.036924));
#8151=CARTESIAN_POINT('',(-0.00543867443282577,0.00158647517309277,0.041924));
#8152=CARTESIAN_POINT('',(-0.00543867443282577,0.00158647517309277,0.041924));
#8153=CARTESIAN_POINT('',(-0.0050756281585395,0.000355637166647766,0.041924));
#8154=CARTESIAN_POINT('',(-0.00543867443282577,0.000769621055948684,0.041924));
#8155=CARTESIAN_POINT('',(-0.00543867443282577,0.00158647517309277,0.041924));
#8156=CARTESIAN_POINT('',(-0.00543867443282577,0.00158647517309277,0.041924));
#8157=CARTESIAN_POINT('',(-0.00543867443282577,0.00158647517309277,0.036924));
#8158=CARTESIAN_POINT('',(-0.00543867443282577,0.00210326043087781,0.041924));
#8159=CARTESIAN_POINT('',(-0.00543867443282577,0.00210326043087781,0.036924));
#8160=CARTESIAN_POINT('',(-0.00531765900806368,0.00249964768953731,0.041924));
#8161=CARTESIAN_POINT('',(-0.00531765900806368,0.00249964768953731,0.036924));
#8162=CARTESIAN_POINT('',(-0.0050756281585395,0.00277563694907125,0.041924));
#8163=CARTESIAN_POINT('',(-0.0050756281585395,0.00277563694907125,0.036924));
#8164=CARTESIAN_POINT('',(-0.00543867443282577,0.00158647517309277,0.036924));
#8165=CARTESIAN_POINT('',(-0.00543867443282577,0.00236165305977033,0.036924));
#8166=CARTESIAN_POINT('',(-0.0050756281585395,0.00277563694907125,0.036924));
#8167=CARTESIAN_POINT('',(-0.0050756281585395,0.00277563694907125,0.036924));
#8168=CARTESIAN_POINT('',(-0.0050756281585395,0.00277563694907125,0.041924));
#8169=CARTESIAN_POINT('',(-0.0050756281585395,0.00277563694907125,0.041924));
#8170=CARTESIAN_POINT('',(-0.00543867443282577,0.00158647517309277,0.041924));
#8171=CARTESIAN_POINT('',(-0.00543867443282577,0.00236165305977033,0.041924));
#8172=CARTESIAN_POINT('',(-0.0050756281585395,0.00277563694907125,0.041924));
#8173=CARTESIAN_POINT('',(-0.0050756281585395,0.00277563694907125,0.041924));
#8174=CARTESIAN_POINT('',(-0.0050756281585395,0.00277563694907125,0.036924));
#8175=CARTESIAN_POINT('',(-0.00483359730901533,0.0030516262086052,0.041924));
#8176=CARTESIAN_POINT('',(-0.00483359730901533,0.0030516262086052,0.036924));
#8177=CARTESIAN_POINT('',(-0.00448783895255222,0.00318962083837217,0.041924));
#8178=CARTESIAN_POINT('',(-0.00448783895255222,0.00318962083837217,0.036924));
#8179=CARTESIAN_POINT('',(-0.00403835308915018,0.00318962083837217,0.041924));
#8180=CARTESIAN_POINT('',(-0.00403835308915018,0.00318962083837217,0.036924));
#8181=CARTESIAN_POINT('',(-0.0050756281585395,0.00277563694907125,0.036924));
#8182=CARTESIAN_POINT('',(-0.00471258188425324,0.00318962083837217,0.036924));
#8183=CARTESIAN_POINT('',(-0.00403835308915018,0.00318962083837217,0.036924));
#8184=CARTESIAN_POINT('',(-0.00403835308915018,0.00318962083837217,0.036924));
#8185=CARTESIAN_POINT('',(-0.00403835308915018,0.00318962083837217,0.041924));
#8186=CARTESIAN_POINT('',(-0.00403835308915018,0.00318962083837217,0.041924));
#8187=CARTESIAN_POINT('',(-0.0050756281585395,0.00277563694907125,0.041924));
#8188=CARTESIAN_POINT('',(-0.00471258188425324,0.00318962083837217,0.041924));
#8189=CARTESIAN_POINT('',(-0.00403835308915018,0.00318962083837217,0.041924));
#8190=CARTESIAN_POINT('',(-0.00403835308915018,0.00318962083837217,0.041924));
#8191=CARTESIAN_POINT('',(-0.00403835308915018,0.00318962083837217,0.036924));
#8192=CARTESIAN_POINT('',(-0.00311777146506716,0.00318962083837217,0.041924));
#8193=CARTESIAN_POINT('',(-0.00311777146506716,0.00318962083837217,0.036924));
#8194=CARTESIAN_POINT('',(-0.00265748065302564,0.00263486390393984,0.041924));
#8195=CARTESIAN_POINT('',(-0.00265748065302564,0.00263486390393984,0.036924));
#8196=CARTESIAN_POINT('',(-0.00265748065302564,0.00152535003507519,0.041924));
#8197=CARTESIAN_POINT('',(-0.00265748065302564,0.00152535003507519,0.036924));
#8198=CARTESIAN_POINT('',(-0.00403835308915018,0.00318962083837217,0.036924));
#8199=CARTESIAN_POINT('',(-0.00265748065302564,0.00318962083837217,0.036924));
#8200=CARTESIAN_POINT('',(-0.00265748065302564,0.00152535003507519,0.036924));
#8201=CARTESIAN_POINT('',(-0.00265748065302564,0.00152535003507519,0.036924));
#8202=CARTESIAN_POINT('',(-0.00265748065302564,0.00152535003507519,0.041924));
#8203=CARTESIAN_POINT('',(-0.00265748065302564,0.00152535003507519,0.041924));
#8204=CARTESIAN_POINT('',(-0.00403835308915018,0.00318962083837217,0.041924));
#8205=CARTESIAN_POINT('',(-0.00265748065302564,0.00318962083837217,0.041924));
#8206=CARTESIAN_POINT('',(-0.00265748065302564,0.00152535003507519,0.041924));
#8207=CARTESIAN_POINT('',(0.0148854339580213,0.00177448127941959,0.041924));
#8208=CARTESIAN_POINT('',(0.0148854339580213,0.00177448127941959,0.036924));
#8209=CARTESIAN_POINT('',(0.0150552260080701,0.00160283695246112,0.041924));
#8210=CARTESIAN_POINT('',(0.0150552260080701,0.00160283695246112,0.036924));
#8211=CARTESIAN_POINT('',(0.0151401220330946,0.00138673797967168,0.041924));
#8212=CARTESIAN_POINT('',(0.0151401220330946,0.00138673797967168,0.036924));
#8213=CARTESIAN_POINT('',(0.0151401220330946,0.00112618436105126,0.041924));
#8214=CARTESIAN_POINT('',(0.0151401220330946,0.00112618436105126,0.036924));
#8215=CARTESIAN_POINT('',(0.0148854339580213,0.00177448127941959,0.036924));
#8216=CARTESIAN_POINT('',(0.0151401220330946,0.00151701478898188,0.036924));
#8217=CARTESIAN_POINT('',(0.0151401220330946,0.00112618436105126,0.036924));
#8218=CARTESIAN_POINT('',(0.0148854339580213,0.00177448127941959,0.036924));
#8219=CARTESIAN_POINT('',(0.0151401220330946,0.00112618436105126,0.036924));
#8220=CARTESIAN_POINT('',(0.0151401220330946,0.00112618436105126,0.041924));
#8221=CARTESIAN_POINT('',(0.0151401220330946,0.00112618436105126,0.041924));
#8222=CARTESIAN_POINT('',(0.0148854339580213,0.00177448127941959,0.041924));
#8223=CARTESIAN_POINT('',(0.0151401220330946,0.00151701478898188,0.041924));
#8224=CARTESIAN_POINT('',(0.0151401220330946,0.00112618436105126,0.041924));
#8225=CARTESIAN_POINT('',(0.0148854339580213,0.00177448127941959,0.041924));
#8226=CARTESIAN_POINT('',(0.0148854339580213,0.00177448127941959,0.041924));
#8227=CARTESIAN_POINT('',(0.0151401220330946,0.00112618436105126,0.041924));
#8228=CARTESIAN_POINT('',(0.0151401220330946,0.00112618436105126,0.036924));
#8229=CARTESIAN_POINT('',(0.0151401220330946,0.000749554722761093,0.041924));
#8230=CARTESIAN_POINT('',(0.0151401220330946,0.000749554722761093,0.036924));
#8231=CARTESIAN_POINT('',(0.0150204958160147,0.000457975465904481,0.041924));
#8232=CARTESIAN_POINT('',(0.0150204958160147,0.000457975465904481,0.036924));
#8233=CARTESIAN_POINT('',(0.0147812433818549,0.000251446590481428,0.041924));
#8234=CARTESIAN_POINT('',(0.0147812433818549,0.000251446590481428,0.036924));
#8235=CARTESIAN_POINT('',(0.0151401220330946,0.00112618436105126,0.036924));
#8236=CARTESIAN_POINT('',(0.0151401220330946,0.000561239903616007,0.036924));
#8237=CARTESIAN_POINT('',(0.0147812433818549,0.000251446590481428,0.036924));
#8238=CARTESIAN_POINT('',(0.0147812433818549,0.000251446590481428,0.036924));
#8239=CARTESIAN_POINT('',(0.0147812433818549,0.000251446590481428,0.041924));
#8240=CARTESIAN_POINT('',(0.0147812433818549,0.000251446590481428,0.041924));
#8241=CARTESIAN_POINT('',(0.0151401220330946,0.00112618436105126,0.041924));
#8242=CARTESIAN_POINT('',(0.0151401220330946,0.000561239903616007,0.041924));
#8243=CARTESIAN_POINT('',(0.0147812433818549,0.000251446590481428,0.041924));
#8244=CARTESIAN_POINT('',(0.0147812433818549,0.000251446590481428,0.041924));
#8245=CARTESIAN_POINT('',(0.0147812433818549,0.000251446590481428,0.036924));
#8246=CARTESIAN_POINT('',(0.0145419909476952,4.49177150583751E-5,0.041924));
#8247=CARTESIAN_POINT('',(0.0145419909476952,4.49177150583751E-5,0.036924));
#8248=CARTESIAN_POINT('',(0.0142004002142788,-5.83467226531514E-5,0.041924));
#8249=CARTESIAN_POINT('',(0.0142004002142788,-5.83467226531514E-5,0.036924));
#8250=CARTESIAN_POINT('',(0.0137564711816056,-5.83467226531514E-5,0.041924));
#8251=CARTESIAN_POINT('',(0.0137564711816056,-5.83467226531514E-5,0.036924));
#8252=CARTESIAN_POINT('',(0.0147812433818549,0.000251446590481428,0.036924));
#8253=CARTESIAN_POINT('',(0.0144223647306153,-5.83467226531514E-5,0.036924));
#8254=CARTESIAN_POINT('',(0.0137564711816056,-5.83467226531514E-5,0.036924));
#8255=CARTESIAN_POINT('',(0.0137564711816056,-5.83467226531514E-5,0.036924));
#8256=CARTESIAN_POINT('',(0.0137564711816056,-5.83467226531514E-5,0.041924));
#8257=CARTESIAN_POINT('',(0.0137564711816056,-5.83467226531514E-5,0.041924));
#8258=CARTESIAN_POINT('',(0.0147812433818549,0.000251446590481428,0.041924));
#8259=CARTESIAN_POINT('',(0.0144223647306153,-5.83467226531514E-5,0.041924));
#8260=CARTESIAN_POINT('',(0.0137564711816056,-5.83467226531514E-5,0.041924));
#8261=CARTESIAN_POINT('',(0.0137564711816056,-5.83467226531514E-5,0.041924));
#8262=CARTESIAN_POINT('',(0.0137564711816056,-5.83467226531514E-5,0.036924));
#8263=CARTESIAN_POINT('',(0.013344030856396,-5.83467226531514E-5,0.041924));
#8264=CARTESIAN_POINT('',(0.013344030856396,-5.83467226531514E-5,0.036924));
#8265=CARTESIAN_POINT('',(0.0130147886357104,3.48845484645796E-5,0.041924));
#8266=CARTESIAN_POINT('',(0.0130147886357104,3.48845484645796E-5,0.036924));
#8267=CARTESIAN_POINT('',(0.0127687445195487,0.000221347090700042,0.041924));
#8268=CARTESIAN_POINT('',(0.0127687445195487,0.000221347090700042,0.036924));
#8269=CARTESIAN_POINT('',(0.0137564711816056,-5.83467226531514E-5,0.036924));
#8270=CARTESIAN_POINT('',(0.0131378106937912,-5.83467226531514E-5,0.036924));
#8271=CARTESIAN_POINT('',(0.0127687445195487,0.000221347090700042,0.036924));
#8272=CARTESIAN_POINT('',(0.0127687445195487,0.000221347090700042,0.036924));
#8273=CARTESIAN_POINT('',(0.0127687445195487,0.000221347090700042,0.041924));
#8274=CARTESIAN_POINT('',(0.0127687445195487,0.000221347090700042,0.041924));
#8275=CARTESIAN_POINT('',(0.0137564711816056,-5.83467226531514E-5,0.041924));
#8276=CARTESIAN_POINT('',(0.0131378106937912,-5.83467226531514E-5,0.041924));
#8277=CARTESIAN_POINT('',(0.0127687445195487,0.000221347090700042,0.041924));
#8278=CARTESIAN_POINT('',(0.0127687445195487,0.000221347090700042,0.041924));
#8279=CARTESIAN_POINT('',(0.0127687445195487,0.000221347090700042,0.036924));
#8280=CARTESIAN_POINT('',(0.012522700403387,0.000407809632935503,0.041924));
#8281=CARTESIAN_POINT('',(0.012522700403387,0.000407809632935503,0.036924));
#8282=CARTESIAN_POINT('',(0.0123765248839359,0.000683181466832907,0.041924));
#8283=CARTESIAN_POINT('',(0.0123765248839359,0.000683181466832907,0.036924));
#8284=CARTESIAN_POINT('',(0.0123302179611953,0.00104746259239225,0.041924));
#8285=CARTESIAN_POINT('',(0.0123302179611953,0.00104746259239225,0.036924));
#8286=CARTESIAN_POINT('',(0.0127687445195487,0.000221347090700042,0.036924));
#8287=CARTESIAN_POINT('',(0.0123996783453062,0.000501040904053234,0.036924));
#8288=CARTESIAN_POINT('',(0.0123302179611953,0.00104746259239225,0.036924));
#8289=CARTESIAN_POINT('',(0.0123302179611953,0.00104746259239225,0.036924));
#8290=CARTESIAN_POINT('',(0.0123302179611953,0.00104746259239225,0.041924));
#8291=CARTESIAN_POINT('',(0.0123302179611953,0.00104746259239225,0.041924));
#8292=CARTESIAN_POINT('',(0.0127687445195487,0.000221347090700042,0.041924));
#8293=CARTESIAN_POINT('',(0.0123996783453062,0.000501040904053234,0.041924));
#8294=CARTESIAN_POINT('',(0.0123302179611953,0.00104746259239225,0.041924));
#8295=CARTESIAN_POINT('',(0.0125992611823181,0.00107200526144477,0.041924));
#8296=CARTESIAN_POINT('',(0.0125992611823181,0.00107200526144477,0.036924));
#8297=CARTESIAN_POINT('',(0.012868304403441,0.00109654793049728,0.036924));
#8298=CARTESIAN_POINT('',(0.012868304403441,0.00109654793049728,0.041924));
#8299=CARTESIAN_POINT('',(0.012868304403441,0.00109654793049728,0.041924));
#8300=CARTESIAN_POINT('',(0.0125992611823181,0.00107200526144477,0.041924));
#8301=CARTESIAN_POINT('',(0.012868304403441,0.00109654793049728,0.041924));
#8302=CARTESIAN_POINT('',(0.012868304403441,0.00109654793049728,0.036924));
#8303=CARTESIAN_POINT('',(0.0129380735003701,0.000614338508358555,0.041924));
#8304=CARTESIAN_POINT('',(0.0129380735003701,0.000614338508358555,0.036924));
#8305=CARTESIAN_POINT('',(0.0132341290930917,0.000373233797289192,0.041924));
#8306=CARTESIAN_POINT('',(0.0132341290930917,0.000373233797289192,0.036924));
#8307=CARTESIAN_POINT('',(0.0137564711816056,0.000373233797289192,0.041924));
#8308=CARTESIAN_POINT('',(0.0137564711816056,0.000373233797289192,0.036924));
#8309=CARTESIAN_POINT('',(0.012868304403441,0.00109654793049728,0.036924));
#8310=CARTESIAN_POINT('',(0.0129729580488347,0.000373233797289192,0.036924));
#8311=CARTESIAN_POINT('',(0.0137564711816056,0.000373233797289192,0.036924));
#8312=CARTESIAN_POINT('',(0.0137564711816056,0.000373233797289192,0.036924));
#8313=CARTESIAN_POINT('',(0.0137564711816056,0.000373233797289192,0.041924));
#8314=CARTESIAN_POINT('',(0.0137564711816056,0.000373233797289192,0.041924));
#8315=CARTESIAN_POINT('',(0.012868304403441,0.00109654793049728,0.041924));
#8316=CARTESIAN_POINT('',(0.0129729580488347,0.000373233797289192,0.041924));
#8317=CARTESIAN_POINT('',(0.0137564711816056,0.000373233797289192,0.041924));
#8318=CARTESIAN_POINT('',(0.0137564711816056,0.000373233797289192,0.041924));
#8319=CARTESIAN_POINT('',(0.0137564711816056,0.000373233797289192,0.036924));
#8320=CARTESIAN_POINT('',(0.0140188770771356,0.000373233797289192,0.041924));
#8321=CARTESIAN_POINT('',(0.0140188770771356,0.000373233797289192,0.036924));
#8322=CARTESIAN_POINT('',(0.0142249428833313,0.000437909132716889,0.041924));
#8323=CARTESIAN_POINT('',(0.0142249428833313,0.000437909132716889,0.036924));
#8324=CARTESIAN_POINT('',(0.0143746686001925,0.000567259803572284,0.041924));
#8325=CARTESIAN_POINT('',(0.0143746686001925,0.000567259803572284,0.036924));
#8326=CARTESIAN_POINT('',(0.0137564711816056,0.000373233797289192,0.036924));
#8327=CARTESIAN_POINT('',(0.0141500800249006,0.000373233797289192,0.036924));
#8328=CARTESIAN_POINT('',(0.0143746686001925,0.000567259803572284,0.036924));
#8329=CARTESIAN_POINT('',(0.0143746686001925,0.000567259803572284,0.036924));
#8330=CARTESIAN_POINT('',(0.0143746686001925,0.000567259803572284,0.041924));
#8331=CARTESIAN_POINT('',(0.0143746686001925,0.000567259803572284,0.041924));
#8332=CARTESIAN_POINT('',(0.0137564711816056,0.000373233797289192,0.041924));
#8333=CARTESIAN_POINT('',(0.0141500800249006,0.000373233797289192,0.041924));
#8334=CARTESIAN_POINT('',(0.0143746686001925,0.000567259803572284,0.041924));
#8335=CARTESIAN_POINT('',(0.0143746686001925,0.000567259803572284,0.041924));
#8336=CARTESIAN_POINT('',(0.0143746686001925,0.000567259803572284,0.036924));
#8337=CARTESIAN_POINT('',(0.0145243943170538,0.000696610474427679,0.041924));
#8338=CARTESIAN_POINT('',(0.0145243943170538,0.000696610474427679,0.036924));
#8339=CARTESIAN_POINT('',(0.0145992571754844,0.000888475490982877,0.041924));
#8340=CARTESIAN_POINT('',(0.0145992571754844,0.000888475490982877,0.036924));
#8341=CARTESIAN_POINT('',(0.0145992571754844,0.00114285485323788,0.041924));
#8342=CARTESIAN_POINT('',(0.0145992571754844,0.00114285485323788,0.036924));
#8343=CARTESIAN_POINT('',(0.0143746686001925,0.000567259803572284,0.036924));
#8344=CARTESIAN_POINT('',(0.0145992571754844,0.000761285809855377,0.036924));
#8345=CARTESIAN_POINT('',(0.0145992571754844,0.00114285485323788,0.036924));
#8346=CARTESIAN_POINT('',(0.0145992571754844,0.00114285485323788,0.036924));
#8347=CARTESIAN_POINT('',(0.0145992571754844,0.00114285485323788,0.041924));
#8348=CARTESIAN_POINT('',(0.0145992571754844,0.00114285485323788,0.041924));
#8349=CARTESIAN_POINT('',(0.0143746686001925,0.000567259803572284,0.041924));
#8350=CARTESIAN_POINT('',(0.0145992571754844,0.000761285809855377,0.041924));
#8351=CARTESIAN_POINT('',(0.0145992571754844,0.00114285485323788,0.041924));
#8352=CARTESIAN_POINT('',(0.0145992571754844,0.00114285485323788,0.041924));
#8353=CARTESIAN_POINT('',(0.0145992571754844,0.00114285485323788,0.036924));
#8354=CARTESIAN_POINT('',(0.0145992571754844,0.00136512808239273,0.041924));
#8355=CARTESIAN_POINT('',(0.0145992571754844,0.00136512808239273,0.036924));
#8356=CARTESIAN_POINT('',(0.0145138980812326,0.00153847032985169,0.041924));
#8357=CARTESIAN_POINT('',(0.0145138980812326,0.00153847032985169,0.036924));
#8358=CARTESIAN_POINT('',(0.0143431798927289,0.00166288159561475,0.041924));
#8359=CARTESIAN_POINT('',(0.0143431798927289,0.00166288159561475,0.036924));
#8360=CARTESIAN_POINT('',(0.0145992571754844,0.00114285485323788,0.036924));
#8361=CARTESIAN_POINT('',(0.0145992571754844,0.00147626469697016,0.036924));
#8362=CARTESIAN_POINT('',(0.0143431798927289,0.00166288159561475,0.036924));
#8363=CARTESIAN_POINT('',(0.0143431798927289,0.00166288159561475,0.036924));
#8364=CARTESIAN_POINT('',(0.0143431798927289,0.00166288159561475,0.041924));
#8365=CARTESIAN_POINT('',(0.0143431798927289,0.00166288159561475,0.041924));
#8366=CARTESIAN_POINT('',(0.0145992571754844,0.00114285485323788,0.041924));
#8367=CARTESIAN_POINT('',(0.0145992571754844,0.00147626469697016,0.041924));
#8368=CARTESIAN_POINT('',(0.0143431798927289,0.00166288159561475,0.041924));
#8369=CARTESIAN_POINT('',(0.0143431798927289,0.00166288159561475,0.041924));
#8370=CARTESIAN_POINT('',(0.0143431798927289,0.00166288159561475,0.036924));
#8371=CARTESIAN_POINT('',(0.0141724617042253,0.00178729286137782,0.041924));
#8372=CARTESIAN_POINT('',(0.0141724617042253,0.00178729286137782,0.036924));
#8373=CARTESIAN_POINT('',(0.0139259545188362,0.00184949849425935,0.041924));
#8374=CARTESIAN_POINT('',(0.0139259545188362,0.00184949849425935,0.036924));
#8375=CARTESIAN_POINT('',(0.0136036583365616,0.00184949849425935,0.041924));
#8376=CARTESIAN_POINT('',(0.0136036583365616,0.00184949849425935,0.036924));
#8377=CARTESIAN_POINT('',(0.0143431798927289,0.00166288159561475,0.036924));
#8378=CARTESIAN_POINT('',(0.0140871026099734,0.00184949849425935,0.036924));
#8379=CARTESIAN_POINT('',(0.0136036583365616,0.00184949849425935,0.036924));
#8380=CARTESIAN_POINT('',(0.0136036583365616,0.00184949849425935,0.036924));
#8381=CARTESIAN_POINT('',(0.0136036583365616,0.00184949849425935,0.041924));
#8382=CARTESIAN_POINT('',(0.0136036583365616,0.00184949849425935,0.041924));
#8383=CARTESIAN_POINT('',(0.0143431798927289,0.00166288159561475,0.041924));
#8384=CARTESIAN_POINT('',(0.0140871026099734,0.00184949849425935,0.041924));
#8385=CARTESIAN_POINT('',(0.0136036583365616,0.00184949849425935,0.041924));
#8386=CARTESIAN_POINT('',(0.0134559392530191,0.00184949849425935,0.041924));
#8387=CARTESIAN_POINT('',(0.0134559392530191,0.00184949849425935,0.036924));
#8388=CARTESIAN_POINT('',(0.0133082201694766,0.00184949849425935,0.036924));
#8389=CARTESIAN_POINT('',(0.0133082201694766,0.00184949849425935,0.041924));
#8390=CARTESIAN_POINT('',(0.0133082201694766,0.00184949849425935,0.041924));
#8391=CARTESIAN_POINT('',(0.0134559392530191,0.00184949849425935,0.041924));
#8392=CARTESIAN_POINT('',(0.0133082201694766,0.00207501320800605,0.041924));
#8393=CARTESIAN_POINT('',(0.0133082201694766,0.00207501320800605,0.036924));
#8394=CARTESIAN_POINT('',(0.0133082201694766,0.00230052792175275,0.036924));
#8395=CARTESIAN_POINT('',(0.0133082201694766,0.00230052792175275,0.041924));
#8396=CARTESIAN_POINT('',(0.0133082201694766,0.00230052792175275,0.041924));
#8397=CARTESIAN_POINT('',(0.0133082201694766,0.00207501320800605,0.041924));
#8398=CARTESIAN_POINT('',(0.0134499193530628,0.00230052792175275,0.041924));
#8399=CARTESIAN_POINT('',(0.0134499193530628,0.00230052792175275,0.036924));
#8400=CARTESIAN_POINT('',(0.0135916185366491,0.00230052792175275,0.036924));
#8401=CARTESIAN_POINT('',(0.0135916185366491,0.00230052792175275,0.041924));
#8402=CARTESIAN_POINT('',(0.0135916185366491,0.00230052792175275,0.041924));
#8403=CARTESIAN_POINT('',(0.0134499193530628,0.00230052792175275,0.041924));
#8404=CARTESIAN_POINT('',(0.0135916185366491,0.00230052792175275,0.041924));
#8405=CARTESIAN_POINT('',(0.0135916185366491,0.00230052792175275,0.036924));
#8406=CARTESIAN_POINT('',(0.0138774866063677,0.00230052792175275,0.041924));
#8407=CARTESIAN_POINT('',(0.0138774866063677,0.00230052792175275,0.036924));
#8408=CARTESIAN_POINT('',(0.0140989880534769,0.00236288791104342,0.041924));
#8409=CARTESIAN_POINT('',(0.0140989880534769,0.00236288791104342,0.036924));
#8410=CARTESIAN_POINT('',(0.0142561228779766,0.00248760788962475,0.041924));
#8411=CARTESIAN_POINT('',(0.0142561228779766,0.00248760788962475,0.036924));
#8412=CARTESIAN_POINT('',(0.0135916185366491,0.00230052792175275,0.036924));
#8413=CARTESIAN_POINT('',(0.014020420641227,0.00230052792175275,0.036924));
#8414=CARTESIAN_POINT('',(0.0142561228779766,0.00248760788962475,0.036924));
#8415=CARTESIAN_POINT('',(0.0142561228779766,0.00248760788962475,0.036924));
#8416=CARTESIAN_POINT('',(0.0142561228779766,0.00248760788962475,0.041924));
#8417=CARTESIAN_POINT('',(0.0142561228779766,0.00248760788962475,0.041924));
#8418=CARTESIAN_POINT('',(0.0135916185366491,0.00230052792175275,0.041924));
#8419=CARTESIAN_POINT('',(0.014020420641227,0.00230052792175275,0.041924));
#8420=CARTESIAN_POINT('',(0.0142561228779766,0.00248760788962475,0.041924));
#8421=CARTESIAN_POINT('',(0.0142561228779766,0.00248760788962475,0.041924));
#8422=CARTESIAN_POINT('',(0.0142561228779766,0.00248760788962475,0.036924));
#8423=CARTESIAN_POINT('',(0.0144132577024764,0.00261232786820609,0.041924));
#8424=CARTESIAN_POINT('',(0.0144132577024764,0.00261232786820609,0.036924));
#8425=CARTESIAN_POINT('',(0.0144918251147262,0.0027845896208011,0.041924));
#8426=CARTESIAN_POINT('',(0.0144918251147262,0.0027845896208011,0.036924));
#8427=CARTESIAN_POINT('',(0.0144918251147262,0.00300439314740979,0.041924));
#8428=CARTESIAN_POINT('',(0.0144918251147262,0.00300439314740979,0.036924));
#8429=CARTESIAN_POINT('',(0.0142561228779766,0.00248760788962475,0.036924));
#8430=CARTESIAN_POINT('',(0.0144918251147262,0.00267468785749675,0.036924));
#8431=CARTESIAN_POINT('',(0.0144918251147262,0.00300439314740979,0.036924));
#8432=CARTESIAN_POINT('',(0.0144918251147262,0.00300439314740979,0.036924));
#8433=CARTESIAN_POINT('',(0.0144918251147262,0.00300439314740979,0.041924));
#8434=CARTESIAN_POINT('',(0.0144918251147262,0.00300439314740979,0.041924));
#8435=CARTESIAN_POINT('',(0.0142561228779766,0.00248760788962475,0.041924));
#8436=CARTESIAN_POINT('',(0.0144918251147262,0.00267468785749675,0.041924));
#8437=CARTESIAN_POINT('',(0.0144918251147262,0.00300439314740979,0.041924));
#8438=CARTESIAN_POINT('',(0.0144918251147262,0.00300439314740979,0.041924));
#8439=CARTESIAN_POINT('',(0.0144918251147262,0.00300439314740979,0.036924));
#8440=CARTESIAN_POINT('',(0.0144918251147262,0.00322234439710886,0.041924));
#8441=CARTESIAN_POINT('',(0.0144918251147262,0.00322234439710886,0.036924));
#8442=CARTESIAN_POINT('',(0.0144277672049351,0.00339445179329473,0.041924));
#8443=CARTESIAN_POINT('',(0.0144277672049351,0.00339445179329473,0.036924));
#8444=CARTESIAN_POINT('',(0.0142996513853528,0.00352071533596742,0.041924));
#8445=CARTESIAN_POINT('',(0.0142996513853528,0.00352071533596742,0.036924));
#8446=CARTESIAN_POINT('',(0.0144918251147262,0.00300439314740979,0.036924));
#8447=CARTESIAN_POINT('',(0.0144918251147262,0.00333132002195839,0.036924));
#8448=CARTESIAN_POINT('',(0.0142996513853528,0.00352071533596742,0.036924));
#8449=CARTESIAN_POINT('',(0.0142996513853528,0.00352071533596742,0.036924));
#8450=CARTESIAN_POINT('',(0.0142996513853528,0.00352071533596742,0.041924));
#8451=CARTESIAN_POINT('',(0.0142996513853528,0.00352071533596742,0.041924));
#8452=CARTESIAN_POINT('',(0.0144918251147262,0.00300439314740979,0.041924));
#8453=CARTESIAN_POINT('',(0.0144918251147262,0.00333132002195839,0.041924));
#8454=CARTESIAN_POINT('',(0.0142996513853528,0.00352071533596742,0.041924));
#8455=CARTESIAN_POINT('',(0.0142996513853528,0.00352071533596742,0.041924));
#8456=CARTESIAN_POINT('',(0.0142996513853528,0.00352071533596742,0.036924));
#8457=CARTESIAN_POINT('',(0.0141715355657705,0.00364697887864011,0.041924));
#8458=CARTESIAN_POINT('',(0.0141715355657705,0.00364697887864011,0.036924));
#8459=CARTESIAN_POINT('',(0.0139809054004883,0.00371011064997646,0.041924));
#8460=CARTESIAN_POINT('',(0.0139809054004883,0.00371011064997646,0.036924));
#8461=CARTESIAN_POINT('',(0.0137277608895064,0.00371011064997646,0.041924));
#8462=CARTESIAN_POINT('',(0.0137277608895064,0.00371011064997646,0.036924));
#8463=CARTESIAN_POINT('',(0.0142996513853528,0.00352071533596742,0.036924));
#8464=CARTESIAN_POINT('',(0.0141074776559793,0.00371011064997646,0.036924));
#8465=CARTESIAN_POINT('',(0.0137277608895064,0.00371011064997646,0.036924));
#8466=CARTESIAN_POINT('',(0.0137277608895064,0.00371011064997646,0.036924));
#8467=CARTESIAN_POINT('',(0.0137277608895064,0.00371011064997646,0.041924));
#8468=CARTESIAN_POINT('',(0.0137277608895064,0.00371011064997646,0.041924));
#8469=CARTESIAN_POINT('',(0.0142996513853528,0.00352071533596742,0.041924));
#8470=CARTESIAN_POINT('',(0.0141074776559793,0.00371011064997646,0.041924));
#8471=CARTESIAN_POINT('',(0.0137277608895064,0.00371011064997646,0.041924));
#8472=CARTESIAN_POINT('',(0.0137277608895064,0.00371011064997646,0.041924));
#8473=CARTESIAN_POINT('',(0.0137277608895064,0.00371011064997646,0.036924));
#8474=CARTESIAN_POINT('',(0.0134980785527131,0.00371011064997646,0.041924));
#8475=CARTESIAN_POINT('',(0.0134980785527131,0.00371011064997646,0.036924));
#8476=CARTESIAN_POINT('',(0.0133123877925233,0.0036513008580959,0.041924));
#8477=CARTESIAN_POINT('',(0.0133123877925233,0.0036513008580959,0.036924));
#8478=CARTESIAN_POINT('',(0.0131706886089371,0.00353368127433479,0.041924));
#8479=CARTESIAN_POINT('',(0.0131706886089371,0.00353368127433479,0.036924));
#8480=CARTESIAN_POINT('',(0.0137277608895064,0.00371011064997646,0.036924));
#8481=CARTESIAN_POINT('',(0.0133832373843164,0.00371011064997646,0.036924));
#8482=CARTESIAN_POINT('',(0.0131706886089371,0.00353368127433479,0.036924));
#8483=CARTESIAN_POINT('',(0.0131706886089371,0.00353368127433479,0.036924));
#8484=CARTESIAN_POINT('',(0.0131706886089371,0.00353368127433479,0.041924));
#8485=CARTESIAN_POINT('',(0.0131706886089371,0.00353368127433479,0.041924));
#8486=CARTESIAN_POINT('',(0.0137277608895064,0.00371011064997646,0.041924));
#8487=CARTESIAN_POINT('',(0.0133832373843164,0.00371011064997646,0.041924));
#8488=CARTESIAN_POINT('',(0.0131706886089371,0.00353368127433479,0.041924));
#8489=CARTESIAN_POINT('',(0.0131706886089371,0.00353368127433479,0.041924));
#8490=CARTESIAN_POINT('',(0.0131706886089371,0.00353368127433479,0.036924));
#8491=CARTESIAN_POINT('',(0.0130289894253508,0.00341606169057368,0.041924));
#8492=CARTESIAN_POINT('',(0.0130289894253508,0.00341606169057368,0.036924));
#8493=CARTESIAN_POINT('',(0.0129464087464634,0.00325012855075321,0.041924));
#8494=CARTESIAN_POINT('',(0.0129464087464634,0.00325012855075321,0.036924));
#8495=CARTESIAN_POINT('',(0.0129229465722749,0.00303588185487339,0.041924));
#8496=CARTESIAN_POINT('',(0.0129229465722749,0.00303588185487339,0.036924));
#8497=CARTESIAN_POINT('',(0.0131706886089371,0.00353368127433479,0.036924));
#8498=CARTESIAN_POINT('',(0.0129581398335577,0.00335725189869312,0.036924));
#8499=CARTESIAN_POINT('',(0.0129229465722749,0.00303588185487339,0.036924));
#8500=CARTESIAN_POINT('',(0.0129229465722749,0.00303588185487339,0.036924));
#8501=CARTESIAN_POINT('',(0.0129229465722749,0.00303588185487339,0.041924));
#8502=CARTESIAN_POINT('',(0.0129229465722749,0.00303588185487339,0.041924));
#8503=CARTESIAN_POINT('',(0.0131706886089371,0.00353368127433479,0.041924));
#8504=CARTESIAN_POINT('',(0.0129581398335577,0.00335725189869312,0.041924));
#8505=CARTESIAN_POINT('',(0.0129229465722749,0.00303588185487339,0.041924));
#8506=CARTESIAN_POINT('',(0.0126613124587905,0.00305625690087926,0.041924));
#8507=CARTESIAN_POINT('',(0.0126613124587905,0.00305625690087926,0.036924));
#8508=CARTESIAN_POINT('',(0.0123996783453062,0.00307663194688511,0.036924));
#8509=CARTESIAN_POINT('',(0.0123996783453062,0.00307663194688511,0.041924));
#8510=CARTESIAN_POINT('',(0.0123996783453062,0.00307663194688511,0.041924));
#8511=CARTESIAN_POINT('',(0.0126613124587905,0.00305625690087926,0.041924));
#8512=CARTESIAN_POINT('',(0.0123996783453062,0.00307663194688511,0.041924));
#8513=CARTESIAN_POINT('',(0.0123996783453062,0.00307663194688511,0.036924));
#8514=CARTESIAN_POINT('',(0.0124379587347717,0.00341065921625394,0.041924));
#8515=CARTESIAN_POINT('',(0.0124379587347717,0.00341065921625394,0.036924));
#8516=CARTESIAN_POINT('',(0.012576262077357,0.00367121283487436,0.041924));
#8517=CARTESIAN_POINT('',(0.012576262077357,0.00367121283487436,0.036924));
#8518=CARTESIAN_POINT('',(0.0128145883730619,0.00385829280274635,0.041924));
#8519=CARTESIAN_POINT('',(0.0128145883730619,0.00385829280274635,0.036924));
#8520=CARTESIAN_POINT('',(0.0123996783453062,0.00307663194688511,0.036924));
#8521=CARTESIAN_POINT('',(0.0124570989295045,0.00357767285093835,0.036924));
#8522=CARTESIAN_POINT('',(0.0128145883730619,0.00385829280274635,0.036924));
#8523=CARTESIAN_POINT('',(0.0128145883730619,0.00385829280274635,0.036924));
#8524=CARTESIAN_POINT('',(0.0128145883730619,0.00385829280274635,0.041924));
#8525=CARTESIAN_POINT('',(0.0128145883730619,0.00385829280274635,0.041924));
#8526=CARTESIAN_POINT('',(0.0123996783453062,0.00307663194688511,0.041924));
#8527=CARTESIAN_POINT('',(0.0124570989295045,0.00357767285093835,0.041924));
#8528=CARTESIAN_POINT('',(0.0128145883730619,0.00385829280274635,0.041924));
#8529=CARTESIAN_POINT('',(0.0128145883730619,0.00385829280274635,0.041924));
#8530=CARTESIAN_POINT('',(0.0128145883730619,0.00385829280274635,0.036924));
#8531=CARTESIAN_POINT('',(0.0130529146687668,0.00404537277061836,0.041924));
#8532=CARTESIAN_POINT('',(0.0130529146687668,0.00404537277061836,0.036924));
#8533=CARTESIAN_POINT('',(0.0133591577844913,0.00413891275455436,0.041924));
#8534=CARTESIAN_POINT('',(0.0133591577844913,0.00413891275455436,0.036924));
#8535=CARTESIAN_POINT('',(0.0137333177202353,0.00413891275455436,0.041924));
#8536=CARTESIAN_POINT('',(0.0137333177202353,0.00413891275455436,0.036924));
#8537=CARTESIAN_POINT('',(0.0128145883730619,0.00385829280274635,0.036924));
#8538=CARTESIAN_POINT('',(0.0131720778166193,0.00413891275455436,0.036924));
#8539=CARTESIAN_POINT('',(0.0137333177202353,0.00413891275455436,0.036924));
#8540=CARTESIAN_POINT('',(0.0137333177202353,0.00413891275455436,0.036924));
#8541=CARTESIAN_POINT('',(0.0137333177202353,0.00413891275455436,0.041924));
#8542=CARTESIAN_POINT('',(0.0137333177202353,0.00413891275455436,0.041924));
#8543=CARTESIAN_POINT('',(0.0128145883730619,0.00385829280274635,0.041924));
#8544=CARTESIAN_POINT('',(0.0131720778166193,0.00413891275455436,0.041924));
#8545=CARTESIAN_POINT('',(0.0137333177202353,0.00413891275455436,0.041924));
#8546=CARTESIAN_POINT('',(0.0137333177202353,0.00413891275455436,0.041924));
#8547=CARTESIAN_POINT('',(0.0137333177202353,0.00413891275455436,0.036924));
#8548=CARTESIAN_POINT('',(0.0141426709172622,0.00413891275455436,0.041924));
#8549=CARTESIAN_POINT('',(0.0141426709172622,0.00413891275455436,0.036924));
#8550=CARTESIAN_POINT('',(0.0144606451200809,0.00404382920652701,0.041924));
#8551=CARTESIAN_POINT('',(0.0144606451200809,0.00404382920652701,0.036924));
#8552=CARTESIAN_POINT('',(0.0146872403286915,0.0038536621104723,0.041924));
#8553=CARTESIAN_POINT('',(0.0146872403286915,0.0038536621104723,0.036924));
#8554=CARTESIAN_POINT('',(0.0137333177202353,0.00413891275455436,0.036924));
#8555=CARTESIAN_POINT('',(0.0143473475157756,0.00413891275455436,0.036924));
#8556=CARTESIAN_POINT('',(0.0146872403286915,0.0038536621104723,0.036924));
#8557=CARTESIAN_POINT('',(0.0146872403286915,0.0038536621104723,0.036924));
#8558=CARTESIAN_POINT('',(0.0146872403286915,0.0038536621104723,0.041924));
#8559=CARTESIAN_POINT('',(0.0146872403286915,0.0038536621104723,0.041924));
#8560=CARTESIAN_POINT('',(0.0137333177202353,0.00413891275455436,0.041924));
#8561=CARTESIAN_POINT('',(0.0143473475157756,0.00413891275455436,0.041924));
#8562=CARTESIAN_POINT('',(0.0146872403286915,0.0038536621104723,0.041924));
#8563=CARTESIAN_POINT('',(0.0146872403286915,0.0038536621104723,0.041924));
#8564=CARTESIAN_POINT('',(0.0146872403286915,0.0038536621104723,0.036924));
#8565=CARTESIAN_POINT('',(0.0149138355373022,0.00366349501441759,0.041924));
#8566=CARTESIAN_POINT('',(0.0149138355373022,0.00366349501441759,0.036924));
#8567=CARTESIAN_POINT('',(0.0150271331416075,0.00339861941634139,0.041924));
#8568=CARTESIAN_POINT('',(0.0150271331416075,0.00339861941634139,0.036924));
#8569=CARTESIAN_POINT('',(0.0150271331416075,0.00305903531624369,0.041924));
#8570=CARTESIAN_POINT('',(0.0150271331416075,0.00305903531624369,0.036924));
#8571=CARTESIAN_POINT('',(0.0146872403286915,0.0038536621104723,0.036924));
#8572=CARTESIAN_POINT('',(0.0150271331416075,0.00356841146639024,0.036924));
#8573=CARTESIAN_POINT('',(0.0150271331416075,0.00305903531624369,0.036924));
#8574=CARTESIAN_POINT('',(0.0150271331416075,0.00305903531624369,0.036924));
#8575=CARTESIAN_POINT('',(0.0150271331416075,0.00305903531624369,0.041924));
#8576=CARTESIAN_POINT('',(0.0150271331416075,0.00305903531624369,0.041924));
#8577=CARTESIAN_POINT('',(0.0146872403286915,0.0038536621104723,0.041924));
#8578=CARTESIAN_POINT('',(0.0150271331416075,0.00356841146639024,0.041924));
#8579=CARTESIAN_POINT('',(0.0150271331416075,0.00305903531624369,0.041924));
#8580=CARTESIAN_POINT('',(0.0150271331416075,0.00305903531624369,0.041924));
#8581=CARTESIAN_POINT('',(0.0150271331416075,0.00305903531624369,0.036924));
#8582=CARTESIAN_POINT('',(0.0150271331416075,0.00279848169762328,0.041924));
#8583=CARTESIAN_POINT('',(0.0150271331416075,0.00279848169762328,0.036924));
#8584=CARTESIAN_POINT('',(0.0149542769164956,0.00258670470428962,0.041924));
#8585=CARTESIAN_POINT('',(0.0149542769164956,0.00258670470428962,0.036924));
#8586=CARTESIAN_POINT('',(0.0148085644662719,0.00242370433624273,0.041924));
#8587=CARTESIAN_POINT('',(0.0148085644662719,0.00242370433624273,0.036924));
#8588=CARTESIAN_POINT('',(0.0150271331416075,0.00305903531624369,0.036924));
#8589=CARTESIAN_POINT('',(0.0150271331416075,0.00266820488831307,0.036924));
#8590=CARTESIAN_POINT('',(0.0148085644662719,0.00242370433624273,0.036924));
#8591=CARTESIAN_POINT('',(0.0148085644662719,0.00242370433624273,0.036924));
#8592=CARTESIAN_POINT('',(0.0148085644662719,0.00242370433624273,0.041924));
#8593=CARTESIAN_POINT('',(0.0148085644662719,0.00242370433624273,0.041924));
#8594=CARTESIAN_POINT('',(0.0150271331416075,0.00305903531624369,0.041924));
#8595=CARTESIAN_POINT('',(0.0150271331416075,0.00266820488831307,0.041924));
#8596=CARTESIAN_POINT('',(0.0148085644662719,0.00242370433624273,0.041924));
#8597=CARTESIAN_POINT('',(0.0148085644662719,0.00242370433624273,0.041924));
#8598=CARTESIAN_POINT('',(0.0148085644662719,0.00242370433624273,0.036924));
#8599=CARTESIAN_POINT('',(0.0146628520160482,0.00226070396819584,0.041924));
#8600=CARTESIAN_POINT('',(0.0146628520160482,0.00226070396819584,0.036924));
#8601=CARTESIAN_POINT('',(0.0144510750227145,0.00215018477925495,0.041924));
#8602=CARTESIAN_POINT('',(0.0144510750227145,0.00215018477925495,0.036924));
#8603=CARTESIAN_POINT('',(0.0141732334862709,0.00209214676942007,0.041924));
#8604=CARTESIAN_POINT('',(0.0141732334862709,0.00209214676942007,0.036924));
#8605=CARTESIAN_POINT('',(0.0148085644662719,0.00242370433624273,0.036924));
#8606=CARTESIAN_POINT('',(0.0145899957909363,0.00217920378417239,0.036924));
#8607=CARTESIAN_POINT('',(0.0141732334862709,0.00209214676942007,0.036924));
#8608=CARTESIAN_POINT('',(0.0141732334862709,0.00209214676942007,0.036924));
#8609=CARTESIAN_POINT('',(0.0141732334862709,0.00209214676942007,0.041924));
#8610=CARTESIAN_POINT('',(0.0141732334862709,0.00209214676942007,0.041924));
#8611=CARTESIAN_POINT('',(0.0148085644662719,0.00242370433624273,0.041924));
#8612=CARTESIAN_POINT('',(0.0145899957909363,0.00217920378417239,0.041924));
#8613=CARTESIAN_POINT('',(0.0141732334862709,0.00209214676942007,0.041924));
#8614=CARTESIAN_POINT('',(0.0141732334862709,0.0020865899386912,0.041924));
#8615=CARTESIAN_POINT('',(0.0141732334862709,0.0020865899386912,0.036924));
#8616=CARTESIAN_POINT('',(0.0141732334862709,0.00208103310796233,0.036924));
#8617=CARTESIAN_POINT('',(0.0141732334862709,0.00208103310796233,0.041924));
#8618=CARTESIAN_POINT('',(0.0141732334862709,0.00208103310796233,0.041924));
#8619=CARTESIAN_POINT('',(0.0141732334862709,0.0020865899386912,0.041924));
#8620=CARTESIAN_POINT('',(0.0116444124354071,0.000923360039447458,0.041924));
#8621=CARTESIAN_POINT('',(0.0116444124354071,0.000923360039447458,0.036924));
#8622=CARTESIAN_POINT('',(0.0119310522871713,0.000923360039447458,0.036924));
#8623=CARTESIAN_POINT('',(0.0113577725836428,0.000923360039447458,0.036924));
#8624=CARTESIAN_POINT('',(0.0113577725836428,0.000923360039447458,0.041924));
#8625=CARTESIAN_POINT('',(0.0113577725836428,0.000923360039447458,0.041924));
#8626=CARTESIAN_POINT('',(0.0116444124354071,0.000923360039447458,0.041924));
#8627=CARTESIAN_POINT('',(0.0119310522871713,0.000923360039447458,0.041924));
#8628=CARTESIAN_POINT('',(0.0119310522871713,0.000923360039447458,0.041924));
#8629=CARTESIAN_POINT('',(0.0113577725836428,0.000461680019723728,0.041924));
#8630=CARTESIAN_POINT('',(0.0113577725836428,0.000461680019723728,0.036924));
#8631=CARTESIAN_POINT('',(0.0113577725836428,-1.90567022884193E-18,0.036924));
#8632=CARTESIAN_POINT('',(0.0113577725836428,-1.90567022884193E-18,0.041924));
#8633=CARTESIAN_POINT('',(0.0113577725836428,-1.90567022884193E-18,0.041924));
#8634=CARTESIAN_POINT('',(0.0113577725836428,0.000461680019723728,0.041924));
#8635=CARTESIAN_POINT('',(0.0111118828238902,-1.90567022884195E-18,0.041924));
#8636=CARTESIAN_POINT('',(0.0111118828238902,-1.90567022884195E-18,0.036924));
#8637=CARTESIAN_POINT('',(0.0108659930641377,-1.89735380184964E-18,0.036924));
#8638=CARTESIAN_POINT('',(0.0108659930641377,-1.89735380184964E-18,0.041924));
#8639=CARTESIAN_POINT('',(0.0108659930641377,-1.89735380184964E-18,0.041924));
#8640=CARTESIAN_POINT('',(0.0111118828238902,-1.90567022884195E-18,0.041924));
#8641=CARTESIAN_POINT('',(0.0108659930641377,0.000461680019723728,0.041924));
#8642=CARTESIAN_POINT('',(0.0108659930641377,0.000461680019723728,0.036924));
#8643=CARTESIAN_POINT('',(0.0108659930641377,0.000923360039447458,0.036924));
#8644=CARTESIAN_POINT('',(0.0108659930641377,0.000923360039447458,0.041924));
#8645=CARTESIAN_POINT('',(0.0108659930641377,0.000923360039447458,0.041924));
#8646=CARTESIAN_POINT('',(0.0108659930641377,0.000461680019723728,0.041924));
#8647=CARTESIAN_POINT('',(0.00990512441727032,0.000923360039447458,0.041924));
#8648=CARTESIAN_POINT('',(0.00990512441727032,0.000923360039447458,0.036924));
#8649=CARTESIAN_POINT('',(0.00894425577040298,0.000923360039447458,0.036924));
#8650=CARTESIAN_POINT('',(0.00894425577040298,0.000923360039447458,0.041924));
#8651=CARTESIAN_POINT('',(0.00894425577040298,0.000923360039447458,0.041924));
#8652=CARTESIAN_POINT('',(0.00990512441727032,0.000923360039447458,0.041924));
#8653=CARTESIAN_POINT('',(0.00894425577040298,0.00112572129182386,0.041924));
#8654=CARTESIAN_POINT('',(0.00894425577040298,0.00112572129182386,0.036924));
#8655=CARTESIAN_POINT('',(0.00894425577040298,0.00132808254420026,0.036924));
#8656=CARTESIAN_POINT('',(0.00894425577040298,0.00132808254420026,0.041924));
#8657=CARTESIAN_POINT('',(0.00894425577040298,0.00132808254420026,0.041924));
#8658=CARTESIAN_POINT('',(0.00894425577040298,0.00112572129182386,0.041924));
#8659=CARTESIAN_POINT('',(0.00987780333285337,0.00270293508036852,0.041924));
#8660=CARTESIAN_POINT('',(0.00987780333285337,0.00270293508036852,0.036924));
#8661=CARTESIAN_POINT('',(0.0108113508953038,0.00407778761653678,0.036924));
#8662=CARTESIAN_POINT('',(0.0108113508953038,0.00407778761653678,0.041924));
#8663=CARTESIAN_POINT('',(0.0108113508953038,0.00407778761653678,0.041924));
#8664=CARTESIAN_POINT('',(0.00987780333285337,0.00270293508036852,0.041924));
#8665=CARTESIAN_POINT('',(0.0110845617394733,0.00407778761653678,0.041924));
#8666=CARTESIAN_POINT('',(0.0110845617394733,0.00407778761653678,0.036924));
#8667=CARTESIAN_POINT('',(0.0113577725836428,0.00407778761653678,0.036924));
#8668=CARTESIAN_POINT('',(0.0113577725836428,0.00407778761653678,0.041924));
#8669=CARTESIAN_POINT('',(0.0113577725836428,0.00407778761653678,0.041924));
#8670=CARTESIAN_POINT('',(0.0110845617394733,0.00407778761653678,0.041924));
#8671=CARTESIAN_POINT('',(0.0113577725836428,0.00270617656496036,0.041924));
#8672=CARTESIAN_POINT('',(0.0113577725836428,0.00270617656496036,0.036924));
#8673=CARTESIAN_POINT('',(0.0113577725836428,0.00133456551338394,0.036924));
#8674=CARTESIAN_POINT('',(0.0113577725836428,0.00133456551338394,0.041924));
#8675=CARTESIAN_POINT('',(0.0113577725836428,0.00133456551338394,0.041924));
#8676=CARTESIAN_POINT('',(0.0113577725836428,0.00270617656496036,0.041924));
#8677=CARTESIAN_POINT('',(0.0116444124354071,0.00133456551338394,0.041924));
#8678=CARTESIAN_POINT('',(0.0116444124354071,0.00133456551338394,0.036924));
#8679=CARTESIAN_POINT('',(0.0119310522871713,0.00133456551338394,0.036924));
#8680=CARTESIAN_POINT('',(0.0119310522871713,0.00133456551338394,0.041924));
#8681=CARTESIAN_POINT('',(0.0119310522871713,0.00133456551338394,0.041924));
#8682=CARTESIAN_POINT('',(0.0116444124354071,0.00133456551338394,0.041924));
#8683=CARTESIAN_POINT('',(0.00851082297355101,0.00386662804883966,0.041924));
#8684=CARTESIAN_POINT('',(0.00851082297355101,0.00386662804883966,0.036924));
#8685=CARTESIAN_POINT('',(0.00851082297355101,0.00407778761653678,0.036924));
#8686=CARTESIAN_POINT('',(0.00851082297355101,0.00365546848114255,0.036924));
#8687=CARTESIAN_POINT('',(0.00851082297355101,0.00365546848114255,0.041924));
#8688=CARTESIAN_POINT('',(0.00851082297355101,0.00365546848114255,0.041924));
#8689=CARTESIAN_POINT('',(0.00851082297355101,0.00386662804883966,0.041924));
#8690=CARTESIAN_POINT('',(0.00851082297355101,0.00407778761653678,0.041924));
#8691=CARTESIAN_POINT('',(0.00851082297355101,0.00407778761653678,0.041924));
#8692=CARTESIAN_POINT('',(0.00851082297355101,0.00365546848114255,0.041924));
#8693=CARTESIAN_POINT('',(0.00851082297355101,0.00365546848114255,0.036924));
#8694=CARTESIAN_POINT('',(0.00809406066888566,0.00301890264986851,0.041924));
#8695=CARTESIAN_POINT('',(0.00809406066888566,0.00301890264986851,0.036924));
#8696=CARTESIAN_POINT('',(0.00779970299666461,0.0025201770919523,0.041924));
#8697=CARTESIAN_POINT('',(0.00779970299666461,0.0025201770919523,0.036924));
#8698=CARTESIAN_POINT('',(0.00762774995688787,0.00215929180739393,0.041924));
#8699=CARTESIAN_POINT('',(0.00762774995688787,0.00215929180739393,0.036924));
#8700=CARTESIAN_POINT('',(0.00851082297355101,0.00365546848114255,0.036924));
#8701=CARTESIAN_POINT('',(0.00788567951655298,0.00270061973423149,0.036924));
#8702=CARTESIAN_POINT('',(0.00762774995688787,0.00215929180739393,0.036924));
#8703=CARTESIAN_POINT('',(0.00762774995688787,0.00215929180739393,0.036924));
#8704=CARTESIAN_POINT('',(0.00762774995688787,0.00215929180739393,0.041924));
#8705=CARTESIAN_POINT('',(0.00762774995688787,0.00215929180739393,0.041924));
#8706=CARTESIAN_POINT('',(0.00851082297355101,0.00365546848114255,0.041924));
#8707=CARTESIAN_POINT('',(0.00788567951655298,0.00270061973423149,0.041924));
#8708=CARTESIAN_POINT('',(0.00762774995688787,0.00215929180739393,0.041924));
#8709=CARTESIAN_POINT('',(0.0126253570417755,-0.000258858886289784,0.041924));
#8710=CARTESIAN_POINT('',(0.0126253570417755,-0.000258858886289784,0.036924));
#8711=CARTESIAN_POINT('',(0.00724084654758228,0.00109105155831878,0.036924));
#8712=CARTESIAN_POINT('',(0.0072410871520039,0.00109099109976841,0.041924));
#8713=CARTESIAN_POINT('',(0.00724084654758228,0.00109105155831878,0.041924));
#8714=CARTESIAN_POINT('',(0.0126253570417755,-0.000258858886289784,0.041924));
#8715=CARTESIAN_POINT('',(0.011693265027182,1.44112984886467E-5,0.041924));
#8716=CARTESIAN_POINT('',(0.011693265027182,1.44112984886467E-5,0.036924));
#8717=CARTESIAN_POINT('',(0.0071125922376504,-1.9057471800825E-18,0.036924));
#8718=CARTESIAN_POINT('',(0.0071125922376504,-1.90567022884236E-18,0.041924));
#8719=CARTESIAN_POINT('',(0.0071125922376504,-1.9057471800825E-18,0.041924));
#8720=CARTESIAN_POINT('',(0.011693265027182,1.44112984886467E-5,0.041924));
#8721=CARTESIAN_POINT('',(0.00684053227029776,-1.90567022884238E-18,0.041924));
#8722=CARTESIAN_POINT('',(0.00684053227029776,-1.90567022884238E-18,0.036924));
#8723=CARTESIAN_POINT('',(0.00656871063381046,-1.90567022884241E-18,0.036924));
#8724=CARTESIAN_POINT('',(0.00656871063381046,-1.90567022884241E-18,0.041924));
#8725=CARTESIAN_POINT('',(0.00656871063381046,-1.90567022884241E-18,0.041924));
#8726=CARTESIAN_POINT('',(0.00684053227029776,-1.90567022884238E-18,0.041924));
#8727=CARTESIAN_POINT('',(0.00656871063381046,-1.90567022884241E-18,0.041924));
#8728=CARTESIAN_POINT('',(0.00656871063381046,-1.90567022884241E-18,0.036924));
#8729=CARTESIAN_POINT('',(0.00656871063381046,0.000521107237240825,0.041924));
#8730=CARTESIAN_POINT('',(0.00656871063381046,0.000521107237240825,0.036924));
#8731=CARTESIAN_POINT('',(0.00667907546634221,0.0010695355588986,0.041924));
#8732=CARTESIAN_POINT('',(0.00667907546634221,0.0010695355588986,0.036924));
#8733=CARTESIAN_POINT('',(0.00689980513140572,0.00164528496497333,0.041924));
#8734=CARTESIAN_POINT('',(0.00689980513140572,0.00164528496497333,0.036924));
#8735=CARTESIAN_POINT('',(0.00656871063381046,-1.90567022884241E-18,0.036924));
#8736=CARTESIAN_POINT('',(0.00656871063381046,0.000781660855861238,0.036924));
#8737=CARTESIAN_POINT('',(0.00689980513140572,0.00164528496497333,0.036924));
#8738=CARTESIAN_POINT('',(0.00689980513140572,0.00164528496497333,0.036924));
#8739=CARTESIAN_POINT('',(0.00689980513140572,0.00164528496497333,0.041924));
#8740=CARTESIAN_POINT('',(0.00689980513140572,0.00164528496497333,0.041924));
#8741=CARTESIAN_POINT('',(0.00656871063381046,-1.90567022884241E-18,0.041924));
#8742=CARTESIAN_POINT('',(0.00656871063381046,0.000781660855861238,0.041924));
#8743=CARTESIAN_POINT('',(0.00689980513140572,0.00164528496497333,0.041924));
#8744=CARTESIAN_POINT('',(0.00689980513140572,0.00164528496497333,0.041924));
#8745=CARTESIAN_POINT('',(0.00689980513140572,0.00164528496497333,0.036924));
#8746=CARTESIAN_POINT('',(0.00712053479646922,0.00222103437104806,0.041924));
#8747=CARTESIAN_POINT('',(0.00712053479646922,0.00222103437104806,0.036924));
#8748=CARTESIAN_POINT('',(0.00748960097071176,0.00288430386110251,0.041924));
#8749=CARTESIAN_POINT('',(0.00748960097071176,0.00288430386110251,0.036924));
#8750=CARTESIAN_POINT('',(0.00800700365413334,0.00363509343513669,0.041924));
#8751=CARTESIAN_POINT('',(0.00800700365413334,0.00363509343513669,0.036924));
#8752=CARTESIAN_POINT('',(0.00689980513140572,0.00164528496497333,0.036924));
#8753=CARTESIAN_POINT('',(0.00723089962900097,0.00250890907408542,0.036924));
#8754=CARTESIAN_POINT('',(0.00800700365413334,0.00363509343513669,0.036924));
#8755=CARTESIAN_POINT('',(0.00800700365413334,0.00363509343513669,0.036924));
#8756=CARTESIAN_POINT('',(0.00800700365413334,0.00363509343513669,0.041924));
#8757=CARTESIAN_POINT('',(0.00800700365413334,0.00363509343513669,0.041924));
#8758=CARTESIAN_POINT('',(0.00689980513140572,0.00164528496497333,0.041924));
#8759=CARTESIAN_POINT('',(0.00723089962900097,0.00250890907408542,0.041924));
#8760=CARTESIAN_POINT('',(0.00800700365413334,0.00363509343513669,0.041924));
#8761=CARTESIAN_POINT('',(0.00691138186209087,0.00363509343513669,0.041924));
#8762=CARTESIAN_POINT('',(0.00691138186209087,0.00363509343513669,0.036924));
#8763=CARTESIAN_POINT('',(0.00581576007004839,0.00363509343513669,0.036924));
#8764=CARTESIAN_POINT('',(0.00581576007004839,0.00363509343513669,0.041924));
#8765=CARTESIAN_POINT('',(0.00581576007004839,0.00363509343513669,0.041924));
#8766=CARTESIAN_POINT('',(0.00691138186209087,0.00363509343513669,0.041924));
#8767=CARTESIAN_POINT('',(0.00581576007004839,0.00385644052583674,0.041924));
#8768=CARTESIAN_POINT('',(0.00581576007004839,0.00385644052583674,0.036924));
#8769=CARTESIAN_POINT('',(0.00581576007004839,0.00407778761653678,0.036924));
#8770=CARTESIAN_POINT('',(0.00581576007004839,0.00407778761653678,0.041924));
#8771=CARTESIAN_POINT('',(0.00581576007004839,0.00407778761653678,0.041924));
#8772=CARTESIAN_POINT('',(0.00581576007004839,0.00385644052583674,0.041924));
#8773=CARTESIAN_POINT('',(0.00312903241263909,0.00259596608883775,0.041924));
#8774=CARTESIAN_POINT('',(0.00312903241263909,0.00259596608883775,0.036924));
#8775=CARTESIAN_POINT('',(0.00312478008836458,0.00259596608883775,0.036924));
#8776=CARTESIAN_POINT('',(0.00313366310491315,0.00259596608883775,0.036924));
#8777=CARTESIAN_POINT('',(0.00313366310491315,0.00259596608883775,0.041924));
#8778=CARTESIAN_POINT('',(0.00313366310491315,0.00259596608883775,0.041924));
#8779=CARTESIAN_POINT('',(0.00312903241263909,0.00259596608883775,0.041924));
#8780=CARTESIAN_POINT('',(0.00312478008836458,0.00259596608883775,0.041924));
#8781=CARTESIAN_POINT('',(0.00312478008836458,0.00259596608883775,0.041924));
#8782=CARTESIAN_POINT('',(0.00313366310491315,0.00259596608883775,0.041924));
#8783=CARTESIAN_POINT('',(0.00313366310491315,0.00259596608883775,0.036924));
#8784=CARTESIAN_POINT('',(0.00324541714512711,0.0028003339745329,0.041924));
#8785=CARTESIAN_POINT('',(0.00324541714512711,0.0028003339745329,0.036924));
#8786=CARTESIAN_POINT('',(0.00337986157748397,0.00295036840421243,0.041924));
#8787=CARTESIAN_POINT('',(0.00337986157748397,0.00295036840421243,0.036924));
#8788=CARTESIAN_POINT('',(0.00353699640198372,0.00304606937787633,0.041924));
#8789=CARTESIAN_POINT('',(0.00353699640198372,0.00304606937787633,0.036924));
#8790=CARTESIAN_POINT('',(0.00313366310491315,0.00259596608883775,0.036924));
#8791=CARTESIAN_POINT('',(0.00330129416523409,0.00290251791738048,0.036924));
#8792=CARTESIAN_POINT('',(0.00353699640198372,0.00304606937787633,0.036924));
#8793=CARTESIAN_POINT('',(0.00353699640198372,0.00304606937787633,0.036924));
#8794=CARTESIAN_POINT('',(0.00353699640198372,0.00304606937787633,0.041924));
#8795=CARTESIAN_POINT('',(0.00353699640198372,0.00304606937787633,0.041924));
#8796=CARTESIAN_POINT('',(0.00313366310491315,0.00259596608883775,0.041924));
#8797=CARTESIAN_POINT('',(0.00330129416523409,0.00290251791738048,0.041924));
#8798=CARTESIAN_POINT('',(0.00353699640198372,0.00304606937787633,0.041924));
#8799=CARTESIAN_POINT('',(0.00353699640198372,0.00304606937787633,0.041924));
#8800=CARTESIAN_POINT('',(0.00353699640198372,0.00304606937787633,0.036924));
#8801=CARTESIAN_POINT('',(0.00369413122648347,0.00314177035154022,0.041924));
#8802=CARTESIAN_POINT('',(0.00369413122648347,0.00314177035154022,0.036924));
#8803=CARTESIAN_POINT('',(0.00389340535067717,0.00318962083837217,0.041924));
#8804=CARTESIAN_POINT('',(0.00389340535067717,0.00318962083837217,0.036924));
#8805=CARTESIAN_POINT('',(0.0041348187745648,0.00318962083837217,0.041924));
#8806=CARTESIAN_POINT('',(0.0041348187745648,0.00318962083837217,0.036924));
#8807=CARTESIAN_POINT('',(0.00353699640198372,0.00304606937787633,0.036924));
#8808=CARTESIAN_POINT('',(0.00377269863873335,0.00318962083837217,0.036924));
#8809=CARTESIAN_POINT('',(0.0041348187745648,0.00318962083837217,0.036924));
#8810=CARTESIAN_POINT('',(0.0041348187745648,0.00318962083837217,0.036924));
#8811=CARTESIAN_POINT('',(0.0041348187745648,0.00318962083837217,0.041924));
#8812=CARTESIAN_POINT('',(0.0041348187745648,0.00318962083837217,0.041924));
#8813=CARTESIAN_POINT('',(0.00353699640198372,0.00304606937787633,0.041924));
#8814=CARTESIAN_POINT('',(0.00377269863873335,0.00318962083837217,0.041924));
#8815=CARTESIAN_POINT('',(0.0041348187745648,0.00318962083837217,0.041924));
#8816=CARTESIAN_POINT('',(0.0041348187745648,0.00318962083837217,0.041924));
#8817=CARTESIAN_POINT('',(0.0041348187745648,0.00318962083837217,0.036924));
#8818=CARTESIAN_POINT('',(0.00447440287466249,0.00318962083837217,0.041924));
#8819=CARTESIAN_POINT('',(0.00447440287466249,0.00318962083837217,0.036924));
#8820=CARTESIAN_POINT('',(0.00472476897027998,0.00310518788257515,0.041924));
#8821=CARTESIAN_POINT('',(0.00472476897027998,0.00310518788257515,0.036924));
#8822=CARTESIAN_POINT('',(0.00488591706141725,0.00293632197098111,0.041924));
#8823=CARTESIAN_POINT('',(0.00488591706141725,0.00293632197098111,0.036924));
#8824=CARTESIAN_POINT('',(0.0041348187745648,0.00318962083837217,0.036924));
#8825=CARTESIAN_POINT('',(0.00464419492471134,0.00318962083837217,0.036924));
#8826=CARTESIAN_POINT('',(0.00488591706141725,0.00293632197098111,0.036924));
#8827=CARTESIAN_POINT('',(0.00488591706141725,0.00293632197098111,0.036924));
#8828=CARTESIAN_POINT('',(0.00488591706141725,0.00293632197098111,0.041924));
#8829=CARTESIAN_POINT('',(0.00488591706141725,0.00293632197098111,0.041924));
#8830=CARTESIAN_POINT('',(0.0041348187745648,0.00318962083837217,0.041924));
#8831=CARTESIAN_POINT('',(0.00464419492471134,0.00318962083837217,0.041924));
#8832=CARTESIAN_POINT('',(0.00488591706141725,0.00293632197098111,0.041924));
#8833=CARTESIAN_POINT('',(0.00488591706141725,0.00293632197098111,0.041924));
#8834=CARTESIAN_POINT('',(0.00488591706141725,0.00293632197098111,0.036924));
#8835=CARTESIAN_POINT('',(0.00504706515255452,0.00276745605938708,0.041924));
#8836=CARTESIAN_POINT('',(0.00504706515255452,0.00276745605938708,0.036924));
#8837=CARTESIAN_POINT('',(0.00512763919812315,0.00248421204862377,0.041924));
#8838=CARTESIAN_POINT('',(0.00512763919812315,0.00248421204862377,0.036924));
#8839=CARTESIAN_POINT('',(0.00512763919812315,0.0020865899386912,0.041924));
#8840=CARTESIAN_POINT('',(0.00512763919812315,0.0020865899386912,0.036924));
#8841=CARTESIAN_POINT('',(0.00488591706141725,0.00293632197098111,0.036924));
#8842=CARTESIAN_POINT('',(0.00512763919812315,0.00268302310359006,0.036924));
#8843=CARTESIAN_POINT('',(0.00512763919812315,0.0020865899386912,0.036924));
#8844=CARTESIAN_POINT('',(0.00512763919812315,0.0020865899386912,0.036924));
#8845=CARTESIAN_POINT('',(0.00512763919812315,0.0020865899386912,0.041924));
#8846=CARTESIAN_POINT('',(0.00512763919812315,0.0020865899386912,0.041924));
#8847=CARTESIAN_POINT('',(0.00488591706141725,0.00293632197098111,0.041924));
#8848=CARTESIAN_POINT('',(0.00512763919812315,0.00268302310359006,0.041924));
#8849=CARTESIAN_POINT('',(0.00512763919812315,0.0020865899386912,0.041924));
#8850=CARTESIAN_POINT('',(0.00512763919812315,0.0010432949693456,0.041924));
#8851=CARTESIAN_POINT('',(0.00512763919812315,0.0010432949693456,0.036924));
#8852=CARTESIAN_POINT('',(0.00512763919812315,-1.90567022884256E-18,0.036924));
#8853=CARTESIAN_POINT('',(0.00512763919812315,-1.90567022884256E-18,0.041924));
#8854=CARTESIAN_POINT('',(0.00512763919812315,-1.90567022884256E-18,0.041924));
#8855=CARTESIAN_POINT('',(0.00512763919812315,0.0010432949693456,0.041924));
#8856=CARTESIAN_POINT('',(0.00486554201541139,-1.90567022884259E-18,0.041924));
#8857=CARTESIAN_POINT('',(0.00486554201541139,-1.90567022884259E-18,0.036924));
#8858=CARTESIAN_POINT('',(0.00460344483269962,-1.95156391047391E-18,0.036924));
#8859=CARTESIAN_POINT('',(0.00460344483269962,-1.95156391047391E-18,0.041924));
#8860=CARTESIAN_POINT('',(0.00460344483269962,-1.95156391047391E-18,0.041924));
#8861=CARTESIAN_POINT('',(0.00486554201541139,-1.90567022884259E-18,0.041924));
#8862=CARTESIAN_POINT('',(0.00460344483269962,0.00099282042355835,0.041924));
#8863=CARTESIAN_POINT('',(0.00460344483269962,0.00099282042355835,0.036924));
#8864=CARTESIAN_POINT('',(0.00460344483269962,0.0019856408471167,0.036924));
#8865=CARTESIAN_POINT('',(0.00460344483269962,0.0019856408471167,0.041924));
#8866=CARTESIAN_POINT('',(0.00460344483269962,0.0019856408471167,0.041924));
#8867=CARTESIAN_POINT('',(0.00460344483269962,0.00099282042355835,0.041924));
#8868=CARTESIAN_POINT('',(0.00460344483269962,0.0019856408471167,0.041924));
#8869=CARTESIAN_POINT('',(0.00460344483269962,0.0019856408471167,0.036924));
#8870=CARTESIAN_POINT('',(0.00460344483269962,0.00220544437372539,0.041924));
#8871=CARTESIAN_POINT('',(0.00460344483269962,0.00220544437372539,0.036924));
#8872=CARTESIAN_POINT('',(0.00458322414310289,0.00236890781099969,0.041924));
#8873=CARTESIAN_POINT('',(0.00458322414310289,0.00236890781099969,0.036924));
#8874=CARTESIAN_POINT('',(0.00454278276390944,0.0024760311589396,0.041924));
#8875=CARTESIAN_POINT('',(0.00454278276390944,0.0024760311589396,0.036924));
#8876=CARTESIAN_POINT('',(0.00460344483269962,0.0019856408471167,0.036924));
#8877=CARTESIAN_POINT('',(0.00460344483269962,0.00231534613702974,0.036924));
#8878=CARTESIAN_POINT('',(0.00454278276390944,0.0024760311589396,0.036924));
#8879=CARTESIAN_POINT('',(0.00454278276390944,0.0024760311589396,0.036924));
#8880=CARTESIAN_POINT('',(0.00454278276390944,0.0024760311589396,0.041924));
#8881=CARTESIAN_POINT('',(0.00454278276390944,0.0024760311589396,0.041924));
#8882=CARTESIAN_POINT('',(0.00460344483269962,0.0019856408471167,0.041924));
#8883=CARTESIAN_POINT('',(0.00460344483269962,0.00231534613702974,0.041924));
#8884=CARTESIAN_POINT('',(0.00454278276390944,0.0024760311589396,0.041924));
#8885=CARTESIAN_POINT('',(0.00413739798060842,0.00233676427540074,0.041924));
#8886=CARTESIAN_POINT('',(0.00413739798060842,0.00233676427540074,0.036924));
#8887=CARTESIAN_POINT('',(0.00434319992689748,0.00271173339568923,0.036924));
#8888=CARTESIAN_POINT('',(0.00434319992689748,0.00271173339568923,0.041924));
#8889=CARTESIAN_POINT('',(0.00434319992689748,0.00271173339568923,0.041924));
#8890=CARTESIAN_POINT('',(0.00413739798060842,0.00233676427540074,0.041924));
#8891=CARTESIAN_POINT('',(0.00434319992689748,0.00271173339568923,0.041924));
#8892=CARTESIAN_POINT('',(0.00434319992689748,0.00271173339568923,0.036924));
#8893=CARTESIAN_POINT('',(0.00425058608141629,0.00276174487224907,0.041924));
#8894=CARTESIAN_POINT('',(0.00425058608141629,0.00276174487224907,0.036924));
#8895=CARTESIAN_POINT('',(0.00412216154901571,0.00278675061052899,0.041924));
#8896=CARTESIAN_POINT('',(0.00412216154901571,0.00278675061052899,0.036924));
#8897=CARTESIAN_POINT('',(0.00395792632969573,0.00278675061052899,0.041924));
#8898=CARTESIAN_POINT('',(0.00395792632969573,0.00278675061052899,0.036924));
#8899=CARTESIAN_POINT('',(0.00434319992689748,0.00271173339568923,0.036924));
#8900=CARTESIAN_POINT('',(0.00420427915867569,0.00278675061052899,0.036924));
#8901=CARTESIAN_POINT('',(0.00395792632969573,0.00278675061052899,0.036924));
#8902=CARTESIAN_POINT('',(0.00395792632969573,0.00278675061052899,0.036924));
#8903=CARTESIAN_POINT('',(0.00395792632969573,0.00278675061052899,0.041924));
#8904=CARTESIAN_POINT('',(0.00395792632969573,0.00278675061052899,0.041924));
#8905=CARTESIAN_POINT('',(0.00434319992689748,0.00271173339568923,0.041924));
#8906=CARTESIAN_POINT('',(0.00420427915867569,0.00278675061052899,0.041924));
#8907=CARTESIAN_POINT('',(0.00395792632969573,0.00278675061052899,0.041924));
#8908=CARTESIAN_POINT('',(0.00395792632969573,0.00278675061052899,0.041924));
#8909=CARTESIAN_POINT('',(0.00395792632969573,0.00278675061052899,0.036924));
#8910=CARTESIAN_POINT('',(0.00371280835198885,0.00278675061052899,0.041924));
#8911=CARTESIAN_POINT('',(0.00371280835198885,0.00278675061052899,0.036924));
#8912=CARTESIAN_POINT('',(0.00351646699956873,0.00270185458550457,0.041924));
#8913=CARTESIAN_POINT('',(0.00351646699956873,0.00270185458550457,0.036924));
#8914=CARTESIAN_POINT('',(0.00336890227243536,0.00253206253545572,0.041924));
#8915=CARTESIAN_POINT('',(0.00336890227243536,0.00253206253545572,0.036924));
#8916=CARTESIAN_POINT('',(0.00395792632969573,0.00278675061052899,0.036924));
#8917=CARTESIAN_POINT('',(0.00359024936313541,0.00278675061052899,0.036924));
#8918=CARTESIAN_POINT('',(0.00336890227243536,0.00253206253545572,0.036924));
#8919=CARTESIAN_POINT('',(0.00336890227243536,0.00253206253545572,0.036924));
#8920=CARTESIAN_POINT('',(0.00336890227243536,0.00253206253545572,0.041924));
#8921=CARTESIAN_POINT('',(0.00336890227243536,0.00253206253545572,0.041924));
#8922=CARTESIAN_POINT('',(0.00395792632969573,0.00278675061052899,0.041924));
#8923=CARTESIAN_POINT('',(0.00359024936313541,0.00278675061052899,0.041924));
#8924=CARTESIAN_POINT('',(0.00336890227243536,0.00253206253545572,0.041924));
#8925=CARTESIAN_POINT('',(0.00336890227243536,0.00253206253545572,0.041924));
#8926=CARTESIAN_POINT('',(0.00336890227243536,0.00253206253545572,0.036924));
#8927=CARTESIAN_POINT('',(0.003221337545302,0.00236227048540687,0.041924));
#8928=CARTESIAN_POINT('',(0.003221337545302,0.00236227048540687,0.036924));
#8929=CARTESIAN_POINT('',(0.00314755518173532,0.00213382299988661,0.041924));
#8930=CARTESIAN_POINT('',(0.00314755518173532,0.00213382299988661,0.036924));
#8931=CARTESIAN_POINT('',(0.00314755518173532,0.00184672007889492,0.041924));
#8932=CARTESIAN_POINT('',(0.00314755518173532,0.00184672007889492,0.036924));
#8933=CARTESIAN_POINT('',(0.00336890227243536,0.00253206253545572,0.036924));
#8934=CARTESIAN_POINT('',(0.00314755518173532,0.00227737446038245,0.036924));
#8935=CARTESIAN_POINT('',(0.00314755518173532,0.00184672007889492,0.036924));
#8936=CARTESIAN_POINT('',(0.00314755518173532,0.00184672007889492,0.036924));
#8937=CARTESIAN_POINT('',(0.00314755518173532,0.00184672007889492,0.041924));
#8938=CARTESIAN_POINT('',(0.00314755518173532,0.00184672007889492,0.041924));
#8939=CARTESIAN_POINT('',(0.00336890227243536,0.00253206253545572,0.041924));
#8940=CARTESIAN_POINT('',(0.00314755518173532,0.00227737446038245,0.041924));
#8941=CARTESIAN_POINT('',(0.00314755518173532,0.00184672007889492,0.041924));
#8942=CARTESIAN_POINT('',(0.00314755518173532,0.000923360039447458,0.041924));
#8943=CARTESIAN_POINT('',(0.00314755518173532,0.000923360039447458,0.036924));
#8944=CARTESIAN_POINT('',(0.00314755518173532,-1.90567022884276E-18,0.036924));
#8945=CARTESIAN_POINT('',(0.00314755518173532,-1.90567022884276E-18,0.041924));
#8946=CARTESIAN_POINT('',(0.00314755518173532,-1.90567022884276E-18,0.041924));
#8947=CARTESIAN_POINT('',(0.00314755518173532,0.000923360039447458,0.041924));
#8948=CARTESIAN_POINT('',(0.00288731027593318,-1.90567022884279E-18,0.041924));
#8949=CARTESIAN_POINT('',(0.00288731027593318,-1.90567022884279E-18,0.036924));
#8950=CARTESIAN_POINT('',(0.00262706537013103,-1.7347234759768E-18,0.036924));
#8951=CARTESIAN_POINT('',(0.00262706537013103,-1.7347234759768E-18,0.041924));
#8952=CARTESIAN_POINT('',(0.00262706537013103,-1.7347234759768E-18,0.041924));
#8953=CARTESIAN_POINT('',(0.00288731027593318,-1.90567022884279E-18,0.041924));
#8954=CARTESIAN_POINT('',(0.00262706537013103,0.00214771507670878,0.041924));
#8955=CARTESIAN_POINT('',(0.00262706537013103,0.00214771507670878,0.036924));
#8956=CARTESIAN_POINT('',(0.00262706537013103,0.00429543015341757,0.036924));
#8957=CARTESIAN_POINT('',(0.00262706537013103,0.00429543015341757,0.041924));
#8958=CARTESIAN_POINT('',(0.00262706537013103,0.00429543015341757,0.041924));
#8959=CARTESIAN_POINT('',(0.00262706537013103,0.00214771507670878,0.041924));
#8960=CARTESIAN_POINT('',(0.00288731027593318,0.00429543015341757,0.041924));
#8961=CARTESIAN_POINT('',(0.00288731027593318,0.00429543015341757,0.036924));
#8962=CARTESIAN_POINT('',(0.00314755518173532,0.00429543015341757,0.036924));
#8963=CARTESIAN_POINT('',(0.00314755518173532,0.00429543015341757,0.041924));
#8964=CARTESIAN_POINT('',(0.00314755518173532,0.00429543015341757,0.041924));
#8965=CARTESIAN_POINT('',(0.00288731027593318,0.00429543015341757,0.041924));
#8966=CARTESIAN_POINT('',(0.00314755518173532,0.00373650559593859,0.041924));
#8967=CARTESIAN_POINT('',(0.00314755518173532,0.00373650559593859,0.036924));
#8968=CARTESIAN_POINT('',(0.00314756995915248,0.00317758102160633,0.036924));
#8969=CARTESIAN_POINT('',(0.00314755518173532,0.00317758103845961,0.041924));
#8970=CARTESIAN_POINT('',(0.00314756995915248,0.00317758102160633,0.041924));
#8971=CARTESIAN_POINT('',(0.00314755518173532,0.00373650559593859,0.041924));
#8972=CARTESIAN_POINT('',(-0.00361299960005176,0.00318529128838544,0.041924));
#8973=CARTESIAN_POINT('',(-0.00361299960005176,0.00318529128838544,0.036924));
#8974=CARTESIAN_POINT('',(0.00313748691562712,0.00281313840919236,0.036924));
#8975=CARTESIAN_POINT('',(0.00313736765873239,0.00281314555649113,0.041924));
#8976=CARTESIAN_POINT('',(0.00313748691562712,0.00281313840919236,0.041924));
#8977=CARTESIAN_POINT('',(-0.00361299960005176,0.00318529128838544,0.041924));
#8978=CARTESIAN_POINT('',(0.000272358348771789,-1.90567022884305E-18,0.041924));
#8979=CARTESIAN_POINT('',(0.000272358348771789,-1.90567022884305E-18,0.036924));
#8980=CARTESIAN_POINT('',(0.00057752096963231,-1.90567022884302E-18,0.036924));
#8981=CARTESIAN_POINT('',(-3.28042720887309E-5,-1.90567022884308E-18,0.036924));
#8982=CARTESIAN_POINT('',(-3.28042720887309E-5,-1.90567022884308E-18,0.041924));
#8983=CARTESIAN_POINT('',(-3.28042720887309E-5,-1.90567022884308E-18,0.041924));
#8984=CARTESIAN_POINT('',(0.000272358348771789,-1.90567022884305E-18,0.041924));
#8985=CARTESIAN_POINT('',(0.00057752096963231,-1.90567022884302E-18,0.041924));
#8986=CARTESIAN_POINT('',(0.00057752096963231,-1.90567022884302E-18,0.041924));
#8987=CARTESIAN_POINT('',(-0.000562555468241136,0.000714978887114781,0.041924));
#8988=CARTESIAN_POINT('',(-0.000562555468241136,0.000714978887114781,0.036924));
#8989=CARTESIAN_POINT('',(-0.00109230666439354,0.00142995777422956,0.036924));
#8990=CARTESIAN_POINT('',(-0.00109230666439354,0.00142995777422956,0.041924));
#8991=CARTESIAN_POINT('',(-0.00109230666439354,0.00142995777422956,0.041924));
#8992=CARTESIAN_POINT('',(-0.000562555468241136,0.000714978887114781,0.041924));
#8993=CARTESIAN_POINT('',(-0.00128309118608479,0.00127205116768414,0.041924));
#8994=CARTESIAN_POINT('',(-0.00128309118608479,0.00127205116768414,0.036924));
#8995=CARTESIAN_POINT('',(-0.00147387570777604,0.00111414456113871,0.036924));
#8996=CARTESIAN_POINT('',(-0.00147387570777604,0.00111414456113871,0.041924));
#8997=CARTESIAN_POINT('',(-0.00147387570777604,0.00111414456113871,0.041924));
#8998=CARTESIAN_POINT('',(-0.00128309118608479,0.00127205116768414,0.041924));
#8999=CARTESIAN_POINT('',(-0.00147387570777604,0.000557072280569354,0.041924));
#9000=CARTESIAN_POINT('',(-0.00147387570777604,0.000557072280569354,0.036924));
#9001=CARTESIAN_POINT('',(-0.00147387570777604,-1.90567022884323E-18,0.036924));
#9002=CARTESIAN_POINT('',(-0.00147387570777604,-1.90567022884323E-18,0.041924));
#9003=CARTESIAN_POINT('',(-0.00147387570777604,-1.90567022884323E-18,0.041924));
#9004=CARTESIAN_POINT('',(-0.00147387570777604,0.000557072280569354,0.041924));
#9005=CARTESIAN_POINT('',(-0.00173458368280559,-1.90567022884325E-18,0.041924));
#9006=CARTESIAN_POINT('',(-0.00173458368280559,-1.90567022884325E-18,0.036924));
#9007=CARTESIAN_POINT('',(-0.00199529165783514,-1.7347234759768E-18,0.036924));
#9008=CARTESIAN_POINT('',(-0.00199529165783514,-1.7347234759768E-18,0.041924));
#9009=CARTESIAN_POINT('',(-0.00199529165783514,-1.7347234759768E-18,0.041924));
#9010=CARTESIAN_POINT('',(-0.00173458368280559,-1.90567022884325E-18,0.041924));
#9011=CARTESIAN_POINT('',(-0.00199529165783514,0.00214771507670878,0.041924));
#9012=CARTESIAN_POINT('',(-0.00199529165783514,0.00214771507670878,0.036924));
#9013=CARTESIAN_POINT('',(-0.00199529165783514,0.00429543015341757,0.036924));
#9014=CARTESIAN_POINT('',(-0.00199529165783514,0.00429543015341757,0.041924));
#9015=CARTESIAN_POINT('',(-0.00199529165783514,0.00429543015341757,0.041924));
#9016=CARTESIAN_POINT('',(-0.00199529165783514,0.00214771507670878,0.041924));
#9017=CARTESIAN_POINT('',(-0.00173458368280559,0.00429543015341757,0.041924));
#9018=CARTESIAN_POINT('',(-0.00173458368280559,0.00429543015341757,0.036924));
#9019=CARTESIAN_POINT('',(-0.00147387570777604,0.00429543015341757,0.036924));
#9020=CARTESIAN_POINT('',(-0.00147387570777604,0.00429543015341757,0.041924));
#9021=CARTESIAN_POINT('',(-0.00147387570777604,0.00429543015341757,0.041924));
#9022=CARTESIAN_POINT('',(-0.00173458368280559,0.00429543015341757,0.041924));
#9023=CARTESIAN_POINT('',(-0.00147387570777604,0.00295391860162254,0.041924));
#9024=CARTESIAN_POINT('',(-0.00147387570777604,0.00295391860162254,0.036924));
#9025=CARTESIAN_POINT('',(-0.00147387570777604,0.00161240704982751,0.036924));
#9026=CARTESIAN_POINT('',(-0.00147387570777604,0.00161240704982751,0.041924));
#9027=CARTESIAN_POINT('',(-0.00147387570777604,0.00161240704982751,0.041924));
#9028=CARTESIAN_POINT('',(-0.00147387570777604,0.00295391860162254,0.041924));
#9029=CARTESIAN_POINT('',(-0.000786680974305613,0.00237184058277327,0.041924));
#9030=CARTESIAN_POINT('',(-0.000786680974305613,0.00237184058277327,0.036924));
#9031=CARTESIAN_POINT('',(-9.94862408351862E-5,0.00313127411571902,0.036924));
#9032=CARTESIAN_POINT('',(-9.94862408351862E-5,0.00313127411571902,0.041924));
#9033=CARTESIAN_POINT('',(-9.94862408351862E-5,0.00313127411571902,0.041924));
#9034=CARTESIAN_POINT('',(-0.000786680974305613,0.00237184058277327,0.041924));
#9035=CARTESIAN_POINT('',(0.000206139449252739,0.00313127411571902,0.041924));
#9036=CARTESIAN_POINT('',(0.000206139449252739,0.00313127411571902,0.036924));
#9037=CARTESIAN_POINT('',(0.000511765139340665,0.00313127411571902,0.036924));
#9038=CARTESIAN_POINT('',(0.000511765139340665,0.00313127411571902,0.041924));
#9039=CARTESIAN_POINT('',(0.000511765139340665,0.00313127411571902,0.041924));
#9040=CARTESIAN_POINT('',(0.000206139449252739,0.00313127411571902,0.041924));
#9041=CARTESIAN_POINT('',(-0.000123565840660295,0.00245843452829817,0.041924));
#9042=CARTESIAN_POINT('',(-0.000123565840660295,0.00245843452829817,0.036924));
#9043=CARTESIAN_POINT('',(-0.000758896820661256,0.00178559494087734,0.036924));
#9044=CARTESIAN_POINT('',(-0.000758896820661256,0.00178559494087734,0.041924));
#9045=CARTESIAN_POINT('',(-0.000758896820661256,0.00178559494087734,0.041924));
#9046=CARTESIAN_POINT('',(-0.000123565840660295,0.00245843452829817,0.041924));
#9047=CARTESIAN_POINT('',(-0.00879129563924483,9.07615685715639E-5,0.041924));
#9048=CARTESIAN_POINT('',(-0.00879129563924483,9.07615685715639E-5,0.036924));
#9049=CARTESIAN_POINT('',(-0.00896787937129563,-8.64395891157964E-6,0.041924));
#9050=CARTESIAN_POINT('',(-0.00896787937129563,-8.64395891157964E-6,0.036924));
#9051=CARTESIAN_POINT('',(-0.00918243477999372,-5.83467226531514E-5,0.041924));
#9052=CARTESIAN_POINT('',(-0.00918243477999372,-5.83467226531514E-5,0.036924));
#9053=CARTESIAN_POINT('',(-0.0094349618653391,-5.83467226531514E-5,0.041924));
#9054=CARTESIAN_POINT('',(-0.0094349618653391,-5.83467226531514E-5,0.036924));
#9055=CARTESIAN_POINT('',(-0.00879129563924483,9.07615685715639E-5,0.036924));
#9056=CARTESIAN_POINT('',(-0.00905617123732103,-5.83467226531514E-5,0.036924));
#9057=CARTESIAN_POINT('',(-0.0094349618653391,-5.83467226531514E-5,0.036924));
#9058=CARTESIAN_POINT('',(-0.00879129563924483,9.07615685715639E-5,0.036924));
#9059=CARTESIAN_POINT('',(-0.0094349618653391,-5.83467226531514E-5,0.036924));
#9060=CARTESIAN_POINT('',(-0.0094349618653391,-5.83467226531514E-5,0.041924));
#9061=CARTESIAN_POINT('',(-0.0094349618653391,-5.83467226531514E-5,0.041924));
#9062=CARTESIAN_POINT('',(-0.00879129563924483,9.07615685715639E-5,0.041924));
#9063=CARTESIAN_POINT('',(-0.00905617123732103,-5.83467226531514E-5,0.041924));
#9064=CARTESIAN_POINT('',(-0.0094349618653391,-5.83467226531514E-5,0.041924));
#9065=CARTESIAN_POINT('',(-0.00879129563924483,9.07615685715639E-5,0.041924));
#9066=CARTESIAN_POINT('',(-0.00879129563924483,9.07615685715639E-5,0.041924));
#9067=CARTESIAN_POINT('',(-0.0094349618653391,-5.83467226531514E-5,0.041924));
#9068=CARTESIAN_POINT('',(-0.0094349618653391,-5.83467226531514E-5,0.036924));
#9069=CARTESIAN_POINT('',(-0.00974984893997514,-5.83467226531514E-5,0.041924));
#9070=CARTESIAN_POINT('',(-0.00974984893997514,-5.83467226531514E-5,0.036924));
#9071=CARTESIAN_POINT('',(-0.00998632295877044,2.46970254616486E-5,0.041924));
#9072=CARTESIAN_POINT('',(-0.00998632295877044,2.46970254616486E-5,0.036924));
#9073=CARTESIAN_POINT('',(-0.010144383921725,0.000190784521691248,0.041924));
#9074=CARTESIAN_POINT('',(-0.010144383921725,0.000190784521691248,0.036924));
#9075=CARTESIAN_POINT('',(-0.0094349618653391,-5.83467226531514E-5,0.036924));
#9076=CARTESIAN_POINT('',(-0.00990729247729316,-5.83467226531514E-5,0.036924));
#9077=CARTESIAN_POINT('',(-0.010144383921725,0.000190784521691248,0.036924));
#9078=CARTESIAN_POINT('',(-0.010144383921725,0.000190784521691248,0.036924));
#9079=CARTESIAN_POINT('',(-0.010144383921725,0.000190784521691248,0.041924));
#9080=CARTESIAN_POINT('',(-0.010144383921725,0.000190784521691248,0.041924));
#9081=CARTESIAN_POINT('',(-0.0094349618653391,-5.83467226531514E-5,0.041924));
#9082=CARTESIAN_POINT('',(-0.00990729247729316,-5.83467226531514E-5,0.041924));
#9083=CARTESIAN_POINT('',(-0.010144383921725,0.000190784521691248,0.041924));
#9084=CARTESIAN_POINT('',(-0.010144383921725,0.000190784521691248,0.041924));
#9085=CARTESIAN_POINT('',(-0.010144383921725,0.000190784521691248,0.036924));
#9086=CARTESIAN_POINT('',(-0.0103024448846796,0.000356872017920849,0.041924));
#9087=CARTESIAN_POINT('',(-0.0103024448846796,0.000356872017920849,0.036924));
#9088=CARTESIAN_POINT('',(-0.0103814753661569,0.000584702077804575,0.041924));
#9089=CARTESIAN_POINT('',(-0.0103814753661569,0.000584702077804575,0.036924));
#9090=CARTESIAN_POINT('',(-0.0103814753661569,0.000874274701342428,0.041924));
#9091=CARTESIAN_POINT('',(-0.0103814753661569,0.000874274701342428,0.036924));
#9092=CARTESIAN_POINT('',(-0.010144383921725,0.000190784521691248,0.036924));
#9093=CARTESIAN_POINT('',(-0.0103814753661569,0.000439915766035649,0.036924));
#9094=CARTESIAN_POINT('',(-0.0103814753661569,0.000874274701342428,0.036924));
#9095=CARTESIAN_POINT('',(-0.0103814753661569,0.000874274701342428,0.036924));
#9096=CARTESIAN_POINT('',(-0.0103814753661569,0.000874274701342428,0.041924));
#9097=CARTESIAN_POINT('',(-0.0103814753661569,0.000874274701342428,0.041924));
#9098=CARTESIAN_POINT('',(-0.010144383921725,0.000190784521691248,0.041924));
#9099=CARTESIAN_POINT('',(-0.0103814753661569,0.000439915766035649,0.041924));
#9100=CARTESIAN_POINT('',(-0.0103814753661569,0.000874274701342428,0.041924));
#9101=CARTESIAN_POINT('',(-0.0103814753661569,0.000874274701342428,0.041924));
#9102=CARTESIAN_POINT('',(-0.0103814753661569,0.000874274701342428,0.036924));
#9103=CARTESIAN_POINT('',(-0.0103814753661569,0.00119842316052659,0.041924));
#9104=CARTESIAN_POINT('',(-0.0103814753661569,0.00119842316052659,0.036924));
#9105=CARTESIAN_POINT('',(-0.0102748150874444,0.00144724569205272,0.041924));
#9106=CARTESIAN_POINT('',(-0.0102748150874444,0.00144724569205272,0.036924));
#9107=CARTESIAN_POINT('',(-0.0100614945300193,0.00162074229592082,0.041924));
#9108=CARTESIAN_POINT('',(-0.0100614945300193,0.00162074229592082,0.036924));
#9109=CARTESIAN_POINT('',(-0.0103814753661569,0.000874274701342428,0.036924));
#9110=CARTESIAN_POINT('',(-0.0103814753661569,0.00136049739011867,0.036924));
#9111=CARTESIAN_POINT('',(-0.0100614945300193,0.00162074229592082,0.036924));
#9112=CARTESIAN_POINT('',(-0.0100614945300193,0.00162074229592082,0.036924));
#9113=CARTESIAN_POINT('',(-0.0100614945300193,0.00162074229592082,0.041924));
#9114=CARTESIAN_POINT('',(-0.0100614945300193,0.00162074229592082,0.041924));
#9115=CARTESIAN_POINT('',(-0.0103814753661569,0.000874274701342428,0.041924));
#9116=CARTESIAN_POINT('',(-0.0103814753661569,0.00136049739011867,0.041924));
#9117=CARTESIAN_POINT('',(-0.0100614945300193,0.00162074229592082,0.041924));
#9118=CARTESIAN_POINT('',(-0.0100614945300193,0.00162074229592082,0.041924));
#9119=CARTESIAN_POINT('',(-0.0100614945300193,0.00162074229592082,0.036924));
#9120=CARTESIAN_POINT('',(-0.00984817397259434,0.00179423889978891,0.041924));
#9121=CARTESIAN_POINT('',(-0.00984817397259434,0.00179423889978891,0.036924));
#9122=CARTESIAN_POINT('',(-0.00950442224944999,0.0018868527452701,0.041924));
#9123=CARTESIAN_POINT('',(-0.00950442224944999,0.0018868527452701,0.036924));
#9124=CARTESIAN_POINT('',(-0.0090302393605863,0.00189858383236439,0.041924));
#9125=CARTESIAN_POINT('',(-0.0090302393605863,0.00189858383236439,0.036924));
#9126=CARTESIAN_POINT('',(-0.0100614945300193,0.00162074229592082,0.036924));
#9127=CARTESIAN_POINT('',(-0.00974151369388184,0.00188098720172296,0.036924));
#9128=CARTESIAN_POINT('',(-0.0090302393605863,0.00189858383236439,0.036924));
#9129=CARTESIAN_POINT('',(-0.0090302393605863,0.00189858383236439,0.036924));
#9130=CARTESIAN_POINT('',(-0.0090302393605863,0.00189858383236439,0.041924));
#9131=CARTESIAN_POINT('',(-0.0090302393605863,0.00189858383236439,0.041924));
#9132=CARTESIAN_POINT('',(-0.0100614945300193,0.00162074229592082,0.041924));
#9133=CARTESIAN_POINT('',(-0.00974151369388184,0.00188098720172296,0.041924));
#9134=CARTESIAN_POINT('',(-0.0090302393605863,0.00189858383236439,0.041924));
#9135=CARTESIAN_POINT('',(-0.00867830674775778,0.00190460373232066,0.041924));
#9136=CARTESIAN_POINT('',(-0.00867830674775778,0.00190460373232066,0.036924));
#9137=CARTESIAN_POINT('',(-0.00832637413492926,0.00191062363227694,0.036924));
#9138=CARTESIAN_POINT('',(-0.00832637413492926,0.00191062363227694,0.041924));
#9139=CARTESIAN_POINT('',(-0.00832637413492926,0.00191062363227694,0.041924));
#9140=CARTESIAN_POINT('',(-0.00867830674775778,0.00190460373232066,0.041924));
#9141=CARTESIAN_POINT('',(-0.00832637413492926,0.00199582837011964,0.041924));
#9142=CARTESIAN_POINT('',(-0.00832637413492926,0.00199582837011964,0.036924));
#9143=CARTESIAN_POINT('',(-0.00832637413492926,0.00208103310796233,0.036924));
#9144=CARTESIAN_POINT('',(-0.00832637413492926,0.00208103310796233,0.041924));
#9145=CARTESIAN_POINT('',(-0.00832637413492926,0.00208103310796233,0.041924));
#9146=CARTESIAN_POINT('',(-0.00832637413492926,0.00199582837011964,0.041924));
#9147=CARTESIAN_POINT('',(-0.00832637413492926,0.00208103310796233,0.041924));
#9148=CARTESIAN_POINT('',(-0.00832637413492926,0.00208103310796233,0.036924));
#9149=CARTESIAN_POINT('',(-0.00832637413492926,0.00233541247021733,0.041924));
#9150=CARTESIAN_POINT('',(-0.00832637413492926,0.00233541247021733,0.036924));
#9151=CARTESIAN_POINT('',(-0.00838039887812662,0.00251770738940614,0.041924));
#9152=CARTESIAN_POINT('',(-0.00838039887812662,0.00251770738940614,0.036924));
#9153=CARTESIAN_POINT('',(-0.00848844836452134,0.00262791786552876,0.041924));
#9154=CARTESIAN_POINT('',(-0.00848844836452134,0.00262791786552876,0.036924));
#9155=CARTESIAN_POINT('',(-0.00832637413492926,0.00208103310796233,0.036924));
#9156=CARTESIAN_POINT('',(-0.00832637413492926,0.00246260215134483,0.036924));
#9157=CARTESIAN_POINT('',(-0.00848844836452134,0.00262791786552876,0.036924));
#9158=CARTESIAN_POINT('',(-0.00848844836452134,0.00262791786552876,0.036924));
#9159=CARTESIAN_POINT('',(-0.00848844836452134,0.00262791786552876,0.041924));
#9160=CARTESIAN_POINT('',(-0.00848844836452134,0.00262791786552876,0.041924));
#9161=CARTESIAN_POINT('',(-0.00832637413492926,0.00208103310796233,0.041924));
#9162=CARTESIAN_POINT('',(-0.00832637413492926,0.00246260215134483,0.041924));
#9163=CARTESIAN_POINT('',(-0.00848844836452134,0.00262791786552876,0.041924));
#9164=CARTESIAN_POINT('',(-0.00848844836452134,0.00262791786552876,0.041924));
#9165=CARTESIAN_POINT('',(-0.00848844836452134,0.00262791786552876,0.036924));
#9166=CARTESIAN_POINT('',(-0.00859649785091606,0.00273812834165137,0.041924));
#9167=CARTESIAN_POINT('',(-0.00859649785091606,0.00273812834165137,0.036924));
#9168=CARTESIAN_POINT('',(-0.00876628990096491,0.00279323357971268,0.041924));
#9169=CARTESIAN_POINT('',(-0.00876628990096491,0.00279323357971268,0.036924));
#9170=CARTESIAN_POINT('',(-0.00899782451466788,0.00279323357971268,0.041924));
#9171=CARTESIAN_POINT('',(-0.00899782451466788,0.00279323357971268,0.036924));
#9172=CARTESIAN_POINT('',(-0.00848844836452134,0.00262791786552876,0.036924));
#9173=CARTESIAN_POINT('',(-0.00865052259411342,0.00279323357971268,0.036924));
#9174=CARTESIAN_POINT('',(-0.00899782451466788,0.00279323357971268,0.036924));
#9175=CARTESIAN_POINT('',(-0.00899782451466788,0.00279323357971268,0.036924));
#9176=CARTESIAN_POINT('',(-0.00899782451466788,0.00279323357971268,0.041924));
#9177=CARTESIAN_POINT('',(-0.00899782451466788,0.00279323357971268,0.041924));
#9178=CARTESIAN_POINT('',(-0.00848844836452134,0.00262791786552876,0.041924));
#9179=CARTESIAN_POINT('',(-0.00865052259411342,0.00279323357971268,0.041924));
#9180=CARTESIAN_POINT('',(-0.00899782451466788,0.00279323357971268,0.041924));
#9181=CARTESIAN_POINT('',(-0.00899782451466788,0.00279323357971268,0.041924));
#9182=CARTESIAN_POINT('',(-0.00899782451466788,0.00279323357971268,0.036924));
#9183=CARTESIAN_POINT('',(-0.00923121140528048,0.00279323357971268,0.041924));
#9184=CARTESIAN_POINT('',(-0.00923121140528048,0.00279323357971268,0.036924));
#9185=CARTESIAN_POINT('',(-0.00940100345532933,0.0027535639825649,0.041924));
#9186=CARTESIAN_POINT('',(-0.00940100345532933,0.0027535639825649,0.036924));
#9187=CARTESIAN_POINT('',(-0.00950720066481443,0.00267422478826935,0.041924));
#9188=CARTESIAN_POINT('',(-0.00950720066481443,0.00267422478826935,0.036924));
#9189=CARTESIAN_POINT('',(-0.00899782451466788,0.00279323357971268,0.036924));
#9190=CARTESIAN_POINT('',(-0.00934790485058678,0.00279323357971268,0.036924));
#9191=CARTESIAN_POINT('',(-0.00950720066481443,0.00267422478826935,0.036924));
#9192=CARTESIAN_POINT('',(-0.00950720066481443,0.00267422478826935,0.036924));
#9193=CARTESIAN_POINT('',(-0.00950720066481443,0.00267422478826935,0.041924));
#9194=CARTESIAN_POINT('',(-0.00950720066481443,0.00267422478826935,0.041924));
#9195=CARTESIAN_POINT('',(-0.00899782451466788,0.00279323357971268,0.041924));
#9196=CARTESIAN_POINT('',(-0.00934790485058678,0.00279323357971268,0.041924));
#9197=CARTESIAN_POINT('',(-0.00950720066481443,0.00267422478826935,0.041924));
#9198=CARTESIAN_POINT('',(-0.00950720066481443,0.00267422478826935,0.041924));
#9199=CARTESIAN_POINT('',(-0.00950720066481443,0.00267422478826935,0.036924));
#9200=CARTESIAN_POINT('',(-0.00961339787429952,0.0025948855939738,0.041924));
#9201=CARTESIAN_POINT('',(-0.00961339787429952,0.0025948855939738,0.036924));
#9202=CARTESIAN_POINT('',(-0.00967730142768154,0.00246846769489197,0.041924));
#9203=CARTESIAN_POINT('',(-0.00967730142768154,0.00246846769489197,0.036924));
#9204=CARTESIAN_POINT('',(-0.00969891132496049,0.00229497109102387,0.041924));
#9205=CARTESIAN_POINT('',(-0.00969891132496049,0.00229497109102387,0.036924));
#9206=CARTESIAN_POINT('',(-0.00950720066481443,0.00267422478826935,0.036924));
#9207=CARTESIAN_POINT('',(-0.00966649647904207,0.00255521599682602,0.036924));
#9208=CARTESIAN_POINT('',(-0.00969891132496049,0.00229497109102387,0.036924));
#9209=CARTESIAN_POINT('',(-0.00969891132496049,0.00229497109102387,0.036924));
#9210=CARTESIAN_POINT('',(-0.00969891132496049,0.00229497109102387,0.041924));
#9211=CARTESIAN_POINT('',(-0.00969891132496049,0.00229497109102387,0.041924));
#9212=CARTESIAN_POINT('',(-0.00950720066481443,0.00267422478826935,0.041924));
#9213=CARTESIAN_POINT('',(-0.00966649647904207,0.00255521599682602,0.041924));
#9214=CARTESIAN_POINT('',(-0.00969891132496049,0.00229497109102387,0.041924));
#9215=CARTESIAN_POINT('',(-0.00997073296144778,0.00231951376007639,0.041924));
#9216=CARTESIAN_POINT('',(-0.00997073296144778,0.00231951376007639,0.036924));
#9217=CARTESIAN_POINT('',(-0.0102425545979351,0.0023440564291289,0.036924));
#9218=CARTESIAN_POINT('',(-0.0102425545979351,0.0023440564291289,0.041924));
#9219=CARTESIAN_POINT('',(-0.0102425545979351,0.0023440564291289,0.041924));
#9220=CARTESIAN_POINT('',(-0.00997073296144778,0.00231951376007639,0.041924));
#9221=CARTESIAN_POINT('',(-0.0102425545979351,0.0023440564291289,0.041924));
#9222=CARTESIAN_POINT('',(-0.0102425545979351,0.0023440564291289,0.036924));
#9223=CARTESIAN_POINT('',(-0.0101536453062731,0.00290776603529108,0.041924));
#9224=CARTESIAN_POINT('',(-0.0101536453062731,0.00290776603529108,0.036924));
#9225=CARTESIAN_POINT('',(-0.00973503072469815,0.00318962083837217,0.041924));
#9226=CARTESIAN_POINT('',(-0.00973503072469815,0.00318962083837217,0.036924));
#9227=CARTESIAN_POINT('',(-0.00898671085321014,0.00318962083837217,0.041924));
#9228=CARTESIAN_POINT('',(-0.00898671085321014,0.00318962083837217,0.036924));
#9229=CARTESIAN_POINT('',(-0.0102425545979351,0.0023440564291289,0.036924));
#9230=CARTESIAN_POINT('',(-0.0101091906604422,0.00318962083837217,0.036924));
#9231=CARTESIAN_POINT('',(-0.00898671085321014,0.00318962083837217,0.036924));
#9232=CARTESIAN_POINT('',(-0.00898671085321014,0.00318962083837217,0.036924));
#9233=CARTESIAN_POINT('',(-0.00898671085321014,0.00318962083837217,0.041924));
#9234=CARTESIAN_POINT('',(-0.00898671085321014,0.00318962083837217,0.041924));
#9235=CARTESIAN_POINT('',(-0.0102425545979351,0.0023440564291289,0.041924));
#9236=CARTESIAN_POINT('',(-0.0101091906604422,0.00318962083837217,0.041924));
#9237=CARTESIAN_POINT('',(-0.00898671085321014,0.00318962083837217,0.041924));
#9238=CARTESIAN_POINT('',(-0.00898671085321014,0.00318962083837217,0.041924));
#9239=CARTESIAN_POINT('',(-0.00898671085321014,0.00318962083837217,0.036924));
#9240=CARTESIAN_POINT('',(-0.00859279329709681,0.00318962083837217,0.041924));
#9241=CARTESIAN_POINT('',(-0.00859279329709681,0.00318962083837217,0.036924));
#9242=CARTESIAN_POINT('',(-0.00829658334796614,0.00309932233902801,0.041924));
#9243=CARTESIAN_POINT('',(-0.00829658334796614,0.00309932233902801,0.036924));
#9244=CARTESIAN_POINT('',(-0.00809808100581813,0.00291872534033969,0.041924));
#9245=CARTESIAN_POINT('',(-0.00809808100581813,0.00291872534033969,0.036924));
#9246=CARTESIAN_POINT('',(-0.00898671085321014,0.00318962083837217,0.036924));
#9247=CARTESIAN_POINT('',(-0.00839583451904015,0.00318962083837217,0.036924));
#9248=CARTESIAN_POINT('',(-0.00809808100581813,0.00291872534033969,0.036924));
#9249=CARTESIAN_POINT('',(-0.00809808100581813,0.00291872534033969,0.036924));
#9250=CARTESIAN_POINT('',(-0.00809808100581813,0.00291872534033969,0.041924));
#9251=CARTESIAN_POINT('',(-0.00809808100581813,0.00291872534033969,0.041924));
#9252=CARTESIAN_POINT('',(-0.00898671085321014,0.00318962083837217,0.041924));
#9253=CARTESIAN_POINT('',(-0.00839583451904015,0.00318962083837217,0.041924));
#9254=CARTESIAN_POINT('',(-0.00809808100581813,0.00291872534033969,0.041924));
#9255=CARTESIAN_POINT('',(-0.00809808100581813,0.00291872534033969,0.041924));
#9256=CARTESIAN_POINT('',(-0.00809808100581813,0.00291872534033969,0.036924));
#9257=CARTESIAN_POINT('',(-0.00789957866367011,0.00273812834165137,0.041924));
#9258=CARTESIAN_POINT('',(-0.00789957866367011,0.00273812834165137,0.036924));
#9259=CARTESIAN_POINT('',(-0.0078003274925961,0.00247711165380355,0.041924));
#9260=CARTESIAN_POINT('',(-0.0078003274925961,0.00247711165380355,0.036924));
#9261=CARTESIAN_POINT('',(-0.0078003274925961,0.00213567527679623,0.041924));
#9262=CARTESIAN_POINT('',(-0.0078003274925961,0.00213567527679623,0.036924));
#9263=CARTESIAN_POINT('',(-0.00809808100581813,0.00291872534033969,0.036924));
#9264=CARTESIAN_POINT('',(-0.0078003274925961,0.00264782984230721,0.036924));
#9265=CARTESIAN_POINT('',(-0.0078003274925961,0.00213567527679623,0.036924));
#9266=CARTESIAN_POINT('',(-0.0078003274925961,0.00213567527679623,0.036924));
#9267=CARTESIAN_POINT('',(-0.0078003274925961,0.00213567527679623,0.041924));
#9268=CARTESIAN_POINT('',(-0.0078003274925961,0.00213567527679623,0.041924));
#9269=CARTESIAN_POINT('',(-0.00809808100581813,0.00291872534033969,0.041924));
#9270=CARTESIAN_POINT('',(-0.0078003274925961,0.00264782984230721,0.041924));
#9271=CARTESIAN_POINT('',(-0.0078003274925961,0.00213567527679623,0.041924));
#9272=CARTESIAN_POINT('',(-0.0078003274925961,0.00146144648169317,0.041924));
#9273=CARTESIAN_POINT('',(-0.0078003274925961,0.00146144648169317,0.036924));
#9274=CARTESIAN_POINT('',(-0.0078003274925961,0.00078721768659011,0.036924));
#9275=CARTESIAN_POINT('',(-0.0078003274925961,0.00078721768659011,0.041924));
#9276=CARTESIAN_POINT('',(-0.0078003274925961,0.00078721768659011,0.041924));
#9277=CARTESIAN_POINT('',(-0.0078003274925961,0.00146144648169317,0.041924));
#9278=CARTESIAN_POINT('',(-0.0078003274925961,0.00078721768659011,0.041924));
#9279=CARTESIAN_POINT('',(-0.0078003274925961,0.00078721768659011,0.036924));
#9280=CARTESIAN_POINT('',(-0.0078003274925961,0.000632861277454794,0.041924));
#9281=CARTESIAN_POINT('',(-0.0078003274925961,0.000632861277454794,0.036924));
#9282=CARTESIAN_POINT('',(-0.00777995244659024,0.000516630901375901,0.041924));
#9283=CARTESIAN_POINT('',(-0.00777995244659024,0.000516630901375901,0.036924));
#9284=CARTESIAN_POINT('',(-0.00773920235457852,0.000438526558353431,0.041924));
#9285=CARTESIAN_POINT('',(-0.00773920235457852,0.000438526558353431,0.036924));
#9286=CARTESIAN_POINT('',(-0.0078003274925961,0.00078721768659011,0.036924));
#9287=CARTESIAN_POINT('',(-0.0078003274925961,0.000555683072887136,0.036924));
#9288=CARTESIAN_POINT('',(-0.00773920235457852,0.000438526558353431,0.036924));
#9289=CARTESIAN_POINT('',(-0.00773920235457852,0.000438526558353431,0.036924));
#9290=CARTESIAN_POINT('',(-0.00773920235457852,0.000438526558353431,0.041924));
#9291=CARTESIAN_POINT('',(-0.00773920235457852,0.000438526558353431,0.041924));
#9292=CARTESIAN_POINT('',(-0.0078003274925961,0.00078721768659011,0.041924));
#9293=CARTESIAN_POINT('',(-0.0078003274925961,0.000555683072887136,0.041924));
#9294=CARTESIAN_POINT('',(-0.00773920235457852,0.000438526558353431,0.041924));
#9295=CARTESIAN_POINT('',(-0.00773920235457852,0.000438526558353431,0.041924));
#9296=CARTESIAN_POINT('',(-0.00773920235457852,0.000438526558353431,0.036924));
#9297=CARTESIAN_POINT('',(-0.00769845226256679,0.000360422215330961,0.041924));
#9298=CARTESIAN_POINT('',(-0.00769845226256679,0.000360422215330961,0.036924));
#9299=CARTESIAN_POINT('',(-0.00762127405799913,0.000321370043819726,0.041924));
#9300=CARTESIAN_POINT('',(-0.00762127405799913,0.000321370043819726,0.036924));
#9301=CARTESIAN_POINT('',(-0.00750766774087554,0.000321370043819726,0.041924));
#9302=CARTESIAN_POINT('',(-0.00750766774087554,0.000321370043819726,0.036924));
#9303=CARTESIAN_POINT('',(-0.00773920235457852,0.000438526558353431,0.036924));
#9304=CARTESIAN_POINT('',(-0.00767807721656093,0.000321370043819726,0.036924));
#9305=CARTESIAN_POINT('',(-0.00750766774087554,0.000321370043819726,0.036924));
#9306=CARTESIAN_POINT('',(-0.00750766774087554,0.000321370043819726,0.036924));
#9307=CARTESIAN_POINT('',(-0.00750766774087554,0.000321370043819726,0.041924));
#9308=CARTESIAN_POINT('',(-0.00750766774087554,0.000321370043819726,0.041924));
#9309=CARTESIAN_POINT('',(-0.00773920235457852,0.000438526558353431,0.041924));
#9310=CARTESIAN_POINT('',(-0.00767807721656093,0.000321370043819726,0.041924));
#9311=CARTESIAN_POINT('',(-0.00750766774087554,0.000321370043819726,0.041924));
#9312=CARTESIAN_POINT('',(-0.0075225638275061,0.00115255916503661,0.041924));
#9313=CARTESIAN_POINT('',(-0.0075225638275061,0.00115255916503661,0.036924));
#9314=CARTESIAN_POINT('',(-0.00733725826519015,0.000341745089825588,0.036924));
#9315=CARTESIAN_POINT('',(-0.00733725826519015,0.000341940089892772,0.041924));
#9316=CARTESIAN_POINT('',(-0.00733725826519015,0.000341745089825588,0.041924));
#9317=CARTESIAN_POINT('',(-0.0075225638275061,0.00115255916503661,0.041924));
#9318=CARTESIAN_POINT('',(-0.00733725826519015,0.000179670860233506,0.041924));
#9319=CARTESIAN_POINT('',(-0.00733725826519015,0.000179670860233506,0.036924));
#9320=CARTESIAN_POINT('',(-0.00733725826519015,1.75637415689449E-5,0.036924));
#9321=CARTESIAN_POINT('',(-0.00733725826519015,1.75637415689449E-5,0.041924));
#9322=CARTESIAN_POINT('',(-0.00733725826519015,1.75637415689449E-5,0.041924));
#9323=CARTESIAN_POINT('',(-0.00733725826519015,0.000179670860233506,0.041924));
#9324=CARTESIAN_POINT('',(-0.00773624431807373,0.00171609374221921,0.041924));
#9325=CARTESIAN_POINT('',(-0.00773624431807373,0.00171609374221921,0.036924));
#9326=CARTESIAN_POINT('',(-0.00773920235457852,-2.87102920991707E-5,0.036924));
#9327=CARTESIAN_POINT('',(-0.00773920235457852,-2.87102920991707E-5,0.041924));
#9328=CARTESIAN_POINT('',(-0.00773920235457852,-2.87102920991707E-5,0.041924));
#9329=CARTESIAN_POINT('',(-0.00773624431807373,0.00171609374221921,0.041924));
#9330=CARTESIAN_POINT('',(-0.00773920235457852,-2.87102920991707E-5,0.041924));
#9331=CARTESIAN_POINT('',(-0.00773920235457852,-2.87102920991707E-5,0.036924));
#9332=CARTESIAN_POINT('',(-0.00793183915317939,-2.87102920991707E-5,0.041924));
#9333=CARTESIAN_POINT('',(-0.00793183915317939,-2.87102920991707E-5,0.036924));
#9334=CARTESIAN_POINT('',(-0.00807214912908339,2.19186100972129E-5,0.041924));
#9335=CARTESIAN_POINT('',(-0.00807214912908339,2.19186100972129E-5,0.036924));
#9336=CARTESIAN_POINT('',(-0.00816013228229052,0.00012317641448998,0.041924));
#9337=CARTESIAN_POINT('',(-0.00816013228229052,0.00012317641448998,0.036924));
#9338=CARTESIAN_POINT('',(-0.00773920235457852,-2.87102920991707E-5,0.036924));
#9339=CARTESIAN_POINT('',(-0.00802815755247983,-2.87102920991707E-5,0.036924));
#9340=CARTESIAN_POINT('',(-0.00816013228229052,0.00012317641448998,0.036924));
#9341=CARTESIAN_POINT('',(-0.00816013228229052,0.00012317641448998,0.036924));
#9342=CARTESIAN_POINT('',(-0.00816013228229052,0.00012317641448998,0.041924));
#9343=CARTESIAN_POINT('',(-0.00816013228229052,0.00012317641448998,0.041924));
#9344=CARTESIAN_POINT('',(-0.00773920235457852,-2.87102920991707E-5,0.041924));
#9345=CARTESIAN_POINT('',(-0.00802815755247983,-2.87102920991707E-5,0.041924));
#9346=CARTESIAN_POINT('',(-0.00816013228229052,0.00012317641448998,0.041924));
#9347=CARTESIAN_POINT('',(-0.00816013228229052,0.00012317641448998,0.041924));
#9348=CARTESIAN_POINT('',(-0.00816013228229052,0.00012317641448998,0.036924));
#9349=CARTESIAN_POINT('',(-0.00824811543549765,0.000224434218882747,0.041924));
#9350=CARTESIAN_POINT('',(-0.00824811543549765,0.000224434218882747,0.036924));
#9351=CARTESIAN_POINT('',(-0.00829797255564836,0.000383112607473852,0.041924));
#9352=CARTESIAN_POINT('',(-0.00829797255564836,0.000383112607473852,0.036924));
#9353=CARTESIAN_POINT('',(-0.00830970364274265,0.000599211580263295,0.041924));
#9354=CARTESIAN_POINT('',(-0.00830970364274265,0.000599211580263295,0.036924));
#9355=CARTESIAN_POINT('',(-0.00816013228229052,0.00012317641448998,0.036924));
#9356=CARTESIAN_POINT('',(-0.00829210701210122,0.000275063121079131,0.036924));
#9357=CARTESIAN_POINT('',(-0.00830970364274265,0.000599211580263295,0.036924));
#9358=CARTESIAN_POINT('',(-0.00830970364274265,0.000599211580263295,0.036924));
#9359=CARTESIAN_POINT('',(-0.00830970364274265,0.000599211580263295,0.041924));
#9360=CARTESIAN_POINT('',(-0.00830970364274265,0.000599211580263295,0.041924));
#9361=CARTESIAN_POINT('',(-0.00816013228229052,0.00012317641448998,0.041924));
#9362=CARTESIAN_POINT('',(-0.00829210701210122,0.000275063121079131,0.041924));
#9363=CARTESIAN_POINT('',(-0.00830970364274265,0.000599211580263295,0.041924));
#9364=CARTESIAN_POINT('',(-0.00831803888883595,0.000599211580263295,0.041924));
#9365=CARTESIAN_POINT('',(-0.00831803888883595,0.000599211580263295,0.036924));
#9366=CARTESIAN_POINT('',(-0.00832637413492926,0.000599211580263295,0.036924));
#9367=CARTESIAN_POINT('',(-0.00832637413492926,0.000599211580263295,0.041924));
#9368=CARTESIAN_POINT('',(-0.00832637413492926,0.000599211580263295,0.041924));
#9369=CARTESIAN_POINT('',(-0.00831803888883595,0.000599211580263295,0.041924));
#9370=CARTESIAN_POINT('',(-0.0113682758897589,-1.90567022884423E-18,0.041924));
#9371=CARTESIAN_POINT('',(-0.0113682758897589,-1.90567022884423E-18,0.036924));
#9372=CARTESIAN_POINT('',(-0.0111196077146419,-1.90567022884421E-18,0.036924));
#9373=CARTESIAN_POINT('',(-0.0116169440648759,-1.90567022884426E-18,0.036924));
#9374=CARTESIAN_POINT('',(-0.0116169440648759,-1.90567022884426E-18,0.041924));
#9375=CARTESIAN_POINT('',(-0.0116169440648759,-1.90567022884426E-18,0.041924));
#9376=CARTESIAN_POINT('',(-0.0113682758897589,-1.90567022884423E-18,0.041924));
#9377=CARTESIAN_POINT('',(-0.0111196077146419,-1.90567022884421E-18,0.041924));
#9378=CARTESIAN_POINT('',(-0.0111196077146419,-1.90567022884421E-18,0.041924));
#9379=CARTESIAN_POINT('',(-0.0116169440648759,0.00136049739011867,0.041924));
#9380=CARTESIAN_POINT('',(-0.0116169440648759,0.00136049739011867,0.036924));
#9381=CARTESIAN_POINT('',(-0.0116169005892133,0.0027209948390781,0.036924));
#9382=CARTESIAN_POINT('',(-0.0116169440648759,0.00272099478023735,0.041924));
#9383=CARTESIAN_POINT('',(-0.0116169005892133,0.00272099483907811,0.041924));
#9384=CARTESIAN_POINT('',(-0.0116169440648759,0.00136049739011867,0.041924));
#9385=CARTESIAN_POINT('',(0.00237724428920396,0.00273993477133342,0.041924));
#9386=CARTESIAN_POINT('',(0.00237724428920396,0.00273993477133342,0.036924));
#9387=CARTESIAN_POINT('',(-0.0115914004987013,0.0035888760081259,0.036924));
#9388=CARTESIAN_POINT('',(-0.0115910121881412,0.0035887865123961,0.041924));
#9389=CARTESIAN_POINT('',(-0.0115914004987013,0.0035888760081259,0.041924));
#9390=CARTESIAN_POINT('',(0.00237724428920396,0.00273993477133342,0.041924));
#9391=CARTESIAN_POINT('',(-0.0204154310265942,0.00589696045112724,0.041924));
#9392=CARTESIAN_POINT('',(-0.0204154310265942,0.00589696045112724,0.036924));
#9393=CARTESIAN_POINT('',(-0.0118452392843833,0.00277824761315987,0.036924));
#9394=CARTESIAN_POINT('',(-0.0118457002632145,0.00277841536443568,0.041924));
#9395=CARTESIAN_POINT('',(-0.0118452392843833,0.00277824761315987,0.04192399975));
#9396=CARTESIAN_POINT('',(-0.0204154310265942,0.00589696045112724,0.041924));
#9397=CARTESIAN_POINT('',(-0.0123726730440024,0.00138920768221784,0.041924));
#9398=CARTESIAN_POINT('',(-0.0123726730440024,0.00138920768221784,0.036924));
#9399=CARTESIAN_POINT('',(-0.0128996458247904,-1.90567022884439E-18,0.036924));
#9400=CARTESIAN_POINT('',(-0.0128996458247904,-1.90567022884439E-18,0.041924));
#9401=CARTESIAN_POINT('',(-0.0128996458247904,-1.90567022884439E-18,0.041924));
#9402=CARTESIAN_POINT('',(-0.0123726730440024,0.00138920768221784,0.041924));
#9403=CARTESIAN_POINT('',(-0.0130932087618461,-1.90567022884441E-18,0.041924));
#9404=CARTESIAN_POINT('',(-0.0130932087618461,-1.90567022884441E-18,0.036924));
#9405=CARTESIAN_POINT('',(-0.0132867716989018,-6.50521303491303E-19,0.036924));
#9406=CARTESIAN_POINT('',(-0.0132867716989018,-6.50521303491303E-19,0.041924));
#9407=CARTESIAN_POINT('',(-0.0132867716989018,-6.50521303491303E-19,0.041924));
#9408=CARTESIAN_POINT('',(-0.0130932087618461,-1.90567022884441E-18,0.041924));
#9409=CARTESIAN_POINT('',(-0.0138206905181008,0.00138920768221784,0.041924));
#9410=CARTESIAN_POINT('',(-0.0138206905181008,0.00138920768221784,0.036924));
#9411=CARTESIAN_POINT('',(-0.0143546093372999,0.00277841536443568,0.036924));
#9412=CARTESIAN_POINT('',(-0.0143546093372999,0.00277841536443568,0.041924));
#9413=CARTESIAN_POINT('',(-0.0143546093372999,0.00277841536443568,0.041924));
#9414=CARTESIAN_POINT('',(-0.0138206905181008,0.00138920768221784,0.041924));
#9415=CARTESIAN_POINT('',(-0.0144356464520959,0.00302430512418824,0.041924));
#9416=CARTESIAN_POINT('',(-0.0144356464520959,0.00302430512418824,0.036924));
#9417=CARTESIAN_POINT('',(-0.014516683566892,0.00327019488394081,0.036924));
#9418=CARTESIAN_POINT('',(-0.014516683566892,0.00327019488394081,0.041924));
#9419=CARTESIAN_POINT('',(-0.014516683566892,0.00327019488394081,0.041924));
#9420=CARTESIAN_POINT('',(-0.0144356464520959,0.00302430512418824,0.041924));
#9421=CARTESIAN_POINT('',(-0.0145648427665422,0.00342949069816845,0.041924));
#9422=CARTESIAN_POINT('',(-0.0145648427665422,0.00342949069816845,0.036924));
#9423=CARTESIAN_POINT('',(-0.0146130019661924,0.0035887865123961,0.036924));
#9424=CARTESIAN_POINT('',(-0.0146130019661924,0.0035887865123961,0.041924));
#9425=CARTESIAN_POINT('',(-0.0146130019661924,0.0035887865123961,0.041924));
#9426=CARTESIAN_POINT('',(-0.0145648427665422,0.00342949069816845,0.041924));
#9427=CARTESIAN_POINT('',(-0.0146083712739183,0.00342810149048623,0.041924));
#9428=CARTESIAN_POINT('',(-0.0146083712739183,0.00342810149048623,0.036924));
#9429=CARTESIAN_POINT('',(-0.0146037405816443,0.00326741646857637,0.036924));
#9430=CARTESIAN_POINT('',(-0.0146037405816443,0.00326741646857637,0.041924));
#9431=CARTESIAN_POINT('',(-0.0146037405816443,0.00326741646857637,0.041924));
#9432=CARTESIAN_POINT('',(-0.0146083712739183,0.00342810149048623,0.041924));
#9433=CARTESIAN_POINT('',(-0.0145981837509154,0.00299420562440686,0.041924));
#9434=CARTESIAN_POINT('',(-0.0145981837509154,0.00299420562440686,0.036924));
#9435=CARTESIAN_POINT('',(-0.0145926269201865,0.00272099478023735,0.036924));
#9436=CARTESIAN_POINT('',(-0.0145926269201865,0.00272099478023735,0.041924));
#9437=CARTESIAN_POINT('',(-0.0145926269201865,0.00272099478023735,0.041924));
#9438=CARTESIAN_POINT('',(-0.0145981837509154,0.00299420562440686,0.041924));
#9439=CARTESIAN_POINT('',(-0.0145926269201865,0.00136049739011867,0.041924));
#9440=CARTESIAN_POINT('',(-0.0145926269201865,0.00136049739011867,0.036924));
#9441=CARTESIAN_POINT('',(-0.0145926269201865,-1.90567022884456E-18,0.036924));
#9442=CARTESIAN_POINT('',(-0.0145926269201865,-1.90567022884456E-18,0.041924));
#9443=CARTESIAN_POINT('',(-0.0145926269201865,-1.90567022884456E-18,0.041924));
#9444=CARTESIAN_POINT('',(-0.0145926269201865,0.00136049739011867,0.041924));
#9445=CARTESIAN_POINT('',(-0.0148385166799391,-1.90567022884458E-18,0.041924));
#9446=CARTESIAN_POINT('',(-0.0148385166799391,-1.90567022884458E-18,0.036924));
#9447=CARTESIAN_POINT('',(-0.0150844064396917,-1.7347234759768E-18,0.036924));
#9448=CARTESIAN_POINT('',(-0.0150844064396917,-1.7347234759768E-18,0.041924));
#9449=CARTESIAN_POINT('',(-0.0150844064396917,-1.7347234759768E-18,0.041924));
#9450=CARTESIAN_POINT('',(-0.0148385166799391,-1.90567022884458E-18,0.041924));
#9451=CARTESIAN_POINT('',(-0.0150844064396917,0.00203889380826839,0.041924));
#9452=CARTESIAN_POINT('',(-0.0150844064396917,0.00203889380826839,0.036924));
#9453=CARTESIAN_POINT('',(-0.0150844064396917,0.00407778761653678,0.036924));
#9454=CARTESIAN_POINT('',(-0.0150844064396917,0.00407778761653678,0.041924));
#9455=CARTESIAN_POINT('',(-0.0150844064396917,0.00407778761653678,0.041924));
#9456=CARTESIAN_POINT('',(-0.0150844064396917,0.00203889380826839,0.041924));
#9457=CARTESIAN_POINT('',(-0.0147213601654054,0.00407778761653678,0.041924));
#9458=CARTESIAN_POINT('',(-0.0147213601654054,0.00407778761653678,0.036924));
#9459=CARTESIAN_POINT('',(-0.0143583138911191,0.00407778761653678,0.036924));
#9460=CARTESIAN_POINT('',(-0.0143583138911191,0.00407778761653678,0.041924));
#9461=CARTESIAN_POINT('',(-0.0143583138911191,0.00407778761653678,0.041924));
#9462=CARTESIAN_POINT('',(-0.0147213601654054,0.00407778761653678,0.041924));
#9463=CARTESIAN_POINT('',(-0.0138155967565994,0.00266403726526641,0.041924));
#9464=CARTESIAN_POINT('',(-0.0138155967565994,0.00266403726526641,0.036924));
#9465=CARTESIAN_POINT('',(-0.0132728503873729,0.00125029684839538,0.036924));
#9466=CARTESIAN_POINT('',(-0.0132728796220796,0.00125028691399606,0.041924));
#9467=CARTESIAN_POINT('',(-0.0132728503873729,0.00125029684839538,0.041924));
#9468=CARTESIAN_POINT('',(-0.0138155967565994,0.00266403726526641,0.041924));
#9469=CARTESIAN_POINT('',(-0.0189688490774743,-0.000685290398952832,0.041924));
#9470=CARTESIAN_POINT('',(-0.0189688490774743,-0.000685290398952832,0.036924));
#9471=CARTESIAN_POINT('',(-0.0131613895009743,0.000884431711443419,0.036924));
#9472=CARTESIAN_POINT('',(-0.0131612799382748,0.000884462224345359,0.041924));
#9473=CARTESIAN_POINT('',(-0.0131613895009743,0.00088443171144342,0.041924));
#9474=CARTESIAN_POINT('',(-0.0189688490774743,-0.000685290398952832,0.041924));
#9475=CARTESIAN_POINT('',(-0.0182698830692038,-0.000557125644342509,0.041924));
#9476=CARTESIAN_POINT('',(-0.0182698830692038,-0.000557125644342509,0.036924));
#9477=CARTESIAN_POINT('',(-0.0130905616616041,0.000604001632673827,0.036924));
#9478=CARTESIAN_POINT('',(-0.0130905616616041,0.000604001632673829,0.039424));
#9479=CARTESIAN_POINT('',(-0.0130905616616041,0.000604001632673827,0.041924));
#9480=CARTESIAN_POINT('',(-0.0182698830692038,-0.000557125644342509,0.041924));
#9481=CARTESIAN_POINT('',(-0.00921280154408527,-0.000293218278746994,0.041924));
#9482=CARTESIAN_POINT('',(-0.00921280154408527,-0.000293218278746994,0.036924));
#9483=CARTESIAN_POINT('',(-0.0129929779326175,0.000953391188101721,0.036924));
#9484=CARTESIAN_POINT('',(-0.0129931858087264,0.000953459539228845,0.041924));
#9485=CARTESIAN_POINT('',(-0.0129929779326175,0.000953391188101721,0.041924));
#9486=CARTESIAN_POINT('',(-0.00921280154408527,-0.000293218278746994,0.041924));
#9487=CARTESIAN_POINT('',(-0.00803390612666328,-0.000535574591644543,0.041924));
#9488=CARTESIAN_POINT('',(-0.00803390612666328,-0.000535574591644543,0.036924));
#9489=CARTESIAN_POINT('',(-0.0128934419714642,0.00125038949393642,0.036924));
#9490=CARTESIAN_POINT('',(-0.0128931628556067,0.00125028691399606,0.041924));
#9491=CARTESIAN_POINT('',(-0.0128934419714642,0.00125038949393643,0.04192399975));
#9492=CARTESIAN_POINT('',(-0.00803390612666328,-0.000535574591644543,0.041924));
#9493=CARTESIAN_POINT('',(-0.0123606332440899,0.00266403726526641,0.041924));
#9494=CARTESIAN_POINT('',(-0.0123606332440899,0.00266403726526641,0.036924));
#9495=CARTESIAN_POINT('',(-0.011828103632573,0.00407778761653678,0.036924));
#9496=CARTESIAN_POINT('',(-0.011828103632573,0.00407778761653678,0.041924));
#9497=CARTESIAN_POINT('',(-0.011828103632573,0.00407778761653678,0.041924));
#9498=CARTESIAN_POINT('',(-0.0123606332440899,0.00266403726526641,0.041924));
#9499=CARTESIAN_POINT('',(-0.0114738556736075,0.00407778761653678,0.041924));
#9500=CARTESIAN_POINT('',(-0.0114738556736075,0.00407778761653678,0.036924));
#9501=CARTESIAN_POINT('',(-0.0111196077146419,0.00407778761653678,0.036924));
#9502=CARTESIAN_POINT('',(-0.0111196077146419,0.00407778761653678,0.041924));
#9503=CARTESIAN_POINT('',(-0.0111196077146419,0.00407778761653678,0.041924));
#9504=CARTESIAN_POINT('',(-0.0114738556736075,0.00407778761653678,0.041924));
#9505=CARTESIAN_POINT('',(-0.0061168328104073,0.00204173675694429,0.041924));
#9506=CARTESIAN_POINT('',(-0.0061168328104073,0.00204173675694429,0.036924));
#9507=CARTESIAN_POINT('',(-0.0061168328104073,0.00204173675694429,0.041924));
#9508=CARTESIAN_POINT('',(-0.00265748065302564,0.00149061984301974,0.041924));
#9509=CARTESIAN_POINT('',(-0.00265748065302564,0.00149061984301974,0.036924));
#9510=CARTESIAN_POINT('',(-0.00265748065302564,0.00149061984301974,0.041924));
#9511=CARTESIAN_POINT('',(0.0141732334862709,0.00208103310796233,0.041924));
#9512=CARTESIAN_POINT('',(0.0141732334862709,0.00208103310796233,0.036924));
#9513=CARTESIAN_POINT('',(0.0144782417507223,0.00204830954922564,0.041924));
#9514=CARTESIAN_POINT('',(0.0144782417507223,0.00204830954922564,0.036924));
#9515=CARTESIAN_POINT('',(0.0147156419079724,0.00194612560637806,0.041924));
#9516=CARTESIAN_POINT('',(0.0147156419079724,0.00194612560637806,0.036924));
#9517=CARTESIAN_POINT('',(0.0148854339580213,0.00177448127941959,0.041924));
#9518=CARTESIAN_POINT('',(0.0148854339580213,0.00177448127941959,0.036924));
#9519=CARTESIAN_POINT('',(0.0141732334862709,0.00208103310796233,0.036924));
#9520=CARTESIAN_POINT('',(0.014630745882948,0.0020319477698573,0.036924));
#9521=CARTESIAN_POINT('',(0.0148854339580213,0.00177448127941959,0.036924));
#9522=CARTESIAN_POINT('',(0.0141732334862709,0.00208103310796233,0.041924));
#9523=CARTESIAN_POINT('',(0.014630745882948,0.0020319477698573,0.041924));
#9524=CARTESIAN_POINT('',(0.0148854339580213,0.00177448127941959,0.041924));
#9525=CARTESIAN_POINT('',(0.0119310522871713,0.0011289627764157,0.041924));
#9526=CARTESIAN_POINT('',(0.0119310522871713,0.0011289627764157,0.036924));
#9527=CARTESIAN_POINT('',(0.0119310522871713,0.0011289627764157,0.041924));
#9528=CARTESIAN_POINT('',(0.0071632915217997,0.00407778761653678,0.041924));
#9529=CARTESIAN_POINT('',(0.0071632915217997,0.00407778761653678,0.036924));
#9530=CARTESIAN_POINT('',(0.0071632915217997,0.00407778761653678,0.041924));
#9531=CARTESIAN_POINT('',(0.00312971483044789,0.00267933073580311,0.0419240000025093));
#9532=CARTESIAN_POINT('',(0.00312971483044789,0.00267933073580311,0.036924));
#9533=CARTESIAN_POINT('',(0.00312971483044789,0.00267933073580311,0.041924));
#9534=CARTESIAN_POINT('',(-9.06879255144731E-5,0.000892797470438666,0.041924));
#9535=CARTESIAN_POINT('',(-9.06879255144731E-5,0.000892797470438666,0.036924));
#9536=CARTESIAN_POINT('',(-9.06879255144731E-5,0.000892797470438666,0.041924));
#9537=CARTESIAN_POINT('',(-0.00832637413492926,0.000599211580263295,0.041924));
#9538=CARTESIAN_POINT('',(-0.00832637413492926,0.000599211580263295,0.036924));
#9539=CARTESIAN_POINT('',(-0.00845973807242217,0.000359650433285284,0.041924));
#9540=CARTESIAN_POINT('',(-0.00845973807242217,0.000359650433285284,0.036924));
#9541=CARTESIAN_POINT('',(-0.00861471190719403,0.000190167096054707,0.041924));
#9542=CARTESIAN_POINT('',(-0.00861471190719403,0.000190167096054707,0.036924));
#9543=CARTESIAN_POINT('',(-0.00879129563924483,9.07615685715639E-5,0.041924));
#9544=CARTESIAN_POINT('',(-0.00879129563924483,9.07615685715639E-5,0.036924));
#9545=CARTESIAN_POINT('',(-0.00832637413492926,0.000599211580263295,0.036924));
#9546=CARTESIAN_POINT('',(-0.00852642004116863,0.000239869859796279,0.036924));
#9547=CARTESIAN_POINT('',(-0.00879129563924483,9.07615685715639E-5,0.036924));
#9548=CARTESIAN_POINT('',(-0.00832637413492926,0.000599211580263295,0.041924));
#9549=CARTESIAN_POINT('',(-0.00852642004116863,0.000239869859796279,0.041924));
#9550=CARTESIAN_POINT('',(-0.00879129563924483,9.07615685715639E-5,0.041924));
#9551=CARTESIAN_POINT('',(-0.0111196077146419,0.00203889380826839,0.041924));
#9552=CARTESIAN_POINT('',(-0.0111196077146419,0.00203889380826839,0.036924));
#9553=CARTESIAN_POINT('',(-0.0111196077146419,0.00203889380826839,0.041924));
#9554=CARTESIAN_POINT('',(0.0177733805030584,0.00776610321551562,0.041924));
#9555=CARTESIAN_POINT('',(0.0177733805030584,0.00776610321551562,0.040924));
#9556=CARTESIAN_POINT('',(0.0177733805030584,0.00776610321551562,0.041924));
#9557=CARTESIAN_POINT('',(8.51446896698305E-5,0.000242839203851681,0.041924));
#9558=CARTESIAN_POINT('',(8.51446896698582E-5,0.000242839203851681,0.036924));
#9559=CARTESIAN_POINT('',(8.51446896698582E-5,0.000242839203851681,0.036924));
#9560=CARTESIAN_POINT('',(8.51446896698582E-5,0.000242839203851681,0.036924));
#9561=CARTESIAN_POINT('',(8.51446896698582E-5,0.000242839203851681,0.036924));
#9562=CARTESIAN_POINT('',(8.51446896698582E-5,0.000242839203851681,0.036924));
#9563=CARTESIAN_POINT('',(8.51446896698582E-5,0.000242839203851681,0.036924));
#9564=CARTESIAN_POINT('',(8.51446896698582E-5,0.000242839203851681,0.036924));
#9565=CARTESIAN_POINT('',(8.51446896698582E-5,0.000242839203851681,0.036924));
#9566=CARTESIAN_POINT('',(8.51446896698582E-5,0.000242839203851681,0.036924));
#9567=CARTESIAN_POINT('',(-0.0290086780850582,0.0527775298614099,0.023208));
#9568=CARTESIAN_POINT('',(-0.0290086780850582,0.0527775298614099,0.041924));
#9569=CARTESIAN_POINT('',(-0.0276586780850582,0.0527775298614099,0.041924));
#9570=CARTESIAN_POINT('',(0.0289913142882579,0.0297948736890037,0.023208));
#9571=CARTESIAN_POINT('',(0.0289913142882579,0.0297948736890037,0.041924));
#9572=CARTESIAN_POINT('',(0.0303413142882579,0.0297948736890037,0.041924));
#9573=CARTESIAN_POINT('',(0.0289913142882579,0.0528072736890037,0.023208));
#9574=CARTESIAN_POINT('',(0.0289913142882579,0.0528072736890037,0.041924));
#9575=CARTESIAN_POINT('',(0.0303413142882579,0.0528072736890037,0.041924));
#9576=CARTESIAN_POINT('',(-0.0289968831189434,0.0297775328857846,0.023208));
#9577=CARTESIAN_POINT('',(-0.0289968831189434,0.0297775328857846,0.041924));
#9578=CARTESIAN_POINT('',(-0.0276468831189434,0.0297775328857846,0.041924));
#9579=CARTESIAN_POINT('',(-0.0161074160278075,0.0463379380526021,0.041924));
#9580=CARTESIAN_POINT('',(-0.0161074160278075,0.0463379380526021,0.036924));
#9581=CARTESIAN_POINT('',(-0.0152809665645083,0.0456315883881568,0.041924));
#9582=CARTESIAN_POINT('',(-0.0152809665645083,0.0456315883881568,0.036924));
#9583=CARTESIAN_POINT('',(-0.0148677418328587,0.0446361849705378,0.041924));
#9584=CARTESIAN_POINT('',(-0.0148677418328587,0.0446361849705378,0.036924));
#9585=CARTESIAN_POINT('',(-0.0148677418328587,0.0433517277997452,0.041924));
#9586=CARTESIAN_POINT('',(-0.0148677418328587,0.0433517277997452,0.036924));
#9587=CARTESIAN_POINT('',(-0.0161074160278075,0.0463379380526021,0.036924));
#9588=CARTESIAN_POINT('',(-0.0148677418328587,0.0452784135559341,0.036924));
#9589=CARTESIAN_POINT('',(-0.0148677418328587,0.0433517277997452,0.036924));
#9590=CARTESIAN_POINT('',(-0.0161074160278075,0.0463379380526021,0.036924));
#9591=CARTESIAN_POINT('',(-0.0148677418328587,0.0433517277997452,0.036924));
#9592=CARTESIAN_POINT('',(-0.0148677418328587,0.0433517277997452,0.041924));
#9593=CARTESIAN_POINT('',(-0.0148677418328587,0.0433517277997452,0.041924));
#9594=CARTESIAN_POINT('',(-0.0161074160278075,0.0463379380526021,0.041924));
#9595=CARTESIAN_POINT('',(-0.0148677418328587,0.0452784135559341,0.041924));
#9596=CARTESIAN_POINT('',(-0.0148677418328587,0.0433517277997452,0.041924));
#9597=CARTESIAN_POINT('',(-0.0161074160278075,0.0463379380526021,0.041924));
#9598=CARTESIAN_POINT('',(-0.0161074160278075,0.0463379380526021,0.041924));
#9599=CARTESIAN_POINT('',(-0.0148677418328587,0.0433517277997452,0.041924));
#9600=CARTESIAN_POINT('',(-0.0148677418328587,0.0433517277997452,0.036924));
#9601=CARTESIAN_POINT('',(-0.0148677418328587,0.0420794841678192,0.041924));
#9602=CARTESIAN_POINT('',(-0.0148677418328587,0.0420794841678192,0.036924));
#9603=CARTESIAN_POINT('',(-0.0152824932568666,0.0410683049291643,0.041924));
#9604=CARTESIAN_POINT('',(-0.0152824932568666,0.0410683049291643,0.036924));
#9605=CARTESIAN_POINT('',(-0.0161119961048824,0.0403181900837807,0.041924));
#9606=CARTESIAN_POINT('',(-0.0161119961048824,0.0403181900837807,0.036924));
#9607=CARTESIAN_POINT('',(-0.0148677418328587,0.0433517277997452,0.036924));
#9608=CARTESIAN_POINT('',(-0.0148677418328587,0.0414433623518562,0.036924));
#9609=CARTESIAN_POINT('',(-0.0161119961048824,0.0403181900837807,0.036924));
#9610=CARTESIAN_POINT('',(-0.0161119961048824,0.0403181900837807,0.036924));
#9611=CARTESIAN_POINT('',(-0.0161119961048824,0.0403181900837807,0.041924));
#9612=CARTESIAN_POINT('',(-0.0161119961048824,0.0403181900837807,0.041924));
#9613=CARTESIAN_POINT('',(-0.0148677418328587,0.0433517277997452,0.041924));
#9614=CARTESIAN_POINT('',(-0.0148677418328587,0.0414433623518562,0.041924));
#9615=CARTESIAN_POINT('',(-0.0161119961048824,0.0403181900837807,0.041924));
#9616=CARTESIAN_POINT('',(-0.0161119961048824,0.0403181900837807,0.041924));
#9617=CARTESIAN_POINT('',(-0.0161119961048824,0.0403181900837807,0.036924));
#9618=CARTESIAN_POINT('',(-0.0169414989528982,0.0395680752383972,0.041924));
#9619=CARTESIAN_POINT('',(-0.0169414989528982,0.0395680752383972,0.036924));
#9620=CARTESIAN_POINT('',(-0.0180687068107847,0.0391930178157053,0.041924));
#9621=CARTESIAN_POINT('',(-0.0180687068107847,0.0391930178157053,0.036924));
#9622=CARTESIAN_POINT('',(-0.0194936196785419,0.0391930178157053,0.041924));
#9623=CARTESIAN_POINT('',(-0.0194936196785419,0.0391930178157053,0.036924));
#9624=CARTESIAN_POINT('',(-0.0161119961048824,0.0403181900837807,0.036924));
#9625=CARTESIAN_POINT('',(-0.0173562503769061,0.0391930178157053,0.036924));
#9626=CARTESIAN_POINT('',(-0.0194936196785419,0.0391930178157053,0.036924));
#9627=CARTESIAN_POINT('',(-0.0194936196785419,0.0391930178157053,0.036924));
#9628=CARTESIAN_POINT('',(-0.0194936196785419,0.0391930178157053,0.041924));
#9629=CARTESIAN_POINT('',(-0.0194936196785419,0.0391930178157053,0.041924));
#9630=CARTESIAN_POINT('',(-0.0161119961048824,0.0403181900837807,0.041924));
#9631=CARTESIAN_POINT('',(-0.0173562503769061,0.0391930178157053,0.041924));
#9632=CARTESIAN_POINT('',(-0.0194936196785419,0.0391930178157053,0.041924));
#9633=CARTESIAN_POINT('',(-0.0214691595901967,0.0391930178157053,0.041924));
#9634=CARTESIAN_POINT('',(-0.0214691595901967,0.0391930178157053,0.036924));
#9635=CARTESIAN_POINT('',(-0.0234446995018514,0.0391930178157053,0.036924));
#9636=CARTESIAN_POINT('',(-0.0234446995018514,0.0391930178157053,0.041924));
#9637=CARTESIAN_POINT('',(-0.0234446995018514,0.0391930178157053,0.041924));
#9638=CARTESIAN_POINT('',(-0.0214691595901967,0.0391930178157053,0.041924));
#9639=CARTESIAN_POINT('',(-0.0234446995018514,0.0365732137288432,0.041924));
#9640=CARTESIAN_POINT('',(-0.0234446995018514,0.0365732137288432,0.036924));
#9641=CARTESIAN_POINT('',(-0.0234446995018514,0.0339534096419811,0.036924));
#9642=CARTESIAN_POINT('',(-0.0234446995018514,0.0339534096419811,0.041924));
#9643=CARTESIAN_POINT('',(-0.0234446995018514,0.0339534096419811,0.041924));
#9644=CARTESIAN_POINT('',(-0.0234446995018514,0.0365732137288432,0.041924));
#9645=CARTESIAN_POINT('',(-0.0243561348397633,0.0339534096419811,0.041924));
#9646=CARTESIAN_POINT('',(-0.0243561348397633,0.0339534096419811,0.036924));
#9647=CARTESIAN_POINT('',(-0.0252675701776751,0.0339534096419811,0.036924));
#9648=CARTESIAN_POINT('',(-0.0252675701776751,0.0339534096419811,0.041924));
#9649=CARTESIAN_POINT('',(-0.0252675701776751,0.0339534096419811,0.041924));
#9650=CARTESIAN_POINT('',(-0.0243561348397633,0.0339534096419811,0.041924));
#9651=CARTESIAN_POINT('',(-0.0252675701776751,0.0406754360956256,0.041924));
#9652=CARTESIAN_POINT('',(-0.0252675701776751,0.0406754360956256,0.036924));
#9653=CARTESIAN_POINT('',(-0.0252675701776751,0.0473974625492701,0.036924));
#9654=CARTESIAN_POINT('',(-0.0252675701776751,0.0473974625492701,0.041924));
#9655=CARTESIAN_POINT('',(-0.0252675701776751,0.0473974625492701,0.041924));
#9656=CARTESIAN_POINT('',(-0.0252675701776751,0.0406754360956256,0.041924));
#9657=CARTESIAN_POINT('',(-0.0224386092377243,0.0473974625492701,0.041924));
#9658=CARTESIAN_POINT('',(-0.0224386092377243,0.0473974625492701,0.036924));
#9659=CARTESIAN_POINT('',(-0.0196096482977735,0.0473974625492701,0.036924));
#9660=CARTESIAN_POINT('',(-0.0196096482977735,0.0473974625492701,0.041924));
#9661=CARTESIAN_POINT('',(-0.0196096482977735,0.0473974625492701,0.041924));
#9662=CARTESIAN_POINT('',(-0.0224386092377243,0.0473974625492701,0.041924));
#9663=CARTESIAN_POINT('',(0.0232003321216327,0.0406754360956256,0.041924));
#9664=CARTESIAN_POINT('',(0.0232003321216327,0.0406754360956256,0.036924));
#9665=CARTESIAN_POINT('',(0.0251804521103624,0.0473974625492701,0.036924));
#9666=CARTESIAN_POINT('',(0.021220212132903,0.0339534096419811,0.036924));
#9667=CARTESIAN_POINT('',(0.021220212132903,0.0339534096419811,0.041924));
#9668=CARTESIAN_POINT('',(0.021220212132903,0.0339534096419811,0.041924));
#9669=CARTESIAN_POINT('',(0.0232003321216327,0.0406754360956256,0.041924));
#9670=CARTESIAN_POINT('',(0.0251804521103624,0.0473974625492701,0.041924));
#9671=CARTESIAN_POINT('',(0.0251804521103624,0.0473974625492701,0.041924));
#9672=CARTESIAN_POINT('',(0.0201316804814271,0.0339534096419811,0.041924));
#9673=CARTESIAN_POINT('',(0.0201316804814271,0.0339534096419811,0.036924));
#9674=CARTESIAN_POINT('',(0.0190431488299511,0.0339534096419811,0.036924));
#9675=CARTESIAN_POINT('',(0.0190431488299511,0.0339534096419811,0.041924));
#9676=CARTESIAN_POINT('',(0.0190431488299511,0.0339534096419811,0.041924));
#9677=CARTESIAN_POINT('',(0.0201316804814271,0.0339534096419811,0.041924));
#9678=CARTESIAN_POINT('',(0.017879809252918,0.0382235681681777,0.041924));
#9679=CARTESIAN_POINT('',(0.017879809252918,0.0382235681681777,0.036924));
#9680=CARTESIAN_POINT('',(0.0167164696758848,0.0424937266943743,0.036924));
#9681=CARTESIAN_POINT('',(0.0167164696758848,0.0424937266943743,0.041924));
#9682=CARTESIAN_POINT('',(0.0167164696758848,0.0424937266943743,0.041924));
#9683=CARTESIAN_POINT('',(0.017879809252918,0.0382235681681777,0.041924));
#9684=CARTESIAN_POINT('',(0.0167164696758848,0.0424937266943743,0.041924));
#9685=CARTESIAN_POINT('',(0.0167164696758848,0.0424937266943743,0.036924));
#9686=CARTESIAN_POINT('',(0.0165638004400536,0.0430270512248777,0.041924));
#9687=CARTESIAN_POINT('',(0.0165638004400536,0.0430270512248777,0.036924));
#9688=CARTESIAN_POINT('',(0.0163409033557402,0.0439847962309916,0.041924));
#9689=CARTESIAN_POINT('',(0.0163409033557402,0.0439847962309916,0.036924));
#9690=CARTESIAN_POINT('',(0.0160477784229444,0.0453669617127161,0.041924));
#9691=CARTESIAN_POINT('',(0.0160477784229444,0.0453669617127161,0.036924));
#9692=CARTESIAN_POINT('',(0.0167164696758848,0.0424937266943743,0.036924));
#9693=CARTESIAN_POINT('',(0.0164874658221381,0.0432937134901294,0.036924));
#9694=CARTESIAN_POINT('',(0.0160477784229444,0.0453669617127161,0.036924));
#9695=CARTESIAN_POINT('',(0.0160477784229444,0.0453669617127161,0.036924));
#9696=CARTESIAN_POINT('',(0.0160477784229444,0.0453669617127161,0.041924));
#9697=CARTESIAN_POINT('',(0.0160477784229444,0.0453669617127161,0.041924));
#9698=CARTESIAN_POINT('',(0.0167164696758848,0.0424937266943743,0.041924));
#9699=CARTESIAN_POINT('',(0.0164874658221381,0.0432937134901294,0.041924));
#9700=CARTESIAN_POINT('',(0.0160477784229444,0.0453669617127161,0.041924));
#9701=CARTESIAN_POINT('',(-0.213590548599065,0.0964223659205069,0.041924));
#9702=CARTESIAN_POINT('',(-0.213590548599065,0.0964223659205069,0.036924));
#9703=CARTESIAN_POINT('',(0.0156279380244088,0.0435150838820845,0.036924));
#9704=CARTESIAN_POINT('',(0.0156279380244088,0.0435150838820845,0.041924));
#9705=CARTESIAN_POINT('',(0.0156279380244088,0.0435150838820845,0.041924));
#9706=CARTESIAN_POINT('',(-0.213590548599065,0.0964223659205069,0.041924));
#9707=CARTESIAN_POINT('',(0.0156279380244088,0.0435150838820845,0.041924));
#9708=CARTESIAN_POINT('',(0.0156279380244088,0.0435150838820845,0.036924));
#9709=CARTESIAN_POINT('',(0.0155129272000827,0.0430194177630861,0.041924));
#9710=CARTESIAN_POINT('',(0.0155129272000827,0.0430194177630861,0.036924));
#9711=CARTESIAN_POINT('',(0.0146452570431091,0.039832193016385,0.041924));
#9712=CARTESIAN_POINT('',(0.0146452570431091,0.039832193016385,0.036924));
#9713=CARTESIAN_POINT('',(0.0130249275534881,0.0339534096419811,0.041924));
#9714=CARTESIAN_POINT('',(0.0130249275534881,0.0339534096419811,0.036924));
#9715=CARTESIAN_POINT('',(0.0156279380244088,0.0435150838820845,0.036924));
#9716=CARTESIAN_POINT('',(0.0154554217879197,0.0427715847035869,0.036924));
#9717=CARTESIAN_POINT('',(0.0130249275534881,0.0339534096419811,0.036924));
#9718=CARTESIAN_POINT('',(0.0130249275534881,0.0339534096419811,0.036924));
#9719=CARTESIAN_POINT('',(0.0130249275534881,0.0339534096419811,0.041924));
#9720=CARTESIAN_POINT('',(0.0130249275534881,0.0339534096419811,0.041924));
#9721=CARTESIAN_POINT('',(0.0156279380244088,0.0435150838820845,0.041924));
#9722=CARTESIAN_POINT('',(0.0154554217879197,0.0427715847035869,0.041924));
#9723=CARTESIAN_POINT('',(0.0130249275534881,0.0339534096419811,0.041924));
#9724=CARTESIAN_POINT('',(0.0119363959020122,0.0339534096419811,0.041924));
#9725=CARTESIAN_POINT('',(0.0119363959020122,0.0339534096419811,0.036924));
#9726=CARTESIAN_POINT('',(0.0108478642505362,0.0339534096419811,0.036924));
#9727=CARTESIAN_POINT('',(0.0108478642505362,0.0339534096419811,0.041924));
#9728=CARTESIAN_POINT('',(0.0108478642505362,0.0339534096419811,0.041924));
#9729=CARTESIAN_POINT('',(0.0119363959020122,0.0339534096419811,0.041924));
#9730=CARTESIAN_POINT('',(0.00886774426180653,0.0406754360956256,0.041924));
#9731=CARTESIAN_POINT('',(0.00886774426180653,0.0406754360956256,0.036924));
#9732=CARTESIAN_POINT('',(0.00688762427307681,0.0473974625492701,0.036924));
#9733=CARTESIAN_POINT('',(0.00688762427307681,0.0473974625492701,0.041924));
#9734=CARTESIAN_POINT('',(0.00688762427307681,0.0473974625492701,0.041924));
#9735=CARTESIAN_POINT('',(0.00886774426180653,0.0406754360956256,0.041924));
#9736=CARTESIAN_POINT('',(0.00783722691994642,0.0473974625492701,0.041924));
#9737=CARTESIAN_POINT('',(0.00783722691994642,0.0473974625492701,0.036924));
#9738=CARTESIAN_POINT('',(0.00878682956681603,0.0473974625492701,0.036924));
#9739=CARTESIAN_POINT('',(0.00878682956681603,0.0473974625492701,0.041924));
#9740=CARTESIAN_POINT('',(0.00878682956681603,0.0473974625492701,0.041924));
#9741=CARTESIAN_POINT('',(0.00783722691994642,0.0473974625492701,0.041924));
#9742=CARTESIAN_POINT('',(0.00999444322224025,0.0431273040230735,0.041924));
#9743=CARTESIAN_POINT('',(0.00999444322224025,0.0431273040230735,0.036924));
#9744=CARTESIAN_POINT('',(0.011202135863117,0.0388571665028404,0.036924));
#9745=CARTESIAN_POINT('',(0.0112020568776645,0.0388571454968769,0.041924));
#9746=CARTESIAN_POINT('',(0.011202135863117,0.0388571665028404,0.041924));
#9747=CARTESIAN_POINT('',(0.00999444322224025,0.0431273040230735,0.041924));
#9748=CARTESIAN_POINT('',(-0.0547595783086708,0.0213148303241362,0.041924));
#9749=CARTESIAN_POINT('',(-0.0547595783086708,0.0213148303241362,0.036924));
#9750=CARTESIAN_POINT('',(0.0119926969659846,0.0355565366043722,0.036924));
#9751=CARTESIAN_POINT('',(0.0119926969660061,0.0355565366043722,0.041924));
#9752=CARTESIAN_POINT('',(0.0119926969659846,0.0355565366043722,0.041924));
#9753=CARTESIAN_POINT('',(-0.0547595783086708,0.0213148303241362,0.041924));
#9754=CARTESIAN_POINT('',(0.111179763110715,0.0138000311685925,0.041924));
#9755=CARTESIAN_POINT('',(0.111179763110715,0.0138000311685925,0.036924));
#9756=CARTESIAN_POINT('',(0.0125226457676037,0.0378464751556748,0.036924));
#9757=CARTESIAN_POINT('',(0.0125226457676037,0.0378464751556748,0.041924));
#9758=CARTESIAN_POINT('',(0.0125226457676037,0.0378464751556748,0.041924));
#9759=CARTESIAN_POINT('',(0.111179763110715,0.0138000311685925,0.041924));
#9760=CARTESIAN_POINT('',(0.0125226457676037,0.0378464751556748,0.041924));
#9761=CARTESIAN_POINT('',(0.0125226457676037,0.0378464751556748,0.036924));
#9762=CARTESIAN_POINT('',(0.0127231513639952,0.038672924618974,0.041924));
#9763=CARTESIAN_POINT('',(0.0127231513639952,0.038672924618974,0.036924));
#9764=CARTESIAN_POINT('',(0.0136060884445519,0.0418565870835057,0.041924));
#9765=CARTESIAN_POINT('',(0.0136060884445519,0.0418565870835057,0.036924));
#9766=CARTESIAN_POINT('',(0.0151714570092737,0.0473974625492701,0.041924));
#9767=CARTESIAN_POINT('',(0.0151714570092737,0.0473974625492701,0.036924));
#9768=CARTESIAN_POINT('',(0.0125226457676037,0.0378464751556748,0.036924));
#9769=CARTESIAN_POINT('',(0.012823404162191,0.0390861493506235,0.036924));
#9770=CARTESIAN_POINT('',(0.0151714570092737,0.0473974625492701,0.036924));
#9771=CARTESIAN_POINT('',(0.0151714570092737,0.0473974625492701,0.036924));
#9772=CARTESIAN_POINT('',(0.0151714570092737,0.0473974625492701,0.041924));
#9773=CARTESIAN_POINT('',(0.0151714570092737,0.0473974625492701,0.041924));
#9774=CARTESIAN_POINT('',(0.0125226457676037,0.0378464751556748,0.041924));
#9775=CARTESIAN_POINT('',(0.012823404162191,0.0390861493506235,0.041924));
#9776=CARTESIAN_POINT('',(0.0151714570092737,0.0473974625492701,0.041924));
#9777=CARTESIAN_POINT('',(0.0160447250382278,0.0473974625492701,0.041924));
#9778=CARTESIAN_POINT('',(0.0160447250382278,0.0473974625492701,0.036924));
#9779=CARTESIAN_POINT('',(0.0169179930671818,0.0473974625492701,0.036924));
#9780=CARTESIAN_POINT('',(0.0169179930671818,0.0473974625492701,0.041924));
#9781=CARTESIAN_POINT('',(0.0169179930671818,0.0473974625492701,0.041924));
#9782=CARTESIAN_POINT('',(0.0160447250382278,0.0473974625492701,0.041924));
#9783=CARTESIAN_POINT('',(0.01808591272129,0.0432143254874973,0.041924));
#9784=CARTESIAN_POINT('',(0.01808591272129,0.0432143254874973,0.036924));
#9785=CARTESIAN_POINT('',(0.0192538323753981,0.0390311884257244,0.036924));
#9786=CARTESIAN_POINT('',(0.0192538323753981,0.0390311884257244,0.041924));
#9787=CARTESIAN_POINT('',(0.0192538323753981,0.0390311884257244,0.041924));
#9788=CARTESIAN_POINT('',(0.01808591272129,0.0432143254874973,0.041924));
#9789=CARTESIAN_POINT('',(0.0192538323753981,0.0390311884257244,0.041924));
#9790=CARTESIAN_POINT('',(0.0192538323753981,0.0390311884257244,0.036924));
#9791=CARTESIAN_POINT('',(0.0196100605923374,0.0376632720726775,0.041924));
#9792=CARTESIAN_POINT('',(0.0196100605923374,0.0376632720726775,0.036924));
#9793=CARTESIAN_POINT('',(0.0198899541913611,0.036505021470172,0.041924));
#9794=CARTESIAN_POINT('',(0.0198899541913611,0.036505021470172,0.036924));
#9795=CARTESIAN_POINT('',(0.0200935131724693,0.0355564366182079,0.041924));
#9796=CARTESIAN_POINT('',(0.0200935131724693,0.0355564366182079,0.036924));
#9797=CARTESIAN_POINT('',(0.0192538323753981,0.0390311884257244,0.036924));
#9798=CARTESIAN_POINT('',(0.019788174700807,0.036979313896154,0.036924));
#9799=CARTESIAN_POINT('',(0.0200935131724693,0.0355564366182079,0.036924));
#9800=CARTESIAN_POINT('',(0.0200935131724693,0.0355564366182079,0.036924));
#9801=CARTESIAN_POINT('',(0.0200935131724693,0.0355564366182079,0.041924));
#9802=CARTESIAN_POINT('',(0.0200935131724693,0.0355564366182079,0.041924));
#9803=CARTESIAN_POINT('',(0.0192538323753981,0.0390311884257244,0.041924));
#9804=CARTESIAN_POINT('',(0.019788174700807,0.036979313896154,0.041924));
#9805=CARTESIAN_POINT('',(0.0200935131724693,0.0355564366182079,0.041924));
#9806=CARTESIAN_POINT('',(0.020136260558502,0.0357228460852639,0.041924));
#9807=CARTESIAN_POINT('',(0.020136260558502,0.0357228460852639,0.036924));
#9808=CARTESIAN_POINT('',(0.0201789930574796,0.0358892590705233,0.036924));
#9809=CARTESIAN_POINT('',(0.0201790079445347,0.0358892555523198,0.041924));
#9810=CARTESIAN_POINT('',(0.0201789930574796,0.0358892590705232,0.041924));
#9811=CARTESIAN_POINT('',(0.020136260558502,0.0357228460852639,0.041924));
#9812=CARTESIAN_POINT('',(-0.930870123480269,0.260647229487493,0.041924));
#9813=CARTESIAN_POINT('',(-0.930870123480269,0.260647229487493,0.036924));
#9814=CARTESIAN_POINT('',(0.0206003750354286,0.0376800656886189,0.036924));
#9815=CARTESIAN_POINT('',(0.0206003750354286,0.0376800656886189,0.041924));
#9816=CARTESIAN_POINT('',(0.0206003750354286,0.0376800656886189,0.041924));
#9817=CARTESIAN_POINT('',(-0.930870123480269,0.260647229487493,0.041924));
#9818=CARTESIAN_POINT('',(0.0206003750354286,0.0376800656886189,0.041924));
#9819=CARTESIAN_POINT('',(0.0206003750354286,0.0376800656886189,0.036924));
#9820=CARTESIAN_POINT('',(0.0207082612954159,0.0381411267808289,0.041924));
#9821=CARTESIAN_POINT('',(0.0207082612954159,0.0381411267808289,0.036924));
#9822=CARTESIAN_POINT('',(0.0216018852224808,0.0413802590677126,0.041924));
#9823=CARTESIAN_POINT('',(0.0216018852224808,0.0413802590677126,0.036924));
#9824=CARTESIAN_POINT('',(0.0232812468166232,0.0473974625492701,0.041924));
#9825=CARTESIAN_POINT('',(0.0232812468166232,0.0473974625492701,0.036924));
#9826=CARTESIAN_POINT('',(0.0206003750354286,0.0376800656886189,0.036924));
#9827=CARTESIAN_POINT('',(0.0207622044254096,0.0383716573269339,0.036924));
#9828=CARTESIAN_POINT('',(0.0232812468166232,0.0473974625492701,0.036924));
#9829=CARTESIAN_POINT('',(0.0232812468166232,0.0473974625492701,0.036924));
#9830=CARTESIAN_POINT('',(0.0232812468166232,0.0473974625492701,0.041924));
#9831=CARTESIAN_POINT('',(0.0232812468166232,0.0473974625492701,0.041924));
#9832=CARTESIAN_POINT('',(0.0206003750354286,0.0376800656886189,0.041924));
#9833=CARTESIAN_POINT('',(0.0207622044254096,0.0383716573269339,0.041924));
#9834=CARTESIAN_POINT('',(0.0232812468166232,0.0473974625492701,0.041924));
#9835=CARTESIAN_POINT('',(0.00137015809013991,0.0339534096419811,0.041924));
#9836=CARTESIAN_POINT('',(0.00137015809013991,0.0339534096419811,0.036924));
#9837=CARTESIAN_POINT('',(0.00582199300697556,0.0339534096419811,0.036924));
#9838=CARTESIAN_POINT('',(-0.00308167682669575,0.0339534096419811,0.036924));
#9839=CARTESIAN_POINT('',(-0.00308167682669575,0.0339534096419811,0.041924));
#9840=CARTESIAN_POINT('',(-0.00308167682669575,0.0339534096419811,0.041924));
#9841=CARTESIAN_POINT('',(0.00137015809013991,0.0339534096419811,0.041924));
#9842=CARTESIAN_POINT('',(0.00582199300697556,0.0339534096419811,0.041924));
#9843=CARTESIAN_POINT('',(0.00582199300697556,0.0339534096419811,0.041924));
#9844=CARTESIAN_POINT('',(-0.00308167682669575,0.0345595065082307,0.041924));
#9845=CARTESIAN_POINT('',(-0.00308167682669575,0.0345595065082307,0.036924));
#9846=CARTESIAN_POINT('',(-0.00308167682669575,0.0351656033744802,0.036924));
#9847=CARTESIAN_POINT('',(-0.00308167682669575,0.0351656033744802,0.041924));
#9848=CARTESIAN_POINT('',(-0.00308167682669575,0.0351656033744802,0.041924));
#9849=CARTESIAN_POINT('',(-0.00308167682669575,0.0345595065082307,0.041924));
#9850=CARTESIAN_POINT('',(-0.00308167682669575,0.0351656033744802,0.041924));
#9851=CARTESIAN_POINT('',(-0.00308167682669575,0.0351656033744802,0.036924));
#9852=CARTESIAN_POINT('',(-0.00275801804673376,0.0359106292453361,0.041924));
#9853=CARTESIAN_POINT('',(-0.00275801804673376,0.0359106292453361,0.036924));
#9854=CARTESIAN_POINT('',(-0.00236209582847837,0.0365676158568628,0.041924));
#9855=CARTESIAN_POINT('',(-0.00236209582847837,0.0365676158568628,0.036924));
#9856=CARTESIAN_POINT('',(-0.00189391017192958,0.0371365632090601,0.041924));
#9857=CARTESIAN_POINT('',(-0.00189391017192958,0.0371365632090601,0.036924));
#9858=CARTESIAN_POINT('',(-0.00308167682669575,0.0351656033744802,0.036924));
#9859=CARTESIAN_POINT('',(-0.00259618865675277,0.0362831421807641,0.036924));
#9860=CARTESIAN_POINT('',(-0.00189391017192958,0.0371365632090601,0.036924));
#9861=CARTESIAN_POINT('',(-0.00189391017192958,0.0371365632090601,0.036924));
#9862=CARTESIAN_POINT('',(-0.00189391017192958,0.0371365632090601,0.041924));
#9863=CARTESIAN_POINT('',(-0.00189391017192958,0.0371365632090601,0.041924));
#9864=CARTESIAN_POINT('',(-0.00308167682669575,0.0351656033744802,0.041924));
#9865=CARTESIAN_POINT('',(-0.00259618865675277,0.0362831421807641,0.041924));
#9866=CARTESIAN_POINT('',(-0.00189391017192958,0.0371365632090601,0.041924));
#9867=CARTESIAN_POINT('',(0.00898518904846832,0.0282363855457655,0.041924));
#9868=CARTESIAN_POINT('',(0.00898518904846832,0.0282363855457655,0.036924));
#9869=CARTESIAN_POINT('',(-0.000419201978265016,0.0386816605324359,0.036924));
#9870=CARTESIAN_POINT('',(-0.000419125353800897,0.0386815758756711,0.041924));
#9871=CARTESIAN_POINT('',(-0.000419201978265014,0.0386816605324359,0.041924));
#9872=CARTESIAN_POINT('',(0.00898518904846832,0.0282363855457655,0.041924));
#9873=CARTESIAN_POINT('',(0.019437094212248,0.0165653914047885,0.041924));
#9874=CARTESIAN_POINT('',(0.019437094212248,0.0165653914047885,0.036924));
#9875=CARTESIAN_POINT('',(0.00111199465794389,0.0399657199264248,0.036924));
#9876=CARTESIAN_POINT('',(0.0011121470815853,0.0399655241490108,0.041924));
#9877=CARTESIAN_POINT('',(0.00111199465794389,0.0399657199264249,0.041924));
#9878=CARTESIAN_POINT('',(0.019437094212248,0.0165653914047885,0.041924));
#9879=CARTESIAN_POINT('',(-0.00938766842136568,0.0535169820811107,0.041924));
#9880=CARTESIAN_POINT('',(-0.00938766842136568,0.0535169820811107,0.036924));
#9881=CARTESIAN_POINT('',(0.00248159012699051,0.0411487107267021,0.036924));
#9882=CARTESIAN_POINT('',(0.00248159012699051,0.0411487107267021,0.041924));
#9883=CARTESIAN_POINT('',(0.00248159012699051,0.0411487107267021,0.041924));
#9884=CARTESIAN_POINT('',(-0.00938766842136568,0.0535169820811107,0.041924));
#9885=CARTESIAN_POINT('',(0.00248159012699051,0.0411487107267021,0.041924));
#9886=CARTESIAN_POINT('',(0.00248159012699051,0.0411487107267021,0.036924));
#9887=CARTESIAN_POINT('',(0.00288870808920684,0.0415425973551464,0.041924));
#9888=CARTESIAN_POINT('',(0.00288870808920684,0.0415425973551464,0.036924));
#9889=CARTESIAN_POINT('',(0.00321796474114931,0.041955822086796,0.041924));
#9890=CARTESIAN_POINT('',(0.00321796474114931,0.041955822086796,0.036924));
#9891=CARTESIAN_POINT('',(0.00346936008281789,0.0423883849216508,0.041924));
#9892=CARTESIAN_POINT('',(0.00346936008281789,0.0423883849216508,0.036924));
#9893=CARTESIAN_POINT('',(0.00248159012699051,0.0411487107267021,0.036924));
#9894=CARTESIAN_POINT('',(0.00309226707031501,0.0417395406693686,0.036924));
#9895=CARTESIAN_POINT('',(0.00346936008281789,0.0423883849216508,0.036924));
#9896=CARTESIAN_POINT('',(0.00346936008281789,0.0423883849216508,0.036924));
#9897=CARTESIAN_POINT('',(0.00346936008281789,0.0423883849216508,0.041924));
#9898=CARTESIAN_POINT('',(0.00346936008281789,0.0423883849216508,0.041924));
#9899=CARTESIAN_POINT('',(0.00248159012699051,0.0411487107267021,0.041924));
#9900=CARTESIAN_POINT('',(0.00309226707031501,0.0417395406693686,0.041924));
#9901=CARTESIAN_POINT('',(0.00346936008281789,0.0423883849216508,0.041924));
#9902=CARTESIAN_POINT('',(0.00346936008281789,0.0423883849216508,0.041924));
#9903=CARTESIAN_POINT('',(0.00346936008281789,0.0423883849216508,0.036924));
#9904=CARTESIAN_POINT('',(0.00372075542448648,0.0428209477565057,0.041924));
#9905=CARTESIAN_POINT('',(0.00372075542448648,0.0428209477565057,0.036924));
#9906=CARTESIAN_POINT('',(0.00384645309532078,0.0433110160035236,0.041924));
#9907=CARTESIAN_POINT('',(0.00384645309532078,0.0433110160035236,0.036924));
#9908=CARTESIAN_POINT('',(0.00384645309532078,0.0438585896627046,0.041924));
#9909=CARTESIAN_POINT('',(0.00384645309532078,0.0438585896627046,0.036924));
#9910=CARTESIAN_POINT('',(0.00346936008281789,0.0423883849216508,0.036924));
#9911=CARTESIAN_POINT('',(0.00384645309532078,0.0430372291739331,0.036924));
#9912=CARTESIAN_POINT('',(0.00384645309532078,0.0438585896627046,0.036924));
#9913=CARTESIAN_POINT('',(0.00384645309532078,0.0438585896627046,0.036924));
#9914=CARTESIAN_POINT('',(0.00384645309532078,0.0438585896627046,0.041924));
#9915=CARTESIAN_POINT('',(0.00384645309532078,0.0438585896627046,0.041924));
#9916=CARTESIAN_POINT('',(0.00346936008281789,0.0423883849216508,0.041924));
#9917=CARTESIAN_POINT('',(0.00384645309532078,0.0430372291739331,0.041924));
#9918=CARTESIAN_POINT('',(0.00384645309532078,0.0438585896627046,0.041924));
#9919=CARTESIAN_POINT('',(0.00384645309532078,0.0438585896627046,0.041924));
#9920=CARTESIAN_POINT('',(0.00384645309532078,0.0438585896627046,0.036924));
#9921=CARTESIAN_POINT('',(0.00384645309532078,0.0445954731743162,0.041924));
#9922=CARTESIAN_POINT('',(0.00384645309532078,0.0445954731743162,0.036924));
#9923=CARTESIAN_POINT('',(0.00363017167789335,0.0451674739112301,0.041924));
#9924=CARTESIAN_POINT('',(0.00363017167789335,0.0451674739112301,0.036924));
#9925=CARTESIAN_POINT('',(0.00319760884303849,0.0455745918734464,0.041924));
#9926=CARTESIAN_POINT('',(0.00319760884303849,0.0455745918734464,0.036924));
#9927=CARTESIAN_POINT('',(0.00384645309532078,0.0438585896627046,0.036924));
#9928=CARTESIAN_POINT('',(0.00384645309532078,0.0449639149301219,0.036924));
#9929=CARTESIAN_POINT('',(0.00319760884303849,0.0455745918734464,0.036924));
#9930=CARTESIAN_POINT('',(0.00319760884303849,0.0455745918734464,0.036924));
#9931=CARTESIAN_POINT('',(0.00319760884303849,0.0455745918734464,0.041924));
#9932=CARTESIAN_POINT('',(0.00319760884303849,0.0455745918734464,0.041924));
#9933=CARTESIAN_POINT('',(0.00384645309532078,0.0438585896627046,0.041924));
#9934=CARTESIAN_POINT('',(0.00384645309532078,0.0449639149301219,0.041924));
#9935=CARTESIAN_POINT('',(0.00319760884303849,0.0455745918734464,0.041924));
#9936=CARTESIAN_POINT('',(0.00319760884303849,0.0455745918734464,0.041924));
#9937=CARTESIAN_POINT('',(0.00319760884303849,0.0455745918734464,0.036924));
#9938=CARTESIAN_POINT('',(0.00276504600818363,0.0459817098356628,0.041924));
#9939=CARTESIAN_POINT('',(0.00276504600818363,0.0459817098356628,0.036924));
#9940=CARTESIAN_POINT('',(0.00216403811646176,0.046185268816771,0.041924));
#9941=CARTESIAN_POINT('',(0.00216403811646176,0.046185268816771,0.036924));
#9942=CARTESIAN_POINT('',(0.00139458516787288,0.046185268816771,0.041924));
#9943=CARTESIAN_POINT('',(0.00139458516787288,0.046185268816771,0.036924));
#9944=CARTESIAN_POINT('',(0.00319760884303849,0.0455745918734464,0.036924));
#9945=CARTESIAN_POINT('',(0.0025487645907562,0.046185268816771,0.036924));
#9946=CARTESIAN_POINT('',(0.00139458516787288,0.046185268816771,0.036924));
#9947=CARTESIAN_POINT('',(0.00139458516787288,0.046185268816771,0.036924));
#9948=CARTESIAN_POINT('',(0.00139458516787288,0.046185268816771,0.041924));
#9949=CARTESIAN_POINT('',(0.00139458516787288,0.046185268816771,0.041924));
#9950=CARTESIAN_POINT('',(0.00319760884303849,0.0455745918734464,0.041924));
#9951=CARTESIAN_POINT('',(0.0025487645907562,0.046185268816771,0.041924));
#9952=CARTESIAN_POINT('',(0.00139458516787288,0.046185268816771,0.041924));
#9953=CARTESIAN_POINT('',(0.00139458516787288,0.046185268816771,0.041924));
#9954=CARTESIAN_POINT('',(0.00139458516787288,0.046185268816771,0.036924));
#9955=CARTESIAN_POINT('',(0.000661772835883475,0.046185268816771,0.041924));
#9956=CARTESIAN_POINT('',(0.000661772835883475,0.046185268816771,0.036924));
#9957=CARTESIAN_POINT('',(5.87293543505249E-5,0.0459867988101905,0.041924));
#9958=CARTESIAN_POINT('',(5.87293543505249E-5,0.0459867988101905,0.036924));
#9959=CARTESIAN_POINT('',(-0.000414545276725967,0.0455898587970296,0.041924));
#9960=CARTESIAN_POINT('',(-0.000414545276725967,0.0455898587970296,0.036924));
#9961=CARTESIAN_POINT('',(0.00139458516787288,0.046185268816771,0.036924));
#9962=CARTESIAN_POINT('',(0.000295366669888771,0.046185268816771,0.036924));
#9963=CARTESIAN_POINT('',(-0.000414545276725967,0.0455898587970296,0.036924));
#9964=CARTESIAN_POINT('',(-0.000414545276725967,0.0455898587970296,0.036924));
#9965=CARTESIAN_POINT('',(-0.000414545276725967,0.0455898587970296,0.041924));
#9966=CARTESIAN_POINT('',(-0.000414545276725967,0.0455898587970296,0.041924));
#9967=CARTESIAN_POINT('',(0.00139458516787288,0.046185268816771,0.041924));
#9968=CARTESIAN_POINT('',(0.000295366669888771,0.046185268816771,0.041924));
#9969=CARTESIAN_POINT('',(-0.000414545276725967,0.0455898587970296,0.041924));
#9970=CARTESIAN_POINT('',(-0.000414545276725967,0.0455898587970296,0.041924));
#9971=CARTESIAN_POINT('',(-0.000414545276725967,0.0455898587970296,0.036924));
#9972=CARTESIAN_POINT('',(-0.00088781990780246,0.0451929187838686,0.041924));
#9973=CARTESIAN_POINT('',(-0.00088781990780246,0.0451929187838686,0.036924));
#9974=CARTESIAN_POINT('',(-0.00116618681446788,0.0446351671756322,0.041924));
#9975=CARTESIAN_POINT('',(-0.00116618681446788,0.0446351671756322,0.036924));
#9976=CARTESIAN_POINT('',(-0.00124964599672223,0.0439166039723204,0.041924));
#9977=CARTESIAN_POINT('',(-0.00124964599672223,0.0439166039723204,0.036924));
#9978=CARTESIAN_POINT('',(-0.000414545276725967,0.0455898587970296,0.036924));
#9979=CARTESIAN_POINT('',(-0.00112445722334071,0.0449944487772881,0.036924));
#9980=CARTESIAN_POINT('',(-0.00124964599672223,0.0439166039723204,0.036924));
#9981=CARTESIAN_POINT('',(-0.00124964599672223,0.0439166039723204,0.036924));
#9982=CARTESIAN_POINT('',(-0.00124964599672223,0.0439166039723204,0.041924));
#9983=CARTESIAN_POINT('',(-0.00124964599672223,0.0439166039723204,0.041924));
#9984=CARTESIAN_POINT('',(-0.000414545276725967,0.0455898587970296,0.041924));
#9985=CARTESIAN_POINT('',(-0.00112445722334071,0.0449944487772881,0.041924));
#9986=CARTESIAN_POINT('',(-0.00124964599672223,0.0439166039723204,0.041924));
#9987=CARTESIAN_POINT('',(-0.00212749410275121,0.0439975186673109,0.041924));
#9988=CARTESIAN_POINT('',(-0.00212749410275121,0.0439975186673109,0.036924));
#9989=CARTESIAN_POINT('',(-0.00300534220878018,0.0440784333623014,0.036924));
#9990=CARTESIAN_POINT('',(-0.00300534220878018,0.0440784333623014,0.041924));
#9991=CARTESIAN_POINT('',(-0.00300534220878018,0.0440784333623014,0.041924));
#9992=CARTESIAN_POINT('',(-0.00212749410275121,0.0439975186673109,0.041924));
#9993=CARTESIAN_POINT('',(-0.00300534220878018,0.0440784333623014,0.041924));
#9994=CARTESIAN_POINT('',(-0.00300534220878018,0.0440784333623014,0.036924));
#9995=CARTESIAN_POINT('',(-0.00287913564049312,0.0451532247825525,0.041924));
#9996=CARTESIAN_POINT('',(-0.00287913564049312,0.0451532247825525,0.036924));
#9997=CARTESIAN_POINT('',(-0.00242316352281082,0.0460086814006596,0.041924));
#9998=CARTESIAN_POINT('',(-0.00242316352281082,0.0460086814006596,0.036924));
#9999=CARTESIAN_POINT('',(-0.00163742585573329,0.0466448032166226,0.041924));
#10000=CARTESIAN_POINT('',(-0.00163742585573329,0.0466448032166226,0.036924));
#10001=CARTESIAN_POINT('',(-0.00300534220878018,0.0440784333623014,0.036924));
#10002=CARTESIAN_POINT('',(-0.00281603235634959,0.0456906204926781,0.036924));
#10003=CARTESIAN_POINT('',(-0.00163742585573329,0.0466448032166226,0.036924));
#10004=CARTESIAN_POINT('',(-0.00163742585573329,0.0466448032166226,0.036924));
#10005=CARTESIAN_POINT('',(-0.00163742585573329,0.0466448032166226,0.041924));
#10006=CARTESIAN_POINT('',(-0.00163742585573329,0.0466448032166226,0.041924));
#10007=CARTESIAN_POINT('',(-0.00300534220878018,0.0440784333623014,0.041924));
#10008=CARTESIAN_POINT('',(-0.00281603235634959,0.0456906204926781,0.041924));
#10009=CARTESIAN_POINT('',(-0.00163742585573329,0.0466448032166226,0.041924));
#10010=CARTESIAN_POINT('',(-0.00163742585573329,0.0466448032166226,0.041924));
#10011=CARTESIAN_POINT('',(-0.00163742585573329,0.0466448032166226,0.036924));
#10012=CARTESIAN_POINT('',(-0.000851688188655759,0.0472809250325857,0.041924));
#10013=CARTESIAN_POINT('',(-0.000851688188655759,0.0472809250325857,0.036924));
#10014=CARTESIAN_POINT('',(0.000158982152546298,0.0475989859405672,0.041924));
#10015=CARTESIAN_POINT('',(0.000158982152546298,0.0475989859405672,0.036924));
#10016=CARTESIAN_POINT('',(0.00139458516787288,0.0475989859405672,0.041924));
#10017=CARTESIAN_POINT('',(0.00139458516787288,0.0475989859405672,0.036924));
#10018=CARTESIAN_POINT('',(-0.00163742585573329,0.0466448032166226,0.036924));
#10019=CARTESIAN_POINT('',(-0.000458819355116994,0.0475989859405672,0.036924));
#10020=CARTESIAN_POINT('',(0.00139458516787288,0.0475989859405672,0.036924));
#10021=CARTESIAN_POINT('',(0.00139458516787288,0.0475989859405672,0.036924));
#10022=CARTESIAN_POINT('',(0.00139458516787288,0.0475989859405672,0.041924));
#10023=CARTESIAN_POINT('',(0.00139458516787288,0.0475989859405672,0.041924));
#10024=CARTESIAN_POINT('',(-0.00163742585573329,0.0466448032166226,0.041924));
#10025=CARTESIAN_POINT('',(-0.000458819355116994,0.0475989859405672,0.041924));
#10026=CARTESIAN_POINT('',(0.00139458516787288,0.0475989859405672,0.041924));
#10027=CARTESIAN_POINT('',(0.00139458516787288,0.0475989859405672,0.041924));
#10028=CARTESIAN_POINT('',(0.00139458516787288,0.0475989859405672,0.036924));
#10029=CARTESIAN_POINT('',(0.0027482523922422,0.0475989859405672,0.041924));
#10030=CARTESIAN_POINT('',(0.0027482523922422,0.0475989859405672,0.036924));
#10031=CARTESIAN_POINT('',(0.00378945658061049,0.0472793983402274,0.041924));
#10032=CARTESIAN_POINT('',(0.00378945658061049,0.0472793983402274,0.036924));
#10033=CARTESIAN_POINT('',(0.00451819773297774,0.0466402231395477,0.041924));
#10034=CARTESIAN_POINT('',(0.00451819773297774,0.0466402231395477,0.036924));
#10035=CARTESIAN_POINT('',(0.00139458516787288,0.0475989859405672,0.036924));
#10036=CARTESIAN_POINT('',(0.00342508600442687,0.0475989859405672,0.036924));
#10037=CARTESIAN_POINT('',(0.00451819773297774,0.0466402231395477,0.036924));
#10038=CARTESIAN_POINT('',(0.00451819773297774,0.0466402231395477,0.036924));
#10039=CARTESIAN_POINT('',(0.00451819773297774,0.0466402231395477,0.041924));
#10040=CARTESIAN_POINT('',(0.00451819773297774,0.0466402231395477,0.041924));
#10041=CARTESIAN_POINT('',(0.00139458516787288,0.0475989859405672,0.041924));
#10042=CARTESIAN_POINT('',(0.00342508600442687,0.0475989859405672,0.041924));
#10043=CARTESIAN_POINT('',(0.00451819773297774,0.0466402231395477,0.041924));
#10044=CARTESIAN_POINT('',(0.00451819773297774,0.0466402231395477,0.041924));
#10045=CARTESIAN_POINT('',(0.00451819773297774,0.0466402231395477,0.036924));
#10046=CARTESIAN_POINT('',(0.00524693888534498,0.046001047938868,0.041924));
#10047=CARTESIAN_POINT('',(0.00524693888534498,0.046001047938868,0.036924));
#10048=CARTESIAN_POINT('',(0.0056113094615286,0.0450931748831256,0.041924));
#10049=CARTESIAN_POINT('',(0.0056113094615286,0.0450931748831256,0.036924));
#10050=CARTESIAN_POINT('',(0.0056113094615286,0.0439166039723204,0.041924));
#10051=CARTESIAN_POINT('',(0.0056113094615286,0.0439166039723204,0.036924));
#10052=CARTESIAN_POINT('',(0.00451819773297774,0.0466402231395477,0.036924));
#10053=CARTESIAN_POINT('',(0.0056113094615286,0.0456814603385282,0.036924));
#10054=CARTESIAN_POINT('',(0.0056113094615286,0.0439166039723204,0.036924));
#10055=CARTESIAN_POINT('',(0.0056113094615286,0.0439166039723204,0.036924));
#10056=CARTESIAN_POINT('',(0.0056113094615286,0.0439166039723204,0.041924));
#10057=CARTESIAN_POINT('',(0.0056113094615286,0.0439166039723204,0.041924));
#10058=CARTESIAN_POINT('',(0.00451819773297774,0.0466402231395477,0.041924));
#10059=CARTESIAN_POINT('',(0.0056113094615286,0.0456814603385282,0.041924));
#10060=CARTESIAN_POINT('',(0.0056113094615286,0.0439166039723204,0.041924));
#10061=CARTESIAN_POINT('',(0.0056113094615286,0.0439166039723204,0.041924));
#10062=CARTESIAN_POINT('',(0.0056113094615286,0.0439166039723204,0.036924));
#10063=CARTESIAN_POINT('',(0.0056113094615286,0.0433934573908724,0.041924));
#10064=CARTESIAN_POINT('',(0.0056113094615286,0.0433934573908724,0.036924));
#10065=CARTESIAN_POINT('',(0.00549171856012755,0.0428743819890466,0.041924));
#10066=CARTESIAN_POINT('',(0.00549171856012755,0.0428743819890466,0.036924));
#10067=CARTESIAN_POINT('',(0.00525253675732545,0.0423593777668429,0.041924));
#10068=CARTESIAN_POINT('',(0.00525253675732545,0.0423593777668429,0.036924));
#10069=CARTESIAN_POINT('',(0.0056113094615286,0.0439166039723204,0.036924));
#10070=CARTESIAN_POINT('',(0.0056113094615286,0.0431318841001484,0.036924));
#10071=CARTESIAN_POINT('',(0.00525253675732545,0.0423593777668429,0.036924));
#10072=CARTESIAN_POINT('',(0.00525253675732545,0.0423593777668429,0.036924));
#10073=CARTESIAN_POINT('',(0.00525253675732545,0.0423593777668429,0.041924));
#10074=CARTESIAN_POINT('',(0.00525253675732545,0.0423593777668429,0.041924));
#10075=CARTESIAN_POINT('',(0.0056113094615286,0.0439166039723204,0.041924));
#10076=CARTESIAN_POINT('',(0.0056113094615286,0.0431318841001484,0.041924));
#10077=CARTESIAN_POINT('',(0.00525253675732545,0.0423593777668429,0.041924));
#10078=CARTESIAN_POINT('',(0.00525253675732545,0.0423593777668429,0.041924));
#10079=CARTESIAN_POINT('',(0.00525253675732545,0.0423593777668429,0.036924));
#10080=CARTESIAN_POINT('',(0.00501335495452336,0.0418443735446392,0.041924));
#10081=CARTESIAN_POINT('',(0.00501335495452336,0.0418443735446392,0.036924));
#10082=CARTESIAN_POINT('',(0.00465865342994237,0.0413293693224356,0.041924));
#10083=CARTESIAN_POINT('',(0.00465865342994237,0.0413293693224356,0.036924));
#10084=CARTESIAN_POINT('',(0.0041884321835825,0.0408143651002319,0.041924));
#10085=CARTESIAN_POINT('',(0.0041884321835825,0.0408143651002319,0.036924));
#10086=CARTESIAN_POINT('',(0.00525253675732545,0.0423593777668429,0.036924));
#10087=CARTESIAN_POINT('',(0.00489376405312231,0.0415868714335374,0.036924));
#10088=CARTESIAN_POINT('',(0.0041884321835825,0.0408143651002319,0.036924));
#10089=CARTESIAN_POINT('',(0.0041884321835825,0.0408143651002319,0.036924));
#10090=CARTESIAN_POINT('',(0.0041884321835825,0.0408143651002319,0.041924));
#10091=CARTESIAN_POINT('',(0.0041884321835825,0.0408143651002319,0.041924));
#10092=CARTESIAN_POINT('',(0.00525253675732545,0.0423593777668429,0.041924));
#10093=CARTESIAN_POINT('',(0.00489376405312231,0.0415868714335374,0.041924));
#10094=CARTESIAN_POINT('',(0.0041884321835825,0.0408143651002319,0.041924));
#10095=CARTESIAN_POINT('',(0.0041884321835825,0.0408143651002319,0.041924));
#10096=CARTESIAN_POINT('',(0.0041884321835825,0.0408143651002319,0.036924));
#10097=CARTESIAN_POINT('',(0.00371821093722263,0.0402993608780282,0.041924));
#10098=CARTESIAN_POINT('',(0.00371821093722263,0.0402993608780282,0.036924));
#10099=CARTESIAN_POINT('',(0.00281848024072453,0.0395014096720842,0.041924));
#10100=CARTESIAN_POINT('',(0.00281848024072453,0.0395014096720842,0.036924));
#10101=CARTESIAN_POINT('',(0.00148924009408818,0.0384205114823999,0.041924));
#10102=CARTESIAN_POINT('',(0.00148924009408818,0.0384205114823999,0.036924));
#10103=CARTESIAN_POINT('',(0.0041884321835825,0.0408143651002319,0.036924));
#10104=CARTESIAN_POINT('',(0.0034831003140427,0.0400418587669264,0.036924));
#10105=CARTESIAN_POINT('',(0.00148924009408818,0.0384205114823999,0.036924));
#10106=CARTESIAN_POINT('',(0.00148924009408818,0.0384205114823999,0.036924));
#10107=CARTESIAN_POINT('',(0.00148924009408818,0.0384205114823999,0.041924));
#10108=CARTESIAN_POINT('',(0.00148924009408818,0.0384205114823999,0.041924));
#10109=CARTESIAN_POINT('',(0.0041884321835825,0.0408143651002319,0.041924));
#10110=CARTESIAN_POINT('',(0.0034831003140427,0.0400418587669264,0.041924));
#10111=CARTESIAN_POINT('',(0.00148924009408818,0.0384205114823999,0.041924));
#10112=CARTESIAN_POINT('',(0.00148924009408818,0.0384205114823999,0.041924));
#10113=CARTESIAN_POINT('',(0.00148924009408818,0.0384205114823999,0.036924));
#10114=CARTESIAN_POINT('',(0.000756427762098777,0.0378220480779419,0.041924));
#10115=CARTESIAN_POINT('',(0.000756427762098777,0.0378220480779419,0.036924));
#10116=CARTESIAN_POINT('',(0.000173740178676644,0.0372826167780052,0.041924));
#10117=CARTESIAN_POINT('',(0.000173740178676644,0.0372826167780052,0.036924));
#10118=CARTESIAN_POINT('',(-0.000258822656178215,0.0368022175825899,0.041924));
#10119=CARTESIAN_POINT('',(-0.000258822656178215,0.0368022175825899,0.036924));
#10120=CARTESIAN_POINT('',(0.00148924009408818,0.0384205114823999,0.036924));
#10121=CARTESIAN_POINT('',(0.000390021596104073,0.0375228163757129,0.036924));
#10122=CARTESIAN_POINT('',(-0.000258822656178215,0.0368022175825899,0.036924));
#10123=CARTESIAN_POINT('',(-0.000258822656178215,0.0368022175825899,0.036924));
#10124=CARTESIAN_POINT('',(-0.000258822656178215,0.0368022175825899,0.041924));
#10125=CARTESIAN_POINT('',(-0.000258822656178215,0.0368022175825899,0.041924));
#10126=CARTESIAN_POINT('',(0.00148924009408818,0.0384205114823999,0.041924));
#10127=CARTESIAN_POINT('',(0.000390021596104073,0.0375228163757129,0.041924));
#10128=CARTESIAN_POINT('',(-0.000258822656178215,0.0368022175825899,0.041924));
#10129=CARTESIAN_POINT('',(-0.000258822656178215,0.0368022175825899,0.041924));
#10130=CARTESIAN_POINT('',(-0.000258822656178215,0.0368022175825899,0.036924));
#10131=CARTESIAN_POINT('',(-0.000691385491033074,0.0363218183871746,0.041924));
#10132=CARTESIAN_POINT('',(-0.000691385491033074,0.0363218183871746,0.036924));
#10133=CARTESIAN_POINT('',(-0.0010023218346758,0.0358587217051535,0.041924));
#10134=CARTESIAN_POINT('',(-0.0010023218346758,0.0358587217051535,0.036924));
#10135=CARTESIAN_POINT('',(-0.0011916316871064,0.0354129275365266,0.041924));
#10136=CARTESIAN_POINT('',(-0.0011916316871064,0.0354129275365266,0.036924));
#10137=CARTESIAN_POINT('',(-0.000258822656178215,0.0368022175825899,0.036924));
#10138=CARTESIAN_POINT('',(-0.000907666908460503,0.036081618789467,0.036924));
#10139=CARTESIAN_POINT('',(-0.0011916316871064,0.0354129275365266,0.036924));
#10140=CARTESIAN_POINT('',(-0.0011916316871064,0.0354129275365266,0.036924));
#10141=CARTESIAN_POINT('',(-0.0011916316871064,0.0354129275365266,0.041924));
#10142=CARTESIAN_POINT('',(-0.0011916316871064,0.0354129275365266,0.041924));
#10143=CARTESIAN_POINT('',(-0.000258822656178215,0.0368022175825899,0.041924));
#10144=CARTESIAN_POINT('',(-0.000907666908460503,0.036081618789467,0.041924));
#10145=CARTESIAN_POINT('',(-0.0011916316871064,0.0354129275365266,0.041924));
#10146=CARTESIAN_POINT('',(0.00231518065993458,0.0354129275365266,0.041924));
#10147=CARTESIAN_POINT('',(0.00231518065993458,0.0354129275365266,0.036924));
#10148=CARTESIAN_POINT('',(0.00582199300697556,0.0354129275365266,0.036924));
#10149=CARTESIAN_POINT('',(0.00582199300697556,0.0354129275365266,0.041924));
#10150=CARTESIAN_POINT('',(0.00582199300697556,0.0354129275365266,0.041924));
#10151=CARTESIAN_POINT('',(0.00231518065993458,0.0354129275365266,0.041924));
#10152=CARTESIAN_POINT('',(-0.0116693213421966,0.0339534096419811,0.041924));
#10153=CARTESIAN_POINT('',(-0.0116693213421966,0.0339534096419811,0.036924));
#10154=CARTESIAN_POINT('',(-0.0108097935444674,0.0339534096419811,0.036924));
#10155=CARTESIAN_POINT('',(-0.0125288491399259,0.0339534096419811,0.036924));
#10156=CARTESIAN_POINT('',(-0.0125288491399259,0.0339534096419811,0.041924));
#10157=CARTESIAN_POINT('',(-0.0125288491399259,0.0339534096419811,0.041924));
#10158=CARTESIAN_POINT('',(-0.0116693213421966,0.0339534096419811,0.041924));
#10159=CARTESIAN_POINT('',(-0.0108097935444674,0.0339534096419811,0.041924));
#10160=CARTESIAN_POINT('',(-0.0108097935444674,0.0339534096419811,0.041924));
#10161=CARTESIAN_POINT('',(-0.0125288491399259,0.0391151565054315,0.041924));
#10162=CARTESIAN_POINT('',(-0.0125288491399259,0.0391151565054315,0.036924));
#10163=CARTESIAN_POINT('',(-0.0125288491399259,0.0442769033688819,0.036924));
#10164=CARTESIAN_POINT('',(-0.0125288491399259,0.0442769033688819,0.041924));
#10165=CARTESIAN_POINT('',(-0.0125288491399259,0.0442769033688819,0.041924));
#10166=CARTESIAN_POINT('',(-0.0125288491399259,0.0391151565054315,0.041924));
#10167=CARTESIAN_POINT('',(-0.0116693213421966,0.0442769033688819,0.041924));
#10168=CARTESIAN_POINT('',(-0.0116693213421966,0.0442769033688819,0.036924));
#10169=CARTESIAN_POINT('',(-0.0108097935444674,0.0442769033688819,0.036924));
#10170=CARTESIAN_POINT('',(-0.0108097935444674,0.0442769033688819,0.041924));
#10171=CARTESIAN_POINT('',(-0.0108097935444674,0.0442769033688819,0.041924));
#10172=CARTESIAN_POINT('',(-0.0116693213421966,0.0442769033688819,0.041924));
#10173=CARTESIAN_POINT('',(-0.0116693213421966,0.0464722869801335,0.041924));
#10174=CARTESIAN_POINT('',(-0.0116693213421966,0.0464722869801335,0.036924));
#10175=CARTESIAN_POINT('',(-0.0108097935444674,0.0464722869801335,0.036924));
#10176=CARTESIAN_POINT('',(-0.0125288491399259,0.0464722869801335,0.036924));
#10177=CARTESIAN_POINT('',(-0.0125288491399259,0.0464722869801335,0.041924));
#10178=CARTESIAN_POINT('',(-0.0125288491399259,0.0464722869801335,0.041924));
#10179=CARTESIAN_POINT('',(-0.0116693213421966,0.0464722869801335,0.041924));
#10180=CARTESIAN_POINT('',(-0.0108097935444674,0.0464722869801335,0.041924));
#10181=CARTESIAN_POINT('',(-0.0108097935444674,0.0464722869801335,0.041924));
#10182=CARTESIAN_POINT('',(-0.0125288491399259,0.0472936474689049,0.041924));
#10183=CARTESIAN_POINT('',(-0.0125288491399259,0.0472936474689049,0.036924));
#10184=CARTESIAN_POINT('',(-0.0125288491399259,0.0481150079576764,0.036924));
#10185=CARTESIAN_POINT('',(-0.0125288491399259,0.0481150079576764,0.041924));
#10186=CARTESIAN_POINT('',(-0.0125288491399259,0.0481150079576764,0.041924));
#10187=CARTESIAN_POINT('',(-0.0125288491399259,0.0472936474689049,0.041924));
#10188=CARTESIAN_POINT('',(-0.0116693213421966,0.0481150079576764,0.041924));
#10189=CARTESIAN_POINT('',(-0.0116693213421966,0.0481150079576764,0.036924));
#10190=CARTESIAN_POINT('',(-0.0108097935444674,0.0481150079576764,0.036924));
#10191=CARTESIAN_POINT('',(-0.0108097935444674,0.0481150079576764,0.041924));
#10192=CARTESIAN_POINT('',(-0.0108097935444674,0.0481150079576764,0.041924));
#10193=CARTESIAN_POINT('',(-0.0116693213421966,0.0481150079576764,0.041924));
#10194=CARTESIAN_POINT('',(0.000256990504503251,0.0555125320415497,0.041924));
#10195=CARTESIAN_POINT('',(0.000256990504503251,0.0555125320415497,0.040924));
#10196=CARTESIAN_POINT('',(-0.0318740094954967,0.0555125320415497,0.040924));
#10197=CARTESIAN_POINT('',(0.0323879905045033,0.0555125320415497,0.040924));
#10198=CARTESIAN_POINT('',(-0.0318740094954967,0.0555125320415497,0.041924));
#10199=CARTESIAN_POINT('',(-0.0318740094954967,0.0555125320415497,0.041924));
#10200=CARTESIAN_POINT('',(0.000256990504503251,0.0555125320415497,0.041924));
#10201=CARTESIAN_POINT('',(0.0323879905045033,0.0555125320415497,0.041924));
#10202=CARTESIAN_POINT('',(0.0323879905045033,0.0555125320415497,0.041924));
#10203=CARTESIAN_POINT('',(-0.0318740094954967,0.0412885320415497,0.041924));
#10204=CARTESIAN_POINT('',(-0.0318740094954967,0.0412885320415497,0.040924));
#10205=CARTESIAN_POINT('',(-0.0318740094954967,0.0270645320415497,0.040924));
#10206=CARTESIAN_POINT('',(-0.0318740094954967,0.0270645320415497,0.041924));
#10207=CARTESIAN_POINT('',(-0.0318740094954967,0.0270645320415497,0.041924));
#10208=CARTESIAN_POINT('',(-0.0318740094954967,0.0412885320415497,0.041924));
#10209=CARTESIAN_POINT('',(0.000256990504503251,0.0270645320415497,0.041924));
#10210=CARTESIAN_POINT('',(0.000256990504503251,0.0270645320415497,0.040924));
#10211=CARTESIAN_POINT('',(0.0323879905045033,0.0270645320415497,0.040924));
#10212=CARTESIAN_POINT('',(0.0323879905045033,0.0270645320415497,0.041924));
#10213=CARTESIAN_POINT('',(0.0323879905045033,0.0270645320415497,0.041924));
#10214=CARTESIAN_POINT('',(0.000256990504503251,0.0270645320415497,0.041924));
#10215=CARTESIAN_POINT('',(0.0242308494634928,0.0473974625492701,0.041924));
#10216=CARTESIAN_POINT('',(0.0242308494634928,0.0473974625492701,0.036924));
#10217=CARTESIAN_POINT('',(0.0242308494634928,0.0473974625492701,0.041924));
#10218=CARTESIAN_POINT('',(0.00582199300697556,0.0346831685892539,0.041924));
#10219=CARTESIAN_POINT('',(0.00582199300697556,0.0346831685892539,0.036924));
#10220=CARTESIAN_POINT('',(0.00582199300697556,0.0346831685892539,0.041924));
#10221=CARTESIAN_POINT('',(-0.0108097935444674,0.0391151565054315,0.041924));
#10222=CARTESIAN_POINT('',(-0.0108097935444674,0.0391151565054315,0.036924));
#10223=CARTESIAN_POINT('',(-0.0108097935444674,0.0391151565054315,0.041924));
#10224=CARTESIAN_POINT('',(-0.0108097935444674,0.0472936474689049,0.041924));
#10225=CARTESIAN_POINT('',(-0.0108097935444674,0.0472936474689049,0.036924));
#10226=CARTESIAN_POINT('',(-0.0108097935444674,0.0472936474689049,0.041924));
#10227=CARTESIAN_POINT('',(0.0323879905045033,0.0412885320415497,0.041924));
#10228=CARTESIAN_POINT('',(0.0323879905045033,0.0412885320415497,0.040924));
#10229=CARTESIAN_POINT('',(0.0323879905045033,0.0412885320415497,0.041924));
#10230=CARTESIAN_POINT('',(-0.0196096482977735,0.0473974625492701,0.041924));
#10231=CARTESIAN_POINT('',(-0.0196096482977735,0.0473974625492701,0.036924));
#10232=CARTESIAN_POINT('',(-0.018101276247762,0.0473974625492701,0.041924));
#10233=CARTESIAN_POINT('',(-0.018101276247762,0.0473974625492701,0.036924));
#10234=CARTESIAN_POINT('',(-0.0169338654911066,0.0470442877170474,0.041924));
#10235=CARTESIAN_POINT('',(-0.0169338654911066,0.0470442877170474,0.036924));
#10236=CARTESIAN_POINT('',(-0.0161074160278075,0.0463379380526021,0.041924));
#10237=CARTESIAN_POINT('',(-0.0161074160278075,0.0463379380526021,0.036924));
#10238=CARTESIAN_POINT('',(-0.0196096482977735,0.0473974625492701,0.036924));
#10239=CARTESIAN_POINT('',(-0.0173470902227562,0.0473974625492701,0.036924));
#10240=CARTESIAN_POINT('',(-0.0161074160278075,0.0463379380526021,0.036924));
#10241=CARTESIAN_POINT('',(-0.0196096482977735,0.0473974625492701,0.041924));
#10242=CARTESIAN_POINT('',(-0.0173470902227562,0.0473974625492701,0.041924));
#10243=CARTESIAN_POINT('',(-0.0161074160278075,0.0463379380526021,0.041924));
#10244=CARTESIAN_POINT('',(8.51446896698305E-5,0.000242839203851681,0.041924));
#10245=CARTESIAN_POINT('',(8.51446896698582E-5,0.000242839203851681,0.036924));
#10246=CARTESIAN_POINT('',(8.51446896698582E-5,0.000242839203851681,0.036924));
#10247=CARTESIAN_POINT('',(8.51446896698582E-5,0.000242839203851681,0.036924));
#10248=CARTESIAN_POINT('',(8.51446896698582E-5,0.000242839203851681,0.036924));
#10249=CARTESIAN_POINT('',(8.51446896698582E-5,0.000242839203851681,0.036924));
#10250=CARTESIAN_POINT('',(0.0494045035422685,-0.0491076145433115,0.0334442));
#10251=CARTESIAN_POINT('',(0.074386352386323,-0.0241415063439087,0.036924));
#10252=CARTESIAN_POINT('',(0.0494813904950476,0.0496041462272797,0.0334442));
#10253=CARTESIAN_POINT('',(0.0245086950323362,0.0745945177932809,0.036924));
#10254=CARTESIAN_POINT('',(-0.0493063981227956,0.0496343820159223,0.0334442));
#10255=CARTESIAN_POINT('',(-0.0743574008785505,0.0245833792599671,0.036924));
#10256=CARTESIAN_POINT('',(-0.0493563665606629,-0.049138454133424,0.0334442));
#10257=CARTESIAN_POINT('',(-0.0493263564869591,-0.0491684643271684,0.036924));
#10258=CARTESIAN_POINT('',(0.074386352386323,-0.0241415063439087,0.040924));
#10259=CARTESIAN_POINT('',(0.074386352386323,-0.0241415063439087,0.040924));
#10260=CARTESIAN_POINT('',(-0.0493263564869591,-0.0491684643271684,0.040924));
#10261=CARTESIAN_POINT('',(-0.0493263564869591,-0.0491684643271684,0.040924));
#10262=CARTESIAN_POINT('',(0.0245086950323362,0.0745945177932809,0.040924));
#10263=CARTESIAN_POINT('',(0.0245086950323362,0.0745945177932809,0.040924));
#10264=CARTESIAN_POINT('',(-0.0743574008785505,0.0245833792599671,0.040924));
#10265=CARTESIAN_POINT('',(-0.0743574008785505,0.0245833792599671,0.040924));
#10266=CARTESIAN_POINT('',(8.51446896698582E-5,0.000242839203851681,0.040924));
#10267=MECHANICAL_DESIGN_GEOMETRIC_PRESENTATION_REPRESENTATION('',(#5992),
#10268);
#10268=(
GEOMETRIC_REPRESENTATION_CONTEXT(3)
GLOBAL_UNCERTAINTY_ASSIGNED_CONTEXT((#10269))
GLOBAL_UNIT_ASSIGNED_CONTEXT((#10272,#10271,#10270))
REPRESENTATION_CONTEXT('Top Plate','TOP_LEVEL_ASSEMBLY_PART')
);
#10269=UNCERTAINTY_MEASURE_WITH_UNIT(LENGTH_MEASURE(2.E-5),#10272,
'DISTANCE_ACCURACY_VALUE','Maximum Tolerance applied to model');
#10270=(
NAMED_UNIT(*)
SI_UNIT($,.STERADIAN.)
SOLID_ANGLE_UNIT()
);
#10271=(
NAMED_UNIT(*)
PLANE_ANGLE_UNIT()
SI_UNIT($,.RADIAN.)
);
#10272=(
LENGTH_UNIT()
NAMED_UNIT(*)
SI_UNIT($,.METRE.)
);
#10273=PRODUCT_DEFINITION_SHAPE('','',#10274);
#10274=PRODUCT_DEFINITION('','',#10276,#10275);
#10275=PRODUCT_DEFINITION_CONTEXT('',#10282,'design');
#10276=PRODUCT_DEFINITION_FORMATION_WITH_SPECIFIED_SOURCE('','',#10278,
 .NOT_KNOWN.);
#10277=PRODUCT_RELATED_PRODUCT_CATEGORY('','',(#10278));
#10278=PRODUCT('Top Plate','Top Plate','Top Plate',(#10280));
#10279=PRODUCT_CATEGORY('','');
#10280=PRODUCT_CONTEXT('',#10282,'mechanical');
#10281=APPLICATION_PROTOCOL_DEFINITION('international standard',
'ap242_managed_model_based_3d_engineering',2020,#10282);
#10282=APPLICATION_CONTEXT('managed model based 3d engineering');
ENDSEC;
END-ISO-10303-21;
